sample_id,Observed,Shannon,Simpson,Pielou,sample_id_clean,sample_type,include_qc,include_biological_analysis,diet_code,diet_label,hydrolysate_percent,fishmeal_percent,timepoint_day,tank,fish,group,forward_raw,reverse_raw,forward_symlink,reverse_symlink,treatment,treatment_label,timepoint_label,pairs_processed,pairs_written,reads.out,merged,nonchim,raw_to_nonchim_pct,timepoint,hydro_group,diet_label_short,diet_time,tax_level
X1.1t30,12,2.02301594303902,0.825797548245916,0.814121505615357,Ctrl_D30_Tk1_F01,Intestine,yes,yes,Ctrl,control,0,30,30,1,1,Ctrl_D30,/home/dani/descartes_exp2/result_X204SC25103850-Z01-F001/01.RawData/X1.1t30/X1.1t30.raw_1.fastq.gz,/home/dani/descartes_exp2/result_X204SC25103850-Z01-F001/01.RawData/X1.1t30/X1.1t30.raw_2.fastq.gz,/home/dani/descartes_exp2/custom_dada2_preprocessing/data/raw_reads/by_sample/X1.1t30/X1.1t30.raw_1.fastq.gz,/home/dani/descartes_exp2/custom_dada2_preprocessing/data/raw_reads/by_sample/X1.1t30/X1.1t30.raw_2.fastq.gz,Ctrl,control,D30,69656,69656,64833,64786,55037,79.0125760882049,D30,Ctrl,Control,Ctrl_D30,ASV
X1.1t7,15,0.140398408400414,0.0399809504952403,0.0518448322498858,Ctrl_D07_Tk1_F01,Intestine,yes,yes,Ctrl,control,0,30,7,1,1,Ctrl_D07,/home/dani/descartes_exp2/result_X204SC25103850-Z01-F001/01.RawData/X1.1t7/X1.1t7.raw_1.fastq.gz,/home/dani/descartes_exp2/result_X204SC25103850-Z01-F001/01.RawData/X1.1t7/X1.1t7.raw_2.fastq.gz,/home/dani/descartes_exp2/custom_dada2_preprocessing/data/raw_reads/by_sample/X1.1t7/X1.1t7.raw_1.fastq.gz,/home/dani/descartes_exp2/custom_dada2_preprocessing/data/raw_reads/by_sample/X1.1t7/X1.1t7.raw_2.fastq.gz,Ctrl,control,D07,81909,81909,77144,70326,70309,85.837942106484,D07,Ctrl,Control,Ctrl_D07,ASV
X1.1t90,13,0.303802320394633,0.116182292095471,0.118443788962484,Ctrl_D90_Tk1_F01,Intestine,yes,yes,Ctrl,control,0,30,90,1,1,Ctrl_D90,/home/dani/descartes_exp2/result_X204SC25103850-Z01-F001/01.RawData/X1.1t90/X1.1t90.raw_1.fastq.gz,/home/dani/descartes_exp2/result_X204SC25103850-Z01-F001/01.RawData/X1.1t90/X1.1t90.raw_2.fastq.gz,/home/dani/descartes_exp2/custom_dada2_preprocessing/data/raw_reads/by_sample/X1.1t90/X1.1t90.raw_1.fastq.gz,/home/dani/descartes_exp2/custom_dada2_preprocessing/data/raw_reads/by_sample/X1.1t90/X1.1t90.raw_2.fastq.gz,Ctrl,control,D90,65837,65837,61410,61212,59048,89.6881692665219,D90,Ctrl,Control,Ctrl_D90,ASV
X1.2t30,11,1.34854863941062,0.704360785964751,0.562388464045324,Ctrl_D30_Tk1_F02,Intestine,yes,yes,Ctrl,control,0,30,30,1,2,Ctrl_D30,/home/dani/descartes_exp2/result_X204SC25103850-Z01-F001/01.RawData/X1.2t30/X1.2t30.raw_1.fastq.gz,/home/dani/descartes_exp2/result_X204SC25103850-Z01-F001/01.RawData/X1.2t30/X1.2t30.raw_2.fastq.gz,/home/dani/descartes_exp2/custom_dada2_preprocessing/data/raw_reads/by_sample/X1.2t30/X1.2t30.raw_1.fastq.gz,/home/dani/descartes_exp2/custom_dada2_preprocessing/data/raw_reads/by_sample/X1.2t30/X1.2t30.raw_2.fastq.gz,Ctrl,control,D30,75345,75345,69058,68914,66628,88.4305527904971,D30,Ctrl,Control,Ctrl_D30,ASV
X1.2t7,18,1.10009714002945,0.549543581250351,0.380607490031036,Ctrl_D07_Tk1_F02,Intestine,yes,yes,Ctrl,control,0,30,7,1,2,Ctrl_D07,/home/dani/descartes_exp2/result_X204SC25103850-Z01-F001/01.RawData/X1.2t7/X1.2t7.raw_1.fastq.gz,/home/dani/descartes_exp2/result_X204SC25103850-Z01-F001/01.RawData/X1.2t7/X1.2t7.raw_2.fastq.gz,/home/dani/descartes_exp2/custom_dada2_preprocessing/data/raw_reads/by_sample/X1.2t7/X1.2t7.raw_1.fastq.gz,/home/dani/descartes_exp2/custom_dada2_preprocessing/data/raw_reads/by_sample/X1.2t7/X1.2t7.raw_2.fastq.gz,Ctrl,control,D07,62125,62125,57018,52422,52196,84.0177062374246,D07,Ctrl,Control,Ctrl_D07,ASV
X1.2t90,13,1.318524636044,0.608423095997109,0.514054841748964,Ctrl_D90_Tk1_F02,Intestine,yes,yes,Ctrl,control,0,30,90,1,2,Ctrl_D90,/home/dani/descartes_exp2/result_X204SC25103850-Z01-F001/01.RawData/X1.2t90/X1.2t90.raw_1.fastq.gz,/home/dani/descartes_exp2/result_X204SC25103850-Z01-F001/01.RawData/X1.2t90/X1.2t90.raw_2.fastq.gz,/home/dani/descartes_exp2/custom_dada2_preprocessing/data/raw_reads/by_sample/X1.2t90/X1.2t90.raw_1.fastq.gz,/home/dani/descartes_exp2/custom_dada2_preprocessing/data/raw_reads/by_sample/X1.2t90/X1.2t90.raw_2.fastq.gz,Ctrl,control,D90,64382,64382,58856,58769,56124,87.1734335683887,D90,Ctrl,Control,Ctrl_D90,ASV
X1.3t30,16,1.31042124993524,0.596863156518126,0.472634559689273,Ctrl_D30_Tk1_F03,Intestine,yes,yes,Ctrl,control,0,30,30,1,3,Ctrl_D30,/home/dani/descartes_exp2/result_X204SC25103850-Z01-F001/01.RawData/X1.3t30/X1.3t30.raw_1.fastq.gz,/home/dani/descartes_exp2/result_X204SC25103850-Z01-F001/01.RawData/X1.3t30/X1.3t30.raw_2.fastq.gz,/home/dani/descartes_exp2/custom_dada2_preprocessing/data/raw_reads/by_sample/X1.3t30/X1.3t30.raw_1.fastq.gz,/home/dani/descartes_exp2/custom_dada2_preprocessing/data/raw_reads/by_sample/X1.3t30/X1.3t30.raw_2.fastq.gz,Ctrl,control,D30,63556,63556,57927,57688,57242,90.0654540877337,D30,Ctrl,Control,Ctrl_D30,ASV
X1.3t7,86,3.48041300891927,0.93759143367539,0.781351964146712,Ctrl_D07_Tk1_F03,Intestine,yes,yes,Ctrl,control,0,30,7,1,3,Ctrl_D07,/home/dani/descartes_exp2/result_X204SC25103850-Z01-F001/01.RawData/X1.3t7/X1.3t7.raw_1.fastq.gz,/home/dani/descartes_exp2/result_X204SC25103850-Z01-F001/01.RawData/X1.3t7/X1.3t7.raw_2.fastq.gz,/home/dani/descartes_exp2/custom_dada2_preprocessing/data/raw_reads/by_sample/X1.3t7/X1.3t7.raw_1.fastq.gz,/home/dani/descartes_exp2/custom_dada2_preprocessing/data/raw_reads/by_sample/X1.3t7/X1.3t7.raw_2.fastq.gz,Ctrl,control,D07,63569,63569,56825,54233,49561,77.9641019994022,D07,Ctrl,Control,Ctrl_D07,ASV
X1.3t90,7,0.0264418363186086,0.00638145591678796,0.0135884158533452,Ctrl_D90_Tk1_F03,Intestine,yes,yes,Ctrl,control,0,30,90,1,3,Ctrl_D90,/home/dani/descartes_exp2/result_X204SC25103850-Z01-F001/01.RawData/X1.3t90/X1.3t90.raw_1.fastq.gz,/home/dani/descartes_exp2/result_X204SC25103850-Z01-F001/01.RawData/X1.3t90/X1.3t90.raw_2.fastq.gz,/home/dani/descartes_exp2/custom_dada2_preprocessing/data/raw_reads/by_sample/X1.3t90/X1.3t90.raw_1.fastq.gz,/home/dani/descartes_exp2/custom_dada2_preprocessing/data/raw_reads/by_sample/X1.3t90/X1.3t90.raw_2.fastq.gz,Ctrl,control,D90,63635,63635,58439,58305,57396,90.1956470495796,D90,Ctrl,Control,Ctrl_D90,ASV
X1.4t30,15,1.55989442244071,0.677560250657149,0.576021235428284,Ctrl_D30_Tk1_F04,Intestine,yes,yes,Ctrl,control,0,30,30,1,4,Ctrl_D30,/home/dani/descartes_exp2/result_X204SC25103850-Z01-F001/01.RawData/X1.4t30/X1.4t30.raw_1.fastq.gz,/home/dani/descartes_exp2/result_X204SC25103850-Z01-F001/01.RawData/X1.4t30/X1.4t30.raw_2.fastq.gz,/home/dani/descartes_exp2/custom_dada2_preprocessing/data/raw_reads/by_sample/X1.4t30/X1.4t30.raw_1.fastq.gz,/home/dani/descartes_exp2/custom_dada2_preprocessing/data/raw_reads/by_sample/X1.4t30/X1.4t30.raw_2.fastq.gz,Ctrl,control,D30,65358,65358,60625,60535,52099,79.7132715199363,D30,Ctrl,Control,Ctrl_D30,ASV
X1.4t7,46,1.41661369381528,0.426412472739603,0.370004277526311,Ctrl_D07_Tk1_F04,Intestine,yes,yes,Ctrl,control,0,30,7,1,4,Ctrl_D07,/home/dani/descartes_exp2/result_X204SC25103850-Z01-F001/01.RawData/X1.4t7/X1.4t7.raw_1.fastq.gz,/home/dani/descartes_exp2/result_X204SC25103850-Z01-F001/01.RawData/X1.4t7/X1.4t7.raw_2.fastq.gz,/home/dani/descartes_exp2/custom_dada2_preprocessing/data/raw_reads/by_sample/X1.4t7/X1.4t7.raw_1.fastq.gz,/home/dani/descartes_exp2/custom_dada2_preprocessing/data/raw_reads/by_sample/X1.4t7/X1.4t7.raw_2.fastq.gz,Ctrl,control,D07,76027,76027,68881,67564,65525,86.1864863798387,D07,Ctrl,Control,Ctrl_D07,ASV
X1.4t90,16,1.5832757683134,0.715386677082981,0.57104602482635,Ctrl_D90_Tk1_F04,Intestine,yes,yes,Ctrl,control,0,30,90,1,4,Ctrl_D90,/home/dani/descartes_exp2/result_X204SC25103850-Z01-F001/01.RawData/X1.4t90/X1.4t90.raw_1.fastq.gz,/home/dani/descartes_exp2/result_X204SC25103850-Z01-F001/01.RawData/X1.4t90/X1.4t90.raw_2.fastq.gz,/home/dani/descartes_exp2/custom_dada2_preprocessing/data/raw_reads/by_sample/X1.4t90/X1.4t90.raw_1.fastq.gz,/home/dani/descartes_exp2/custom_dada2_preprocessing/data/raw_reads/by_sample/X1.4t90/X1.4t90.raw_2.fastq.gz,Ctrl,control,D90,65964,65964,59942,59779,57543,87.233945788612,D90,Ctrl,Control,Ctrl_D90,ASV
X1.5t30,16,1.49119890264575,0.67003966804061,0.537836315456521,Ctrl_D30_Tk1_F05,Intestine,yes,yes,Ctrl,control,0,30,30,1,5,Ctrl_D30,/home/dani/descartes_exp2/result_X204SC25103850-Z01-F001/01.RawData/X1.5t30/X1.5t30.raw_1.fastq.gz,/home/dani/descartes_exp2/result_X204SC25103850-Z01-F001/01.RawData/X1.5t30/X1.5t30.raw_2.fastq.gz,/home/dani/descartes_exp2/custom_dada2_preprocessing/data/raw_reads/by_sample/X1.5t30/X1.5t30.raw_1.fastq.gz,/home/dani/descartes_exp2/custom_dada2_preprocessing/data/raw_reads/by_sample/X1.5t30/X1.5t30.raw_2.fastq.gz,Ctrl,control,D30,78607,78607,72906,72437,71077,90.4207004465251,D30,Ctrl,Control,Ctrl_D30,ASV
X1.5t7,64,2.86887399085097,0.819940238597898,0.689818379922672,Ctrl_D07_Tk1_F05,Intestine,yes,yes,Ctrl,control,0,30,7,1,5,Ctrl_D07,/home/dani/descartes_exp2/result_X204SC25103850-Z01-F001/01.RawData/X1.5t7/X1.5t7.raw_1.fastq.gz,/home/dani/descartes_exp2/result_X204SC25103850-Z01-F001/01.RawData/X1.5t7/X1.5t7.raw_2.fastq.gz,/home/dani/descartes_exp2/custom_dada2_preprocessing/data/raw_reads/by_sample/X1.5t7/X1.5t7.raw_1.fastq.gz,/home/dani/descartes_exp2/custom_dada2_preprocessing/data/raw_reads/by_sample/X1.5t7/X1.5t7.raw_2.fastq.gz,Ctrl,control,D07,66218,66218,59708,57357,56215,84.8938355130025,D07,Ctrl,Control,Ctrl_D07,ASV
X1.5t90,10,1.48566601658139,0.725235399608076,0.645216552952482,Ctrl_D90_Tk1_F05,Intestine,yes,yes,Ctrl,control,0,30,90,1,5,Ctrl_D90,/home/dani/descartes_exp2/result_X204SC25103850-Z01-F001/01.RawData/X1.5t90/X1.5t90.raw_1.fastq.gz,/home/dani/descartes_exp2/result_X204SC25103850-Z01-F001/01.RawData/X1.5t90/X1.5t90.raw_2.fastq.gz,/home/dani/descartes_exp2/custom_dada2_preprocessing/data/raw_reads/by_sample/X1.5t90/X1.5t90.raw_1.fastq.gz,/home/dani/descartes_exp2/custom_dada2_preprocessing/data/raw_reads/by_sample/X1.5t90/X1.5t90.raw_2.fastq.gz,Ctrl,control,D90,64173,64173,59591,59366,56855,88.5964502204977,D90,Ctrl,Control,Ctrl_D90,ASV
X2.1t30,25,1.76627330802048,0.711515842067575,0.548723655126646,Ctrl_D30_Tk2_F01,Intestine,yes,yes,Ctrl,control,0,30,30,2,1,Ctrl_D30,/home/dani/descartes_exp2/result_X204SC25103850-Z01-F001/01.RawData/X2.1t30/X2.1t30.raw_1.fastq.gz,/home/dani/descartes_exp2/result_X204SC25103850-Z01-F001/01.RawData/X2.1t30/X2.1t30.raw_2.fastq.gz,/home/dani/descartes_exp2/custom_dada2_preprocessing/data/raw_reads/by_sample/X2.1t30/X2.1t30.raw_1.fastq.gz,/home/dani/descartes_exp2/custom_dada2_preprocessing/data/raw_reads/by_sample/X2.1t30/X2.1t30.raw_2.fastq.gz,Ctrl,control,D30,64301,64301,59077,58925,53953,83.9069376837063,D30,Ctrl,Control,Ctrl_D30,ASV
X2.1t7,78,2.77119038267238,0.848839962282903,0.636074269112459,Ctrl_D07_Tk2_F01,Intestine,yes,yes,Ctrl,control,0,30,7,2,1,Ctrl_D07,/home/dani/descartes_exp2/result_X204SC25103850-Z01-F001/01.RawData/X2.1t7/X2.1t7.raw_1.fastq.gz,/home/dani/descartes_exp2/result_X204SC25103850-Z01-F001/01.RawData/X2.1t7/X2.1t7.raw_2.fastq.gz,/home/dani/descartes_exp2/custom_dada2_preprocessing/data/raw_reads/by_sample/X2.1t7/X2.1t7.raw_1.fastq.gz,/home/dani/descartes_exp2/custom_dada2_preprocessing/data/raw_reads/by_sample/X2.1t7/X2.1t7.raw_2.fastq.gz,Ctrl,control,D07,62030,62030,54110,46426,43573,70.2450427212639,D07,Ctrl,Control,Ctrl_D07,ASV
X2.1t90,9,0.388132498994083,0.176152039406424,0.176646712856558,Ctrl_D90_Tk2_F01,Intestine,yes,yes,Ctrl,control,0,30,90,2,1,Ctrl_D90,/home/dani/descartes_exp2/result_X204SC25103850-Z01-F001/01.RawData/X2.1t90/X2.1t90.raw_1.fastq.gz,/home/dani/descartes_exp2/result_X204SC25103850-Z01-F001/01.RawData/X2.1t90/X2.1t90.raw_2.fastq.gz,/home/dani/descartes_exp2/custom_dada2_preprocessing/data/raw_reads/by_sample/X2.1t90/X2.1t90.raw_1.fastq.gz,/home/dani/descartes_exp2/custom_dada2_preprocessing/data/raw_reads/by_sample/X2.1t90/X2.1t90.raw_2.fastq.gz,Ctrl,control,D90,63727,63727,59564,59477,57773,90.6570213567248,D90,Ctrl,Control,Ctrl_D90,ASV
X2.2t30,8,1.2331848175591,0.609016225827339,0.593036540264024,Ctrl_D30_Tk2_F02,Intestine,yes,yes,Ctrl,control,0,30,30,2,2,Ctrl_D30,/home/dani/descartes_exp2/result_X204SC25103850-Z01-F001/01.RawData/X2.2t30/X2.2t30.raw_1.fastq.gz,/home/dani/descartes_exp2/result_X204SC25103850-Z01-F001/01.RawData/X2.2t30/X2.2t30.raw_2.fastq.gz,/home/dani/descartes_exp2/custom_dada2_preprocessing/data/raw_reads/by_sample/X2.2t30/X2.2t30.raw_1.fastq.gz,/home/dani/descartes_exp2/custom_dada2_preprocessing/data/raw_reads/by_sample/X2.2t30/X2.2t30.raw_2.fastq.gz,Ctrl,control,D30,62029,62029,55250,55199,54720,88.2168018185043,D30,Ctrl,Control,Ctrl_D30,ASV
X2.2t7,10,1.32910964023826,0.621577870077378,0.577224982599894,Ctrl_D07_Tk2_F02,Intestine,yes,yes,Ctrl,control,0,30,7,2,2,Ctrl_D07,/home/dani/descartes_exp2/result_X204SC25103850-Z01-F001/01.RawData/X2.2t7/X2.2t7.raw_1.fastq.gz,/home/dani/descartes_exp2/result_X204SC25103850-Z01-F001/01.RawData/X2.2t7/X2.2t7.raw_2.fastq.gz,/home/dani/descartes_exp2/custom_dada2_preprocessing/data/raw_reads/by_sample/X2.2t7/X2.2t7.raw_1.fastq.gz,/home/dani/descartes_exp2/custom_dada2_preprocessing/data/raw_reads/by_sample/X2.2t7/X2.2t7.raw_2.fastq.gz,Ctrl,control,D07,65290,65290,60049,60007,57825,88.566396079032,D07,Ctrl,Control,Ctrl_D07,ASV
X2.2t90,13,1.18551565368979,0.557474355098661,0.462198464168925,Ctrl_D90_Tk2_F02,Intestine,yes,yes,Ctrl,control,0,30,90,2,2,Ctrl_D90,/home/dani/descartes_exp2/result_X204SC25103850-Z01-F001/01.RawData/X2.2t90/X2.2t90.raw_1.fastq.gz,/home/dani/descartes_exp2/result_X204SC25103850-Z01-F001/01.RawData/X2.2t90/X2.2t90.raw_2.fastq.gz,/home/dani/descartes_exp2/custom_dada2_preprocessing/data/raw_reads/by_sample/X2.2t90/X2.2t90.raw_1.fastq.gz,/home/dani/descartes_exp2/custom_dada2_preprocessing/data/raw_reads/by_sample/X2.2t90/X2.2t90.raw_2.fastq.gz,Ctrl,control,D90,47463,47463,44008,43494,42420,89.3748814866317,D90,Ctrl,Control,Ctrl_D90,ASV
X2.3t30,19,1.26258043039047,0.586157960160795,0.428801696799946,Ctrl_D30_Tk2_F03,Intestine,yes,yes,Ctrl,control,0,30,30,2,3,Ctrl_D30,/home/dani/descartes_exp2/result_X204SC25103850-Z01-F001/01.RawData/X2.3t30/X2.3t30.raw_1.fastq.gz,/home/dani/descartes_exp2/result_X204SC25103850-Z01-F001/01.RawData/X2.3t30/X2.3t30.raw_2.fastq.gz,/home/dani/descartes_exp2/custom_dada2_preprocessing/data/raw_reads/by_sample/X2.3t30/X2.3t30.raw_1.fastq.gz,/home/dani/descartes_exp2/custom_dada2_preprocessing/data/raw_reads/by_sample/X2.3t30/X2.3t30.raw_2.fastq.gz,Ctrl,control,D30,65270,65270,59527,59314,58075,88.9765589091466,D30,Ctrl,Control,Ctrl_D30,ASV
X2.3t7,13,1.38217065900926,0.660778269850625,0.538868595977723,Ctrl_D07_Tk2_F03,Intestine,yes,yes,Ctrl,control,0,30,7,2,3,Ctrl_D07,/home/dani/descartes_exp2/result_X204SC25103850-Z01-F001/01.RawData/X2.3t7/X2.3t7.raw_1.fastq.gz,/home/dani/descartes_exp2/result_X204SC25103850-Z01-F001/01.RawData/X2.3t7/X2.3t7.raw_2.fastq.gz,/home/dani/descartes_exp2/custom_dada2_preprocessing/data/raw_reads/by_sample/X2.3t7/X2.3t7.raw_1.fastq.gz,/home/dani/descartes_exp2/custom_dada2_preprocessing/data/raw_reads/by_sample/X2.3t7/X2.3t7.raw_2.fastq.gz,Ctrl,control,D07,63348,63348,58787,58697,56945,89.8923407210962,D07,Ctrl,Control,Ctrl_D07,ASV
X2.3t90,11,0.874423392449215,0.417057846607188,0.364662878470398,Ctrl_D90_Tk2_F03,Intestine,yes,yes,Ctrl,control,0,30,90,2,3,Ctrl_D90,/home/dani/descartes_exp2/result_X204SC25103850-Z01-F001/01.RawData/X2.3t90/X2.3t90.raw_1.fastq.gz,/home/dani/descartes_exp2/result_X204SC25103850-Z01-F001/01.RawData/X2.3t90/X2.3t90.raw_2.fastq.gz,/home/dani/descartes_exp2/custom_dada2_preprocessing/data/raw_reads/by_sample/X2.3t90/X2.3t90.raw_1.fastq.gz,/home/dani/descartes_exp2/custom_dada2_preprocessing/data/raw_reads/by_sample/X2.3t90/X2.3t90.raw_2.fastq.gz,Ctrl,control,D90,60140,60140,55623,55503,53666,89.235118057865,D90,Ctrl,Control,Ctrl_D90,ASV
X2.4t30,7,1.19426601331175,0.60979211246294,0.613731324589441,Ctrl_D30_Tk2_F04,Intestine,yes,yes,Ctrl,control,0,30,30,2,4,Ctrl_D30,/home/dani/descartes_exp2/result_X204SC25103850-Z01-F001/01.RawData/X2.4t30/X2.4t30.raw_1.fastq.gz,/home/dani/descartes_exp2/result_X204SC25103850-Z01-F001/01.RawData/X2.4t30/X2.4t30.raw_2.fastq.gz,/home/dani/descartes_exp2/custom_dada2_preprocessing/data/raw_reads/by_sample/X2.4t30/X2.4t30.raw_1.fastq.gz,/home/dani/descartes_exp2/custom_dada2_preprocessing/data/raw_reads/by_sample/X2.4t30/X2.4t30.raw_2.fastq.gz,Ctrl,control,D30,65068,65068,58373,58286,57890,88.9684637609885,D30,Ctrl,Control,Ctrl_D30,ASV
X2.4t7,52,1.68061736131392,0.543675831181144,0.425338825193323,Ctrl_D07_Tk2_F04,Intestine,yes,yes,Ctrl,control,0,30,7,2,4,Ctrl_D07,/home/dani/descartes_exp2/result_X204SC25103850-Z01-F001/01.RawData/X2.4t7/X2.4t7.raw_1.fastq.gz,/home/dani/descartes_exp2/result_X204SC25103850-Z01-F001/01.RawData/X2.4t7/X2.4t7.raw_2.fastq.gz,/home/dani/descartes_exp2/custom_dada2_preprocessing/data/raw_reads/by_sample/X2.4t7/X2.4t7.raw_1.fastq.gz,/home/dani/descartes_exp2/custom_dada2_preprocessing/data/raw_reads/by_sample/X2.4t7/X2.4t7.raw_2.fastq.gz,Ctrl,control,D07,79128,79128,72511,64535,63680,80.4772014963098,D07,Ctrl,Control,Ctrl_D07,ASV
X2.4t90,10,0.0245501777259394,0.00585473712528961,0.0106620067161196,Ctrl_D90_Tk2_F04,Intestine,yes,yes,Ctrl,control,0,30,90,2,4,Ctrl_D90,/home/dani/descartes_exp2/result_X204SC25103850-Z01-F001/01.RawData/X2.4t90/X2.4t90.raw_1.fastq.gz,/home/dani/descartes_exp2/result_X204SC25103850-Z01-F001/01.RawData/X2.4t90/X2.4t90.raw_2.fastq.gz,/home/dani/descartes_exp2/custom_dada2_preprocessing/data/raw_reads/by_sample/X2.4t90/X2.4t90.raw_1.fastq.gz,/home/dani/descartes_exp2/custom_dada2_preprocessing/data/raw_reads/by_sample/X2.4t90/X2.4t90.raw_2.fastq.gz,Ctrl,control,D90,83523,83523,79340,79231,79207,94.832561090957,D90,Ctrl,Control,Ctrl_D90,ASV
X2.5t30,10,1.24446915819643,0.606012393329395,0.540466088303494,Ctrl_D30_Tk2_F05,Intestine,yes,yes,Ctrl,control,0,30,30,2,5,Ctrl_D30,/home/dani/descartes_exp2/result_X204SC25103850-Z01-F001/01.RawData/X2.5t30/X2.5t30.raw_1.fastq.gz,/home/dani/descartes_exp2/result_X204SC25103850-Z01-F001/01.RawData/X2.5t30/X2.5t30.raw_2.fastq.gz,/home/dani/descartes_exp2/custom_dada2_preprocessing/data/raw_reads/by_sample/X2.5t30/X2.5t30.raw_1.fastq.gz,/home/dani/descartes_exp2/custom_dada2_preprocessing/data/raw_reads/by_sample/X2.5t30/X2.5t30.raw_2.fastq.gz,Ctrl,control,D30,63981,63981,58343,58293,57897,90.4909269939513,D30,Ctrl,Control,Ctrl_D30,ASV
X2.5t7,15,1.21649321720431,0.596568939676137,0.449213687659548,Ctrl_D07_Tk2_F05,Intestine,yes,yes,Ctrl,control,0,30,7,2,5,Ctrl_D07,/home/dani/descartes_exp2/result_X204SC25103850-Z01-F001/01.RawData/X2.5t7/X2.5t7.raw_1.fastq.gz,/home/dani/descartes_exp2/result_X204SC25103850-Z01-F001/01.RawData/X2.5t7/X2.5t7.raw_2.fastq.gz,/home/dani/descartes_exp2/custom_dada2_preprocessing/data/raw_reads/by_sample/X2.5t7/X2.5t7.raw_1.fastq.gz,/home/dani/descartes_exp2/custom_dada2_preprocessing/data/raw_reads/by_sample/X2.5t7/X2.5t7.raw_2.fastq.gz,Ctrl,control,D07,65788,65788,59504,59134,58859,89.4676840761233,D07,Ctrl,Control,Ctrl_D07,ASV
X2.5t90,12,0.121997020434462,0.0376710503247019,0.0490952126692044,Ctrl_D90_Tk2_F05,Intestine,yes,yes,Ctrl,control,0,30,90,2,5,Ctrl_D90,/home/dani/descartes_exp2/result_X204SC25103850-Z01-F001/01.RawData/X2.5t90/X2.5t90.raw_1.fastq.gz,/home/dani/descartes_exp2/result_X204SC25103850-Z01-F001/01.RawData/X2.5t90/X2.5t90.raw_2.fastq.gz,/home/dani/descartes_exp2/custom_dada2_preprocessing/data/raw_reads/by_sample/X2.5t90/X2.5t90.raw_1.fastq.gz,/home/dani/descartes_exp2/custom_dada2_preprocessing/data/raw_reads/by_sample/X2.5t90/X2.5t90.raw_2.fastq.gz,Ctrl,control,D90,31070,31070,28762,28661,28644,92.1918249114902,D90,Ctrl,Control,Ctrl_D90,ASV
X3.1t30,39,2.39377120595272,0.859996733882862,0.653400007198352,Ctrl_D30_Tk3_F01,Intestine,yes,yes,Ctrl,control,0,30,30,3,1,Ctrl_D30,/home/dani/descartes_exp2/result_X204SC25103850-Z01-F001/01.RawData/X3.1t30/X3.1t30.raw_1.fastq.gz,/home/dani/descartes_exp2/result_X204SC25103850-Z01-F001/01.RawData/X3.1t30/X3.1t30.raw_2.fastq.gz,/home/dani/descartes_exp2/custom_dada2_preprocessing/data/raw_reads/by_sample/X3.1t30/X3.1t30.raw_1.fastq.gz,/home/dani/descartes_exp2/custom_dada2_preprocessing/data/raw_reads/by_sample/X3.1t30/X3.1t30.raw_2.fastq.gz,Ctrl,control,D30,69434,69434,63060,62100,60633,87.3246536279056,D30,Ctrl,Control,Ctrl_D30,ASV
X3.1t7,82,2.77183292757137,0.844465746450931,0.629001479795238,Ctrl_D07_Tk3_F01,Intestine,yes,yes,Ctrl,control,0,30,7,3,1,Ctrl_D07,/home/dani/descartes_exp2/result_X204SC25103850-Z01-F001/01.RawData/X3.1t7/X3.1t7.raw_1.fastq.gz,/home/dani/descartes_exp2/result_X204SC25103850-Z01-F001/01.RawData/X3.1t7/X3.1t7.raw_2.fastq.gz,/home/dani/descartes_exp2/custom_dada2_preprocessing/data/raw_reads/by_sample/X3.1t7/X3.1t7.raw_1.fastq.gz,/home/dani/descartes_exp2/custom_dada2_preprocessing/data/raw_reads/by_sample/X3.1t7/X3.1t7.raw_2.fastq.gz,Ctrl,control,D07,62299,62299,55044,47055,35698,57.3010802741617,D07,Ctrl,Control,Ctrl_D07,ASV
X3.1t90,30,0.52649047973407,0.180747657180366,0.154795626555721,Ctrl_D90_Tk3_F01,Intestine,yes,yes,Ctrl,control,0,30,90,3,1,Ctrl_D90,/home/dani/descartes_exp2/result_X204SC25103850-Z01-F001/01.RawData/X3.1t90/X3.1t90.raw_1.fastq.gz,/home/dani/descartes_exp2/result_X204SC25103850-Z01-F001/01.RawData/X3.1t90/X3.1t90.raw_2.fastq.gz,/home/dani/descartes_exp2/custom_dada2_preprocessing/data/raw_reads/by_sample/X3.1t90/X3.1t90.raw_1.fastq.gz,/home/dani/descartes_exp2/custom_dada2_preprocessing/data/raw_reads/by_sample/X3.1t90/X3.1t90.raw_2.fastq.gz,Ctrl,control,D90,43001,43001,39579,39190,39087,90.8978860956722,D90,Ctrl,Control,Ctrl_D90,ASV
X3.2t30,15,1.602413540047,0.693010904757764,0.5917222433302,Ctrl_D30_Tk3_F02,Intestine,yes,yes,Ctrl,control,0,30,30,3,2,Ctrl_D30,/home/dani/descartes_exp2/result_X204SC25103850-Z01-F001/01.RawData/X3.2t30/X3.2t30.raw_1.fastq.gz,/home/dani/descartes_exp2/result_X204SC25103850-Z01-F001/01.RawData/X3.2t30/X3.2t30.raw_2.fastq.gz,/home/dani/descartes_exp2/custom_dada2_preprocessing/data/raw_reads/by_sample/X3.2t30/X3.2t30.raw_1.fastq.gz,/home/dani/descartes_exp2/custom_dada2_preprocessing/data/raw_reads/by_sample/X3.2t30/X3.2t30.raw_2.fastq.gz,Ctrl,control,D30,64707,64707,58642,58576,48950,75.6486933407514,D30,Ctrl,Control,Ctrl_D30,ASV
X3.2t7,92,2.92738030188839,0.89617270870313,0.647394333460594,Ctrl_D07_Tk3_F02,Intestine,yes,yes,Ctrl,control,0,30,7,3,2,Ctrl_D07,/home/dani/descartes_exp2/result_X204SC25103850-Z01-F001/01.RawData/X3.2t7/X3.2t7.raw_1.fastq.gz,/home/dani/descartes_exp2/result_X204SC25103850-Z01-F001/01.RawData/X3.2t7/X3.2t7.raw_2.fastq.gz,/home/dani/descartes_exp2/custom_dada2_preprocessing/data/raw_reads/by_sample/X3.2t7/X3.2t7.raw_1.fastq.gz,/home/dani/descartes_exp2/custom_dada2_preprocessing/data/raw_reads/by_sample/X3.2t7/X3.2t7.raw_2.fastq.gz,Ctrl,control,D07,65614,65614,58277,53220,45721,69.6817752308959,D07,Ctrl,Control,Ctrl_D07,ASV
X3.2t90,11,1.52317353268801,0.693626581970952,0.635212700890997,Ctrl_D90_Tk3_F02,Intestine,yes,yes,Ctrl,control,0,30,90,3,2,Ctrl_D90,/home/dani/descartes_exp2/result_X204SC25103850-Z01-F001/01.RawData/X3.2t90/X3.2t90.raw_1.fastq.gz,/home/dani/descartes_exp2/result_X204SC25103850-Z01-F001/01.RawData/X3.2t90/X3.2t90.raw_2.fastq.gz,/home/dani/descartes_exp2/custom_dada2_preprocessing/data/raw_reads/by_sample/X3.2t90/X3.2t90.raw_1.fastq.gz,/home/dani/descartes_exp2/custom_dada2_preprocessing/data/raw_reads/by_sample/X3.2t90/X3.2t90.raw_2.fastq.gz,Ctrl,control,D90,34388,34388,32143,31849,30262,88.0016284750494,D90,Ctrl,Control,Ctrl_D90,ASV
X3.3t30,19,0.700122149362255,0.282255885846985,0.237777775092645,Ctrl_D30_Tk3_F03,Intestine,yes,yes,Ctrl,control,0,30,30,3,3,Ctrl_D30,/home/dani/descartes_exp2/result_X204SC25103850-Z01-F001/01.RawData/X3.3t30/X3.3t30.raw_1.fastq.gz,/home/dani/descartes_exp2/result_X204SC25103850-Z01-F001/01.RawData/X3.3t30/X3.3t30.raw_2.fastq.gz,/home/dani/descartes_exp2/custom_dada2_preprocessing/data/raw_reads/by_sample/X3.3t30/X3.3t30.raw_1.fastq.gz,/home/dani/descartes_exp2/custom_dada2_preprocessing/data/raw_reads/by_sample/X3.3t30/X3.3t30.raw_2.fastq.gz,Ctrl,control,D30,77303,77303,69847,69266,68941,89.182826022276,D30,Ctrl,Control,Ctrl_D30,ASV
X3.3t7,85,2.83375265986595,0.849525348873865,0.637851700766763,Ctrl_D07_Tk3_F03,Intestine,yes,yes,Ctrl,control,0,30,7,3,3,Ctrl_D07,/home/dani/descartes_exp2/result_X204SC25103850-Z01-F001/01.RawData/X3.3t7/X3.3t7.raw_1.fastq.gz,/home/dani/descartes_exp2/result_X204SC25103850-Z01-F001/01.RawData/X3.3t7/X3.3t7.raw_2.fastq.gz,/home/dani/descartes_exp2/custom_dada2_preprocessing/data/raw_reads/by_sample/X3.3t7/X3.3t7.raw_1.fastq.gz,/home/dani/descartes_exp2/custom_dada2_preprocessing/data/raw_reads/by_sample/X3.3t7/X3.3t7.raw_2.fastq.gz,Ctrl,control,D07,66010,66010,56178,50575,38883,58.9047114073625,D07,Ctrl,Control,Ctrl_D07,ASV
X3.3t90,20,0.260757892223651,0.109439289855358,0.0870431228202848,Ctrl_D90_Tk3_F03,Intestine,yes,yes,Ctrl,control,0,30,90,3,3,Ctrl_D90,/home/dani/descartes_exp2/result_X204SC25103850-Z01-F001/01.RawData/X3.3t90/X3.3t90.raw_1.fastq.gz,/home/dani/descartes_exp2/result_X204SC25103850-Z01-F001/01.RawData/X3.3t90/X3.3t90.raw_2.fastq.gz,/home/dani/descartes_exp2/custom_dada2_preprocessing/data/raw_reads/by_sample/X3.3t90/X3.3t90.raw_1.fastq.gz,/home/dani/descartes_exp2/custom_dada2_preprocessing/data/raw_reads/by_sample/X3.3t90/X3.3t90.raw_2.fastq.gz,Ctrl,control,D90,84403,84403,80062,79582,78950,93.5393291707641,D90,Ctrl,Control,Ctrl_D90,ASV
X3.4t30,16,0.956823296565472,0.379521341503263,0.345101056240509,Ctrl_D30_Tk3_F04,Intestine,yes,yes,Ctrl,control,0,30,30,3,4,Ctrl_D30,/home/dani/descartes_exp2/result_X204SC25103850-Z01-F001/01.RawData/X3.4t30/X3.4t30.raw_1.fastq.gz,/home/dani/descartes_exp2/result_X204SC25103850-Z01-F001/01.RawData/X3.4t30/X3.4t30.raw_2.fastq.gz,/home/dani/descartes_exp2/custom_dada2_preprocessing/data/raw_reads/by_sample/X3.4t30/X3.4t30.raw_1.fastq.gz,/home/dani/descartes_exp2/custom_dada2_preprocessing/data/raw_reads/by_sample/X3.4t30/X3.4t30.raw_2.fastq.gz,Ctrl,control,D30,64628,64628,58799,58618,57102,88.3548926162035,D30,Ctrl,Control,Ctrl_D30,ASV
X3.4t7,86,2.48456520372689,0.798336538426933,0.557784348296467,Ctrl_D07_Tk3_F04,Intestine,yes,yes,Ctrl,control,0,30,7,3,4,Ctrl_D07,/home/dani/descartes_exp2/result_X204SC25103850-Z01-F001/01.RawData/X3.4t7/X3.4t7.raw_1.fastq.gz,/home/dani/descartes_exp2/result_X204SC25103850-Z01-F001/01.RawData/X3.4t7/X3.4t7.raw_2.fastq.gz,/home/dani/descartes_exp2/custom_dada2_preprocessing/data/raw_reads/by_sample/X3.4t7/X3.4t7.raw_1.fastq.gz,/home/dani/descartes_exp2/custom_dada2_preprocessing/data/raw_reads/by_sample/X3.4t7/X3.4t7.raw_2.fastq.gz,Ctrl,control,D07,73099,73099,61118,57176,48772,66.7204749722978,D07,Ctrl,Control,Ctrl_D07,ASV
X3.4t90,8,1.31420877404908,0.642573731214285,0.63200082700446,Ctrl_D90_Tk3_F04,Intestine,yes,yes,Ctrl,control,0,30,90,3,4,Ctrl_D90,/home/dani/descartes_exp2/result_X204SC25103850-Z01-F001/01.RawData/X3.4t90/X3.4t90.raw_1.fastq.gz,/home/dani/descartes_exp2/result_X204SC25103850-Z01-F001/01.RawData/X3.4t90/X3.4t90.raw_2.fastq.gz,/home/dani/descartes_exp2/custom_dada2_preprocessing/data/raw_reads/by_sample/X3.4t90/X3.4t90.raw_1.fastq.gz,/home/dani/descartes_exp2/custom_dada2_preprocessing/data/raw_reads/by_sample/X3.4t90/X3.4t90.raw_2.fastq.gz,Ctrl,control,D90,79050,79050,72950,72841,70034,88.5945604048071,D90,Ctrl,Control,Ctrl_D90,ASV
X3.5t30,13,1.53081084512362,0.741478874149051,0.596819130432511,Ctrl_D30_Tk3_F05,Intestine,yes,yes,Ctrl,control,0,30,30,3,5,Ctrl_D30,/home/dani/descartes_exp2/result_X204SC25103850-Z01-F001/01.RawData/X3.5t30/X3.5t30.raw_1.fastq.gz,/home/dani/descartes_exp2/result_X204SC25103850-Z01-F001/01.RawData/X3.5t30/X3.5t30.raw_2.fastq.gz,/home/dani/descartes_exp2/custom_dada2_preprocessing/data/raw_reads/by_sample/X3.5t30/X3.5t30.raw_1.fastq.gz,/home/dani/descartes_exp2/custom_dada2_preprocessing/data/raw_reads/by_sample/X3.5t30/X3.5t30.raw_2.fastq.gz,Ctrl,control,D30,63142,63142,57632,57494,54847,86.8629438408666,D30,Ctrl,Control,Ctrl_D30,ASV
X3.5t7,10,0.302851057321237,0.126701914824059,0.131526543033179,Ctrl_D07_Tk3_F05,Intestine,yes,yes,Ctrl,control,0,30,7,3,5,Ctrl_D07,/home/dani/descartes_exp2/result_X204SC25103850-Z01-F001/01.RawData/X3.5t7/X3.5t7.raw_1.fastq.gz,/home/dani/descartes_exp2/result_X204SC25103850-Z01-F001/01.RawData/X3.5t7/X3.5t7.raw_2.fastq.gz,/home/dani/descartes_exp2/custom_dada2_preprocessing/data/raw_reads/by_sample/X3.5t7/X3.5t7.raw_1.fastq.gz,/home/dani/descartes_exp2/custom_dada2_preprocessing/data/raw_reads/by_sample/X3.5t7/X3.5t7.raw_2.fastq.gz,Ctrl,control,D07,64719,64719,60580,59099,53675,82.9354594477665,D07,Ctrl,Control,Ctrl_D07,ASV
X3.5t90,14,1.32096946394994,0.669499120164357,0.500545952195179,Ctrl_D90_Tk3_F05,Intestine,yes,yes,Ctrl,control,0,30,90,3,5,Ctrl_D90,/home/dani/descartes_exp2/result_X204SC25103850-Z01-F001/01.RawData/X3.5t90/X3.5t90.raw_1.fastq.gz,/home/dani/descartes_exp2/result_X204SC25103850-Z01-F001/01.RawData/X3.5t90/X3.5t90.raw_2.fastq.gz,/home/dani/descartes_exp2/custom_dada2_preprocessing/data/raw_reads/by_sample/X3.5t90/X3.5t90.raw_1.fastq.gz,/home/dani/descartes_exp2/custom_dada2_preprocessing/data/raw_reads/by_sample/X3.5t90/X3.5t90.raw_2.fastq.gz,Ctrl,control,D90,65591,65591,61466,61333,59852,91.250323977375,D90,Ctrl,Control,Ctrl_D90,ASV
Y1.1t30,9,1.4537163832906,0.690610446056415,0.661614838230598,BL15_D30_Tk1_F01,Intestine,yes,yes,BL15,blue_whiting_hydrolysate_15,15,0,30,1,1,BL15_D30,/home/dani/descartes_exp2/result_X204SC25103850-Z01-F001/01.RawData/Y1.1t30/Y1.1t30.raw_1.fastq.gz,/home/dani/descartes_exp2/result_X204SC25103850-Z01-F001/01.RawData/Y1.1t30/Y1.1t30.raw_2.fastq.gz,/home/dani/descartes_exp2/custom_dada2_preprocessing/data/raw_reads/by_sample/Y1.1t30/Y1.1t30.raw_1.fastq.gz,/home/dani/descartes_exp2/custom_dada2_preprocessing/data/raw_reads/by_sample/Y1.1t30/Y1.1t30.raw_2.fastq.gz,BL15,blue_whiting_hydrolysate_15,D30,63156,63156,57631,57526,56919,90.124453733612,D30,Hydrolysate,Hydrolysate_15,BL15_D30,ASV
Y1.1t7,87,2.77676509711118,0.847010942379241,0.621769419194346,BL15_D07_Tk1_F01,Intestine,yes,yes,BL15,blue_whiting_hydrolysate_15,15,0,7,1,1,BL15_D07,/home/dani/descartes_exp2/result_X204SC25103850-Z01-F001/01.RawData/Y1.1t7/Y1.1t7.raw_1.fastq.gz,/home/dani/descartes_exp2/result_X204SC25103850-Z01-F001/01.RawData/Y1.1t7/Y1.1t7.raw_2.fastq.gz,/home/dani/descartes_exp2/custom_dada2_preprocessing/data/raw_reads/by_sample/Y1.1t7/Y1.1t7.raw_1.fastq.gz,/home/dani/descartes_exp2/custom_dada2_preprocessing/data/raw_reads/by_sample/Y1.1t7/Y1.1t7.raw_2.fastq.gz,BL15,blue_whiting_hydrolysate_15,D07,78919,78919,68081,64187,53130,67.3221911073379,D07,Hydrolysate,Hydrolysate_15,BL15_D07,ASV
Y1.1t90,11,0.437171489827078,0.168425353118776,0.182314671865087,BL15_D90_Tk1_F01,Intestine,yes,yes,BL15,blue_whiting_hydrolysate_15,15,0,90,1,1,BL15_D90,/home/dani/descartes_exp2/result_X204SC25103850-Z01-F001/01.RawData/Y1.1t90/Y1.1t90.raw_1.fastq.gz,/home/dani/descartes_exp2/result_X204SC25103850-Z01-F001/01.RawData/Y1.1t90/Y1.1t90.raw_2.fastq.gz,/home/dani/descartes_exp2/custom_dada2_preprocessing/data/raw_reads/by_sample/Y1.1t90/Y1.1t90.raw_1.fastq.gz,/home/dani/descartes_exp2/custom_dada2_preprocessing/data/raw_reads/by_sample/Y1.1t90/Y1.1t90.raw_2.fastq.gz,BL15,blue_whiting_hydrolysate_15,D90,31454,31454,29371,29222,28400,90.2905830736949,D90,Hydrolysate,Hydrolysate_15,BL15_D90,ASV
Y1.2t30,19,1.91838578357409,0.769517221708453,0.651528456574495,BL15_D30_Tk1_F02,Intestine,yes,yes,BL15,blue_whiting_hydrolysate_15,15,0,30,1,2,BL15_D30,/home/dani/descartes_exp2/result_X204SC25103850-Z01-F001/01.RawData/Y1.2t30/Y1.2t30.raw_1.fastq.gz,/home/dani/descartes_exp2/result_X204SC25103850-Z01-F001/01.RawData/Y1.2t30/Y1.2t30.raw_2.fastq.gz,/home/dani/descartes_exp2/custom_dada2_preprocessing/data/raw_reads/by_sample/Y1.2t30/Y1.2t30.raw_1.fastq.gz,/home/dani/descartes_exp2/custom_dada2_preprocessing/data/raw_reads/by_sample/Y1.2t30/Y1.2t30.raw_2.fastq.gz,BL15,blue_whiting_hydrolysate_15,D30,63660,63660,59265,59139,58689,92.191328934967,D30,Hydrolysate,Hydrolysate_15,BL15_D30,ASV
Y1.2t7,85,2.51274254209698,0.785976530847796,0.565595271162932,BL15_D07_Tk1_F02,Intestine,yes,yes,BL15,blue_whiting_hydrolysate_15,15,0,7,1,2,BL15_D07,/home/dani/descartes_exp2/result_X204SC25103850-Z01-F001/01.RawData/Y1.2t7/Y1.2t7.raw_1.fastq.gz,/home/dani/descartes_exp2/result_X204SC25103850-Z01-F001/01.RawData/Y1.2t7/Y1.2t7.raw_2.fastq.gz,/home/dani/descartes_exp2/custom_dada2_preprocessing/data/raw_reads/by_sample/Y1.2t7/Y1.2t7.raw_1.fastq.gz,/home/dani/descartes_exp2/custom_dada2_preprocessing/data/raw_reads/by_sample/Y1.2t7/Y1.2t7.raw_2.fastq.gz,BL15,blue_whiting_hydrolysate_15,D07,66068,66068,58603,56571,52173,78.9686383725858,D07,Hydrolysate,Hydrolysate_15,BL15_D07,ASV
Y1.2t90,11,0.033812910747252,0.00829051779155465,0.0141010790299411,BL15_D90_Tk1_F02,Intestine,yes,yes,BL15,blue_whiting_hydrolysate_15,15,0,90,1,2,BL15_D90,/home/dani/descartes_exp2/result_X204SC25103850-Z01-F001/01.RawData/Y1.2t90/Y1.2t90.raw_1.fastq.gz,/home/dani/descartes_exp2/result_X204SC25103850-Z01-F001/01.RawData/Y1.2t90/Y1.2t90.raw_2.fastq.gz,/home/dani/descartes_exp2/custom_dada2_preprocessing/data/raw_reads/by_sample/Y1.2t90/Y1.2t90.raw_1.fastq.gz,/home/dani/descartes_exp2/custom_dada2_preprocessing/data/raw_reads/by_sample/Y1.2t90/Y1.2t90.raw_2.fastq.gz,BL15,blue_whiting_hydrolysate_15,D90,82559,82559,78650,78465,78182,94.6983369469107,D90,Hydrolysate,Hydrolysate_15,BL15_D90,ASV
Y1.3t30,16,1.75305778940753,0.764556982017007,0.632281944792504,BL15_D30_Tk1_F03,Intestine,yes,yes,BL15,blue_whiting_hydrolysate_15,15,0,30,1,3,BL15_D30,/home/dani/descartes_exp2/result_X204SC25103850-Z01-F001/01.RawData/Y1.3t30/Y1.3t30.raw_1.fastq.gz,/home/dani/descartes_exp2/result_X204SC25103850-Z01-F001/01.RawData/Y1.3t30/Y1.3t30.raw_2.fastq.gz,/home/dani/descartes_exp2/custom_dada2_preprocessing/data/raw_reads/by_sample/Y1.3t30/Y1.3t30.raw_1.fastq.gz,/home/dani/descartes_exp2/custom_dada2_preprocessing/data/raw_reads/by_sample/Y1.3t30/Y1.3t30.raw_2.fastq.gz,BL15,blue_whiting_hydrolysate_15,D30,68961,68961,62758,62176,51303,74.3942228215948,D30,Hydrolysate,Hydrolysate_15,BL15_D30,ASV
Y1.3t7,24,1.62286413706913,0.747470693016316,0.51064715190537,BL15_D07_Tk1_F03,Intestine,yes,yes,BL15,blue_whiting_hydrolysate_15,15,0,7,1,3,BL15_D07,/home/dani/descartes_exp2/result_X204SC25103850-Z01-F001/01.RawData/Y1.3t7/Y1.3t7.raw_1.fastq.gz,/home/dani/descartes_exp2/result_X204SC25103850-Z01-F001/01.RawData/Y1.3t7/Y1.3t7.raw_2.fastq.gz,/home/dani/descartes_exp2/custom_dada2_preprocessing/data/raw_reads/by_sample/Y1.3t7/Y1.3t7.raw_1.fastq.gz,/home/dani/descartes_exp2/custom_dada2_preprocessing/data/raw_reads/by_sample/Y1.3t7/Y1.3t7.raw_2.fastq.gz,BL15,blue_whiting_hydrolysate_15,D07,64852,64852,58832,58151,56093,86.493862949485,D07,Hydrolysate,Hydrolysate_15,BL15_D07,ASV
Y1.3t90,28,1.25014569066136,0.536942545864663,0.375170757630249,BL15_D90_Tk1_F03,Intestine,yes,yes,BL15,blue_whiting_hydrolysate_15,15,0,90,1,3,BL15_D90,/home/dani/descartes_exp2/result_X204SC25103850-Z01-F001/01.RawData/Y1.3t90/Y1.3t90.raw_1.fastq.gz,/home/dani/descartes_exp2/result_X204SC25103850-Z01-F001/01.RawData/Y1.3t90/Y1.3t90.raw_2.fastq.gz,/home/dani/descartes_exp2/custom_dada2_preprocessing/data/raw_reads/by_sample/Y1.3t90/Y1.3t90.raw_1.fastq.gz,/home/dani/descartes_exp2/custom_dada2_preprocessing/data/raw_reads/by_sample/Y1.3t90/Y1.3t90.raw_2.fastq.gz,BL15,blue_whiting_hydrolysate_15,D90,91938,91938,87593,87345,86842,94.4571341556266,D90,Hydrolysate,Hydrolysate_15,BL15_D90,ASV
Y1.4t30,13,1.44235828729763,0.664325287587513,0.56233402156723,BL15_D30_Tk1_F04,Intestine,yes,yes,BL15,blue_whiting_hydrolysate_15,15,0,30,1,4,BL15_D30,/home/dani/descartes_exp2/result_X204SC25103850-Z01-F001/01.RawData/Y1.4t30/Y1.4t30.raw_1.fastq.gz,/home/dani/descartes_exp2/result_X204SC25103850-Z01-F001/01.RawData/Y1.4t30/Y1.4t30.raw_2.fastq.gz,/home/dani/descartes_exp2/custom_dada2_preprocessing/data/raw_reads/by_sample/Y1.4t30/Y1.4t30.raw_1.fastq.gz,/home/dani/descartes_exp2/custom_dada2_preprocessing/data/raw_reads/by_sample/Y1.4t30/Y1.4t30.raw_2.fastq.gz,BL15,blue_whiting_hydrolysate_15,D30,78161,78161,71820,71732,71135,91.0108621947007,D30,Hydrolysate,Hydrolysate_15,BL15_D30,ASV
Y1.4t7,64,2.1121262968118,0.730356420048148,0.507859022356927,BL15_D07_Tk1_F04,Intestine,yes,yes,BL15,blue_whiting_hydrolysate_15,15,0,7,1,4,BL15_D07,/home/dani/descartes_exp2/result_X204SC25103850-Z01-F001/01.RawData/Y1.4t7/Y1.4t7.raw_1.fastq.gz,/home/dani/descartes_exp2/result_X204SC25103850-Z01-F001/01.RawData/Y1.4t7/Y1.4t7.raw_2.fastq.gz,/home/dani/descartes_exp2/custom_dada2_preprocessing/data/raw_reads/by_sample/Y1.4t7/Y1.4t7.raw_1.fastq.gz,/home/dani/descartes_exp2/custom_dada2_preprocessing/data/raw_reads/by_sample/Y1.4t7/Y1.4t7.raw_2.fastq.gz,BL15,blue_whiting_hydrolysate_15,D07,79008,79008,69861,68645,62251,78.7907553665452,D07,Hydrolysate,Hydrolysate_15,BL15_D07,ASV
Y1.4t90,14,0.942820654341675,0.485194543318513,0.357256602106149,BL15_D90_Tk1_F04,Intestine,yes,yes,BL15,blue_whiting_hydrolysate_15,15,0,90,1,4,BL15_D90,/home/dani/descartes_exp2/result_X204SC25103850-Z01-F001/01.RawData/Y1.4t90/Y1.4t90.raw_1.fastq.gz,/home/dani/descartes_exp2/result_X204SC25103850-Z01-F001/01.RawData/Y1.4t90/Y1.4t90.raw_2.fastq.gz,/home/dani/descartes_exp2/custom_dada2_preprocessing/data/raw_reads/by_sample/Y1.4t90/Y1.4t90.raw_1.fastq.gz,/home/dani/descartes_exp2/custom_dada2_preprocessing/data/raw_reads/by_sample/Y1.4t90/Y1.4t90.raw_2.fastq.gz,BL15,blue_whiting_hydrolysate_15,D90,37066,37066,34427,34176,33421,90.1661900393892,D90,Hydrolysate,Hydrolysate_15,BL15_D90,ASV
Y1.5t30,24,2.05783587074839,0.786968072905904,0.647514479175167,BL15_D30_Tk1_F05,Intestine,yes,yes,BL15,blue_whiting_hydrolysate_15,15,0,30,1,5,BL15_D30,/home/dani/descartes_exp2/result_X204SC25103850-Z01-F001/01.RawData/Y1.5t30/Y1.5t30.raw_1.fastq.gz,/home/dani/descartes_exp2/result_X204SC25103850-Z01-F001/01.RawData/Y1.5t30/Y1.5t30.raw_2.fastq.gz,/home/dani/descartes_exp2/custom_dada2_preprocessing/data/raw_reads/by_sample/Y1.5t30/Y1.5t30.raw_1.fastq.gz,/home/dani/descartes_exp2/custom_dada2_preprocessing/data/raw_reads/by_sample/Y1.5t30/Y1.5t30.raw_2.fastq.gz,BL15,blue_whiting_hydrolysate_15,D30,67121,67121,61458,61202,50278,74.9065121199029,D30,Hydrolysate,Hydrolysate_15,BL15_D30,ASV
Y1.5t7,25,1.86885837540151,0.799803180272932,0.580593498190641,BL15_D07_Tk1_F05,Intestine,yes,yes,BL15,blue_whiting_hydrolysate_15,15,0,7,1,5,BL15_D07,/home/dani/descartes_exp2/result_X204SC25103850-Z01-F001/01.RawData/Y1.5t7/Y1.5t7.raw_1.fastq.gz,/home/dani/descartes_exp2/result_X204SC25103850-Z01-F001/01.RawData/Y1.5t7/Y1.5t7.raw_2.fastq.gz,/home/dani/descartes_exp2/custom_dada2_preprocessing/data/raw_reads/by_sample/Y1.5t7/Y1.5t7.raw_1.fastq.gz,/home/dani/descartes_exp2/custom_dada2_preprocessing/data/raw_reads/by_sample/Y1.5t7/Y1.5t7.raw_2.fastq.gz,BL15,blue_whiting_hydrolysate_15,D07,62899,62899,58342,58094,54959,87.3765878630821,D07,Hydrolysate,Hydrolysate_15,BL15_D07,ASV
Y1.5t90,12,1.64190805826399,0.724476038663655,0.660752410318541,BL15_D90_Tk1_F05,Intestine,yes,yes,BL15,blue_whiting_hydrolysate_15,15,0,90,1,5,BL15_D90,/home/dani/descartes_exp2/result_X204SC25103850-Z01-F001/01.RawData/Y1.5t90/Y1.5t90.raw_1.fastq.gz,/home/dani/descartes_exp2/result_X204SC25103850-Z01-F001/01.RawData/Y1.5t90/Y1.5t90.raw_2.fastq.gz,/home/dani/descartes_exp2/custom_dada2_preprocessing/data/raw_reads/by_sample/Y1.5t90/Y1.5t90.raw_1.fastq.gz,/home/dani/descartes_exp2/custom_dada2_preprocessing/data/raw_reads/by_sample/Y1.5t90/Y1.5t90.raw_2.fastq.gz,BL15,blue_whiting_hydrolysate_15,D90,65348,65348,60249,60124,55312,84.6422231743894,D90,Hydrolysate,Hydrolysate_15,BL15_D90,ASV
Y2.1t30,18,1.90067138398968,0.795931466866239,0.657587169815531,BL15_D30_Tk2_F01,Intestine,yes,yes,BL15,blue_whiting_hydrolysate_15,15,0,30,2,1,BL15_D30,/home/dani/descartes_exp2/result_X204SC25103850-Z01-F001/01.RawData/Y2.1t30/Y2.1t30.raw_1.fastq.gz,/home/dani/descartes_exp2/result_X204SC25103850-Z01-F001/01.RawData/Y2.1t30/Y2.1t30.raw_2.fastq.gz,/home/dani/descartes_exp2/custom_dada2_preprocessing/data/raw_reads/by_sample/Y2.1t30/Y2.1t30.raw_1.fastq.gz,/home/dani/descartes_exp2/custom_dada2_preprocessing/data/raw_reads/by_sample/Y2.1t30/Y2.1t30.raw_2.fastq.gz,BL15,blue_whiting_hydrolysate_15,D30,79583,79583,72212,72008,51511,64.7261349785758,D30,Hydrolysate,Hydrolysate_15,BL15_D30,ASV
Y2.1t7,27,0.567400235793532,0.171226486314111,0.17215665060553,BL15_D07_Tk2_F01,Intestine,yes,yes,BL15,blue_whiting_hydrolysate_15,15,0,7,2,1,BL15_D07,/home/dani/descartes_exp2/result_X204SC25103850-Z01-F001/01.RawData/Y2.1t7/Y2.1t7.raw_1.fastq.gz,/home/dani/descartes_exp2/result_X204SC25103850-Z01-F001/01.RawData/Y2.1t7/Y2.1t7.raw_2.fastq.gz,/home/dani/descartes_exp2/custom_dada2_preprocessing/data/raw_reads/by_sample/Y2.1t7/Y2.1t7.raw_1.fastq.gz,/home/dani/descartes_exp2/custom_dada2_preprocessing/data/raw_reads/by_sample/Y2.1t7/Y2.1t7.raw_2.fastq.gz,BL15,blue_whiting_hydrolysate_15,D07,65806,65806,62071,61520,57090,86.7550071422059,D07,Hydrolysate,Hydrolysate_15,BL15_D07,ASV
Y2.1t90,11,0.172362623956706,0.061529214811297,0.0718807972608232,BL15_D90_Tk2_F01,Intestine,yes,yes,BL15,blue_whiting_hydrolysate_15,15,0,90,2,1,BL15_D90,/home/dani/descartes_exp2/result_X204SC25103850-Z01-F001/01.RawData/Y2.1t90/Y2.1t90.raw_1.fastq.gz,/home/dani/descartes_exp2/result_X204SC25103850-Z01-F001/01.RawData/Y2.1t90/Y2.1t90.raw_2.fastq.gz,/home/dani/descartes_exp2/custom_dada2_preprocessing/data/raw_reads/by_sample/Y2.1t90/Y2.1t90.raw_1.fastq.gz,/home/dani/descartes_exp2/custom_dada2_preprocessing/data/raw_reads/by_sample/Y2.1t90/Y2.1t90.raw_2.fastq.gz,BL15,blue_whiting_hydrolysate_15,D90,64702,64702,58438,58382,58329,90.1502271954499,D90,Hydrolysate,Hydrolysate_15,BL15_D90,ASV
Y2.2t30,14,0.511493347918737,0.213229668152162,0.193816686806613,BL15_D30_Tk2_F02,Intestine,yes,yes,BL15,blue_whiting_hydrolysate_15,15,0,30,2,2,BL15_D30,/home/dani/descartes_exp2/result_X204SC25103850-Z01-F001/01.RawData/Y2.2t30/Y2.2t30.raw_1.fastq.gz,/home/dani/descartes_exp2/result_X204SC25103850-Z01-F001/01.RawData/Y2.2t30/Y2.2t30.raw_2.fastq.gz,/home/dani/descartes_exp2/custom_dada2_preprocessing/data/raw_reads/by_sample/Y2.2t30/Y2.2t30.raw_1.fastq.gz,/home/dani/descartes_exp2/custom_dada2_preprocessing/data/raw_reads/by_sample/Y2.2t30/Y2.2t30.raw_2.fastq.gz,BL15,blue_whiting_hydrolysate_15,D30,65354,65354,60972,60797,59583,91.1696300149953,D30,Hydrolysate,Hydrolysate_15,BL15_D30,ASV
Y2.2t7,10,1.20291515350416,0.586244024269681,0.522419413364661,BL15_D07_Tk2_F02,Intestine,yes,yes,BL15,blue_whiting_hydrolysate_15,15,0,7,2,2,BL15_D07,/home/dani/descartes_exp2/result_X204SC25103850-Z01-F001/01.RawData/Y2.2t7/Y2.2t7.raw_1.fastq.gz,/home/dani/descartes_exp2/result_X204SC25103850-Z01-F001/01.RawData/Y2.2t7/Y2.2t7.raw_2.fastq.gz,/home/dani/descartes_exp2/custom_dada2_preprocessing/data/raw_reads/by_sample/Y2.2t7/Y2.2t7.raw_1.fastq.gz,/home/dani/descartes_exp2/custom_dada2_preprocessing/data/raw_reads/by_sample/Y2.2t7/Y2.2t7.raw_2.fastq.gz,BL15,blue_whiting_hydrolysate_15,D07,65628,65628,59548,59348,58828,89.6385689035168,D07,Hydrolysate,Hydrolysate_15,BL15_D07,ASV
Y2.2t90,17,2.19951859536533,0.854861987370561,0.776333557788612,BL15_D90_Tk2_F02,Intestine,yes,yes,BL15,blue_whiting_hydrolysate_15,15,0,90,2,2,BL15_D90,/home/dani/descartes_exp2/result_X204SC25103850-Z01-F001/01.RawData/Y2.2t90/Y2.2t90.raw_1.fastq.gz,/home/dani/descartes_exp2/result_X204SC25103850-Z01-F001/01.RawData/Y2.2t90/Y2.2t90.raw_2.fastq.gz,/home/dani/descartes_exp2/custom_dada2_preprocessing/data/raw_reads/by_sample/Y2.2t90/Y2.2t90.raw_1.fastq.gz,/home/dani/descartes_exp2/custom_dada2_preprocessing/data/raw_reads/by_sample/Y2.2t90/Y2.2t90.raw_2.fastq.gz,BL15,blue_whiting_hydrolysate_15,D90,68529,68529,63695,63580,45421,66.2799690641918,D90,Hydrolysate,Hydrolysate_15,BL15_D90,ASV
Y2.3t30,25,1.3474343851765,0.630795238218927,0.418604027768507,BL15_D30_Tk2_F03,Intestine,yes,yes,BL15,blue_whiting_hydrolysate_15,15,0,30,2,3,BL15_D30,/home/dani/descartes_exp2/result_X204SC25103850-Z01-F001/01.RawData/Y2.3t30/Y2.3t30.raw_1.fastq.gz,/home/dani/descartes_exp2/result_X204SC25103850-Z01-F001/01.RawData/Y2.3t30/Y2.3t30.raw_2.fastq.gz,/home/dani/descartes_exp2/custom_dada2_preprocessing/data/raw_reads/by_sample/Y2.3t30/Y2.3t30.raw_1.fastq.gz,/home/dani/descartes_exp2/custom_dada2_preprocessing/data/raw_reads/by_sample/Y2.3t30/Y2.3t30.raw_2.fastq.gz,BL15,blue_whiting_hydrolysate_15,D30,65453,65453,59236,58694,56601,86.4757917895284,D30,Hydrolysate,Hydrolysate_15,BL15_D30,ASV
Y2.3t7,15,1.43300222898361,0.635021205423286,0.529163834703051,BL15_D07_Tk2_F03,Intestine,yes,yes,BL15,blue_whiting_hydrolysate_15,15,0,7,2,3,BL15_D07,/home/dani/descartes_exp2/result_X204SC25103850-Z01-F001/01.RawData/Y2.3t7/Y2.3t7.raw_1.fastq.gz,/home/dani/descartes_exp2/result_X204SC25103850-Z01-F001/01.RawData/Y2.3t7/Y2.3t7.raw_2.fastq.gz,/home/dani/descartes_exp2/custom_dada2_preprocessing/data/raw_reads/by_sample/Y2.3t7/Y2.3t7.raw_1.fastq.gz,/home/dani/descartes_exp2/custom_dada2_preprocessing/data/raw_reads/by_sample/Y2.3t7/Y2.3t7.raw_2.fastq.gz,BL15,blue_whiting_hydrolysate_15,D07,63835,63835,58451,57855,56968,89.242578522754,D07,Hydrolysate,Hydrolysate_15,BL15_D07,ASV
Y2.3t90,14,1.32610084718907,0.575964467386167,0.502490352258622,BL15_D90_Tk2_F03,Intestine,yes,yes,BL15,blue_whiting_hydrolysate_15,15,0,90,2,3,BL15_D90,/home/dani/descartes_exp2/result_X204SC25103850-Z01-F001/01.RawData/Y2.3t90/Y2.3t90.raw_1.fastq.gz,/home/dani/descartes_exp2/result_X204SC25103850-Z01-F001/01.RawData/Y2.3t90/Y2.3t90.raw_2.fastq.gz,/home/dani/descartes_exp2/custom_dada2_preprocessing/data/raw_reads/by_sample/Y2.3t90/Y2.3t90.raw_1.fastq.gz,/home/dani/descartes_exp2/custom_dada2_preprocessing/data/raw_reads/by_sample/Y2.3t90/Y2.3t90.raw_2.fastq.gz,BL15,blue_whiting_hydrolysate_15,D90,63367,63367,57845,57575,54299,85.6897123108243,D90,Hydrolysate,Hydrolysate_15,BL15_D90,ASV
Y2.4t30,28,1.77088250891487,0.739775226455637,0.531444724808251,BL15_D30_Tk2_F04,Intestine,yes,yes,BL15,blue_whiting_hydrolysate_15,15,0,30,2,4,BL15_D30,/home/dani/descartes_exp2/result_X204SC25103850-Z01-F001/01.RawData/Y2.4t30/Y2.4t30.raw_1.fastq.gz,/home/dani/descartes_exp2/result_X204SC25103850-Z01-F001/01.RawData/Y2.4t30/Y2.4t30.raw_2.fastq.gz,/home/dani/descartes_exp2/custom_dada2_preprocessing/data/raw_reads/by_sample/Y2.4t30/Y2.4t30.raw_1.fastq.gz,/home/dani/descartes_exp2/custom_dada2_preprocessing/data/raw_reads/by_sample/Y2.4t30/Y2.4t30.raw_2.fastq.gz,BL15,blue_whiting_hydrolysate_15,D30,77397,77397,69935,69656,61433,79.3738775404732,D30,Hydrolysate,Hydrolysate_15,BL15_D30,ASV
Y2.4t7,19,1.58295033213634,0.668950252017627,0.537606771047591,BL15_D07_Tk2_F04,Intestine,yes,yes,BL15,blue_whiting_hydrolysate_15,15,0,7,2,4,BL15_D07,/home/dani/descartes_exp2/result_X204SC25103850-Z01-F001/01.RawData/Y2.4t7/Y2.4t7.raw_1.fastq.gz,/home/dani/descartes_exp2/result_X204SC25103850-Z01-F001/01.RawData/Y2.4t7/Y2.4t7.raw_2.fastq.gz,/home/dani/descartes_exp2/custom_dada2_preprocessing/data/raw_reads/by_sample/Y2.4t7/Y2.4t7.raw_1.fastq.gz,/home/dani/descartes_exp2/custom_dada2_preprocessing/data/raw_reads/by_sample/Y2.4t7/Y2.4t7.raw_2.fastq.gz,BL15,blue_whiting_hydrolysate_15,D07,65042,65042,60745,59357,57655,88.6427231634944,D07,Hydrolysate,Hydrolysate_15,BL15_D07,ASV
Y2.4t90,16,0.233712279283644,0.0709605206985886,0.0842938865793422,BL15_D90_Tk2_F04,Intestine,yes,yes,BL15,blue_whiting_hydrolysate_15,15,0,90,2,4,BL15_D90,/home/dani/descartes_exp2/result_X204SC25103850-Z01-F001/01.RawData/Y2.4t90/Y2.4t90.raw_1.fastq.gz,/home/dani/descartes_exp2/result_X204SC25103850-Z01-F001/01.RawData/Y2.4t90/Y2.4t90.raw_2.fastq.gz,/home/dani/descartes_exp2/custom_dada2_preprocessing/data/raw_reads/by_sample/Y2.4t90/Y2.4t90.raw_1.fastq.gz,/home/dani/descartes_exp2/custom_dada2_preprocessing/data/raw_reads/by_sample/Y2.4t90/Y2.4t90.raw_2.fastq.gz,BL15,blue_whiting_hydrolysate_15,D90,69179,69179,63056,62777,62173,89.872649214357,D90,Hydrolysate,Hydrolysate_15,BL15_D90,ASV
Y2.5t30,11,1.18363871191744,0.565988987737999,0.493615682613246,BL15_D30_Tk2_F05,Intestine,yes,yes,BL15,blue_whiting_hydrolysate_15,15,0,30,2,5,BL15_D30,/home/dani/descartes_exp2/result_X204SC25103850-Z01-F001/01.RawData/Y2.5t30/Y2.5t30.raw_1.fastq.gz,/home/dani/descartes_exp2/result_X204SC25103850-Z01-F001/01.RawData/Y2.5t30/Y2.5t30.raw_2.fastq.gz,/home/dani/descartes_exp2/custom_dada2_preprocessing/data/raw_reads/by_sample/Y2.5t30/Y2.5t30.raw_1.fastq.gz,/home/dani/descartes_exp2/custom_dada2_preprocessing/data/raw_reads/by_sample/Y2.5t30/Y2.5t30.raw_2.fastq.gz,BL15,blue_whiting_hydrolysate_15,D30,71995,71995,61548,61472,59687,82.9043683589138,D30,Hydrolysate,Hydrolysate_15,BL15_D30,ASV
Y2.5t7,17,1.17498447511762,0.533049720823289,0.414717965938787,BL15_D07_Tk2_F05,Intestine,yes,yes,BL15,blue_whiting_hydrolysate_15,15,0,7,2,5,BL15_D07,/home/dani/descartes_exp2/result_X204SC25103850-Z01-F001/01.RawData/Y2.5t7/Y2.5t7.raw_1.fastq.gz,/home/dani/descartes_exp2/result_X204SC25103850-Z01-F001/01.RawData/Y2.5t7/Y2.5t7.raw_2.fastq.gz,/home/dani/descartes_exp2/custom_dada2_preprocessing/data/raw_reads/by_sample/Y2.5t7/Y2.5t7.raw_1.fastq.gz,/home/dani/descartes_exp2/custom_dada2_preprocessing/data/raw_reads/by_sample/Y2.5t7/Y2.5t7.raw_2.fastq.gz,BL15,blue_whiting_hydrolysate_15,D07,62618,62618,57262,57145,55725,88.9919831358395,D07,Hydrolysate,Hydrolysate_15,BL15_D07,ASV
Y2.5t90,21,1.45498387365142,0.684850901749952,0.477902168045576,BL15_D90_Tk2_F05,Intestine,yes,yes,BL15,blue_whiting_hydrolysate_15,15,0,90,2,5,BL15_D90,/home/dani/descartes_exp2/result_X204SC25103850-Z01-F001/01.RawData/Y2.5t90/Y2.5t90.raw_1.fastq.gz,/home/dani/descartes_exp2/result_X204SC25103850-Z01-F001/01.RawData/Y2.5t90/Y2.5t90.raw_2.fastq.gz,/home/dani/descartes_exp2/custom_dada2_preprocessing/data/raw_reads/by_sample/Y2.5t90/Y2.5t90.raw_1.fastq.gz,/home/dani/descartes_exp2/custom_dada2_preprocessing/data/raw_reads/by_sample/Y2.5t90/Y2.5t90.raw_2.fastq.gz,BL15,blue_whiting_hydrolysate_15,D90,62601,62601,57614,56582,52457,83.7957860098082,D90,Hydrolysate,Hydrolysate_15,BL15_D90,ASV
Y3.1t30,16,1.73564770629135,0.760967190939498,0.62600258464921,BL15_D30_Tk3_F01,Intestine,yes,yes,BL15,blue_whiting_hydrolysate_15,15,0,30,3,1,BL15_D30,/home/dani/descartes_exp2/result_X204SC25103850-Z01-F001/01.RawData/Y3.1t30/Y3.1t30.raw_1.fastq.gz,/home/dani/descartes_exp2/result_X204SC25103850-Z01-F001/01.RawData/Y3.1t30/Y3.1t30.raw_2.fastq.gz,/home/dani/descartes_exp2/custom_dada2_preprocessing/data/raw_reads/by_sample/Y3.1t30/Y3.1t30.raw_1.fastq.gz,/home/dani/descartes_exp2/custom_dada2_preprocessing/data/raw_reads/by_sample/Y3.1t30/Y3.1t30.raw_2.fastq.gz,BL15,blue_whiting_hydrolysate_15,D30,73076,73076,66086,65304,48603,66.5102085500027,D30,Hydrolysate,Hydrolysate_15,BL15_D30,ASV
Y3.1t7,15,1.04877347750908,0.471583700199941,0.387279924531022,BL15_D07_Tk3_F01,Intestine,yes,yes,BL15,blue_whiting_hydrolysate_15,15,0,7,3,1,BL15_D07,/home/dani/descartes_exp2/result_X204SC25103850-Z01-F001/01.RawData/Y3.1t7/Y3.1t7.raw_1.fastq.gz,/home/dani/descartes_exp2/result_X204SC25103850-Z01-F001/01.RawData/Y3.1t7/Y3.1t7.raw_2.fastq.gz,/home/dani/descartes_exp2/custom_dada2_preprocessing/data/raw_reads/by_sample/Y3.1t7/Y3.1t7.raw_1.fastq.gz,/home/dani/descartes_exp2/custom_dada2_preprocessing/data/raw_reads/by_sample/Y3.1t7/Y3.1t7.raw_2.fastq.gz,BL15,blue_whiting_hydrolysate_15,D07,64861,64861,60297,57805,57583,88.779081420268,D07,Hydrolysate,Hydrolysate_15,BL15_D07,ASV
Y3.1t90,7,0.0344424795127923,0.00877728573060299,0.0176999331287281,BL15_D90_Tk3_F01,Intestine,yes,yes,BL15,blue_whiting_hydrolysate_15,15,0,90,3,1,BL15_D90,/home/dani/descartes_exp2/result_X204SC25103850-Z01-F001/01.RawData/Y3.1t90/Y3.1t90.raw_1.fastq.gz,/home/dani/descartes_exp2/result_X204SC25103850-Z01-F001/01.RawData/Y3.1t90/Y3.1t90.raw_2.fastq.gz,/home/dani/descartes_exp2/custom_dada2_preprocessing/data/raw_reads/by_sample/Y3.1t90/Y3.1t90.raw_1.fastq.gz,/home/dani/descartes_exp2/custom_dada2_preprocessing/data/raw_reads/by_sample/Y3.1t90/Y3.1t90.raw_2.fastq.gz,BL15,blue_whiting_hydrolysate_15,D90,66711,66711,61439,61402,61393,92.0283011797155,D90,Hydrolysate,Hydrolysate_15,BL15_D90,ASV
Y3.2t30,16,0.452652112315777,0.189161503313954,0.163259739421471,BL15_D30_Tk3_F02,Intestine,yes,yes,BL15,blue_whiting_hydrolysate_15,15,0,30,3,2,BL15_D30,/home/dani/descartes_exp2/result_X204SC25103850-Z01-F001/01.RawData/Y3.2t30/Y3.2t30.raw_1.fastq.gz,/home/dani/descartes_exp2/result_X204SC25103850-Z01-F001/01.RawData/Y3.2t30/Y3.2t30.raw_2.fastq.gz,/home/dani/descartes_exp2/custom_dada2_preprocessing/data/raw_reads/by_sample/Y3.2t30/Y3.2t30.raw_1.fastq.gz,/home/dani/descartes_exp2/custom_dada2_preprocessing/data/raw_reads/by_sample/Y3.2t30/Y3.2t30.raw_2.fastq.gz,BL15,blue_whiting_hydrolysate_15,D30,62486,62486,56882,56761,55868,89.4088275773773,D30,Hydrolysate,Hydrolysate_15,BL15_D30,ASV
Y3.2t7,21,0.636617874467649,0.224219918169499,0.209102704115292,BL15_D07_Tk3_F02,Intestine,yes,yes,BL15,blue_whiting_hydrolysate_15,15,0,7,3,2,BL15_D07,/home/dani/descartes_exp2/result_X204SC25103850-Z01-F001/01.RawData/Y3.2t7/Y3.2t7.raw_1.fastq.gz,/home/dani/descartes_exp2/result_X204SC25103850-Z01-F001/01.RawData/Y3.2t7/Y3.2t7.raw_2.fastq.gz,/home/dani/descartes_exp2/custom_dada2_preprocessing/data/raw_reads/by_sample/Y3.2t7/Y3.2t7.raw_1.fastq.gz,/home/dani/descartes_exp2/custom_dada2_preprocessing/data/raw_reads/by_sample/Y3.2t7/Y3.2t7.raw_2.fastq.gz,BL15,blue_whiting_hydrolysate_15,D07,78800,78800,74167,73476,71002,90.1040609137056,D07,Hydrolysate,Hydrolysate_15,BL15_D07,ASV
Y3.2t90,17,0.0745316483914691,0.0185636573233529,0.0263064017215042,BL15_D90_Tk3_F02,Intestine,yes,yes,BL15,blue_whiting_hydrolysate_15,15,0,90,3,2,BL15_D90,/home/dani/descartes_exp2/result_X204SC25103850-Z01-F001/01.RawData/Y3.2t90/Y3.2t90.raw_1.fastq.gz,/home/dani/descartes_exp2/result_X204SC25103850-Z01-F001/01.RawData/Y3.2t90/Y3.2t90.raw_2.fastq.gz,/home/dani/descartes_exp2/custom_dada2_preprocessing/data/raw_reads/by_sample/Y3.2t90/Y3.2t90.raw_1.fastq.gz,/home/dani/descartes_exp2/custom_dada2_preprocessing/data/raw_reads/by_sample/Y3.2t90/Y3.2t90.raw_2.fastq.gz,BL15,blue_whiting_hydrolysate_15,D90,66727,66727,60919,60846,60822,91.1505087895455,D90,Hydrolysate,Hydrolysate_15,BL15_D90,ASV
Y3.3t30,30,2.47257873471746,0.862473887569646,0.726973020751039,BL15_D30_Tk3_F03,Intestine,yes,yes,BL15,blue_whiting_hydrolysate_15,15,0,30,3,3,BL15_D30,/home/dani/descartes_exp2/result_X204SC25103850-Z01-F001/01.RawData/Y3.3t30/Y3.3t30.raw_1.fastq.gz,/home/dani/descartes_exp2/result_X204SC25103850-Z01-F001/01.RawData/Y3.3t30/Y3.3t30.raw_2.fastq.gz,/home/dani/descartes_exp2/custom_dada2_preprocessing/data/raw_reads/by_sample/Y3.3t30/Y3.3t30.raw_1.fastq.gz,/home/dani/descartes_exp2/custom_dada2_preprocessing/data/raw_reads/by_sample/Y3.3t30/Y3.3t30.raw_2.fastq.gz,BL15,blue_whiting_hydrolysate_15,D30,66736,66736,61410,59539,57810,86.6249100935028,D30,Hydrolysate,Hydrolysate_15,BL15_D30,ASV
Y3.3t7,20,0.955701869855263,0.386244800591428,0.319021121577552,BL15_D07_Tk3_F03,Intestine,yes,yes,BL15,blue_whiting_hydrolysate_15,15,0,7,3,3,BL15_D07,/home/dani/descartes_exp2/result_X204SC25103850-Z01-F001/01.RawData/Y3.3t7/Y3.3t7.raw_1.fastq.gz,/home/dani/descartes_exp2/result_X204SC25103850-Z01-F001/01.RawData/Y3.3t7/Y3.3t7.raw_2.fastq.gz,/home/dani/descartes_exp2/custom_dada2_preprocessing/data/raw_reads/by_sample/Y3.3t7/Y3.3t7.raw_1.fastq.gz,/home/dani/descartes_exp2/custom_dada2_preprocessing/data/raw_reads/by_sample/Y3.3t7/Y3.3t7.raw_2.fastq.gz,BL15,blue_whiting_hydrolysate_15,D07,64727,64727,58181,57873,56770,87.7068302254083,D07,Hydrolysate,Hydrolysate_15,BL15_D07,ASV
Y3.3t90,10,1.38549905084642,0.684882557562984,0.601714592464792,BL15_D90_Tk3_F03,Intestine,yes,yes,BL15,blue_whiting_hydrolysate_15,15,0,90,3,3,BL15_D90,/home/dani/descartes_exp2/result_X204SC25103850-Z01-F001/01.RawData/Y3.3t90/Y3.3t90.raw_1.fastq.gz,/home/dani/descartes_exp2/result_X204SC25103850-Z01-F001/01.RawData/Y3.3t90/Y3.3t90.raw_2.fastq.gz,/home/dani/descartes_exp2/custom_dada2_preprocessing/data/raw_reads/by_sample/Y3.3t90/Y3.3t90.raw_1.fastq.gz,/home/dani/descartes_exp2/custom_dada2_preprocessing/data/raw_reads/by_sample/Y3.3t90/Y3.3t90.raw_2.fastq.gz,BL15,blue_whiting_hydrolysate_15,D90,64145,64145,59151,59090,57303,89.3335411957284,D90,Hydrolysate,Hydrolysate_15,BL15_D90,ASV
Y3.4t30,20,2.21704170697659,0.84055644121276,0.740066703072367,BL15_D30_Tk3_F04,Intestine,yes,yes,BL15,blue_whiting_hydrolysate_15,15,0,30,3,4,BL15_D30,/home/dani/descartes_exp2/result_X204SC25103850-Z01-F001/01.RawData/Y3.4t30/Y3.4t30.raw_1.fastq.gz,/home/dani/descartes_exp2/result_X204SC25103850-Z01-F001/01.RawData/Y3.4t30/Y3.4t30.raw_2.fastq.gz,/home/dani/descartes_exp2/custom_dada2_preprocessing/data/raw_reads/by_sample/Y3.4t30/Y3.4t30.raw_1.fastq.gz,/home/dani/descartes_exp2/custom_dada2_preprocessing/data/raw_reads/by_sample/Y3.4t30/Y3.4t30.raw_2.fastq.gz,BL15,blue_whiting_hydrolysate_15,D30,63363,63363,57892,57701,54952,86.7256916497009,D30,Hydrolysate,Hydrolysate_15,BL15_D30,ASV
Y3.4t7,13,0.940588744909195,0.394644350925453,0.366708505247087,BL15_D07_Tk3_F04,Intestine,yes,yes,BL15,blue_whiting_hydrolysate_15,15,0,7,3,4,BL15_D07,/home/dani/descartes_exp2/result_X204SC25103850-Z01-F001/01.RawData/Y3.4t7/Y3.4t7.raw_1.fastq.gz,/home/dani/descartes_exp2/result_X204SC25103850-Z01-F001/01.RawData/Y3.4t7/Y3.4t7.raw_2.fastq.gz,/home/dani/descartes_exp2/custom_dada2_preprocessing/data/raw_reads/by_sample/Y3.4t7/Y3.4t7.raw_1.fastq.gz,/home/dani/descartes_exp2/custom_dada2_preprocessing/data/raw_reads/by_sample/Y3.4t7/Y3.4t7.raw_2.fastq.gz,BL15,blue_whiting_hydrolysate_15,D07,64954,64954,59284,59038,58719,90.4008990978231,D07,Hydrolysate,Hydrolysate_15,BL15_D07,ASV
Y3.4t90,6,0.0302020959008847,0.00808832076307453,0.0168561106664036,BL15_D90_Tk3_F04,Intestine,yes,yes,BL15,blue_whiting_hydrolysate_15,15,0,90,3,4,BL15_D90,/home/dani/descartes_exp2/result_X204SC25103850-Z01-F001/01.RawData/Y3.4t90/Y3.4t90.raw_1.fastq.gz,/home/dani/descartes_exp2/result_X204SC25103850-Z01-F001/01.RawData/Y3.4t90/Y3.4t90.raw_2.fastq.gz,/home/dani/descartes_exp2/custom_dada2_preprocessing/data/raw_reads/by_sample/Y3.4t90/Y3.4t90.raw_1.fastq.gz,/home/dani/descartes_exp2/custom_dada2_preprocessing/data/raw_reads/by_sample/Y3.4t90/Y3.4t90.raw_2.fastq.gz,BL15,blue_whiting_hydrolysate_15,D90,65469,65469,59834,59694,59691,91.1744489758512,D90,Hydrolysate,Hydrolysate_15,BL15_D90,ASV
Y3.5t30,14,1.63161559127672,0.675813407244777,0.618256971141507,BL15_D30_Tk3_F05,Intestine,yes,yes,BL15,blue_whiting_hydrolysate_15,15,0,30,3,5,BL15_D30,/home/dani/descartes_exp2/result_X204SC25103850-Z01-F001/01.RawData/Y3.5t30/Y3.5t30.raw_1.fastq.gz,/home/dani/descartes_exp2/result_X204SC25103850-Z01-F001/01.RawData/Y3.5t30/Y3.5t30.raw_2.fastq.gz,/home/dani/descartes_exp2/custom_dada2_preprocessing/data/raw_reads/by_sample/Y3.5t30/Y3.5t30.raw_1.fastq.gz,/home/dani/descartes_exp2/custom_dada2_preprocessing/data/raw_reads/by_sample/Y3.5t30/Y3.5t30.raw_2.fastq.gz,BL15,blue_whiting_hydrolysate_15,D30,65217,65217,59293,59237,54429,83.4583007498045,D30,Hydrolysate,Hydrolysate_15,BL15_D30,ASV
Y3.5t7,21,1.15135322191154,0.457158505412493,0.378172027128326,BL15_D07_Tk3_F05,Intestine,yes,yes,BL15,blue_whiting_hydrolysate_15,15,0,7,3,5,BL15_D07,/home/dani/descartes_exp2/result_X204SC25103850-Z01-F001/01.RawData/Y3.5t7/Y3.5t7.raw_1.fastq.gz,/home/dani/descartes_exp2/result_X204SC25103850-Z01-F001/01.RawData/Y3.5t7/Y3.5t7.raw_2.fastq.gz,/home/dani/descartes_exp2/custom_dada2_preprocessing/data/raw_reads/by_sample/Y3.5t7/Y3.5t7.raw_1.fastq.gz,/home/dani/descartes_exp2/custom_dada2_preprocessing/data/raw_reads/by_sample/Y3.5t7/Y3.5t7.raw_2.fastq.gz,BL15,blue_whiting_hydrolysate_15,D07,79328,79328,73204,71886,70259,88.5677188382412,D07,Hydrolysate,Hydrolysate_15,BL15_D07,ASV
Y3.5t90,10,1.3777631516693,0.683578401396408,0.598354934139609,BL15_D90_Tk3_F05,Intestine,yes,yes,BL15,blue_whiting_hydrolysate_15,15,0,90,3,5,BL15_D90,/home/dani/descartes_exp2/result_X204SC25103850-Z01-F001/01.RawData/Y3.5t90/Y3.5t90.raw_1.fastq.gz,/home/dani/descartes_exp2/result_X204SC25103850-Z01-F001/01.RawData/Y3.5t90/Y3.5t90.raw_2.fastq.gz,/home/dani/descartes_exp2/custom_dada2_preprocessing/data/raw_reads/by_sample/Y3.5t90/Y3.5t90.raw_1.fastq.gz,/home/dani/descartes_exp2/custom_dada2_preprocessing/data/raw_reads/by_sample/Y3.5t90/Y3.5t90.raw_2.fastq.gz,BL15,blue_whiting_hydrolysate_15,D90,66095,66095,60572,60485,58794,88.9537786519404,D90,Hydrolysate,Hydrolysate_15,BL15_D90,ASV
Z1.1t30,13,1.98464159479921,0.84006162081477,0.773754689941855,BL30_D30_Tk1_F01,Intestine,yes,yes,BL30,blue_whiting_hydrolysate_30,30,0,30,1,1,BL30_D30,/home/dani/descartes_exp2/result_X204SC25103850-Z01-F001/01.RawData/Z1.1t30/Z1.1t30.raw_1.fastq.gz,/home/dani/descartes_exp2/result_X204SC25103850-Z01-F001/01.RawData/Z1.1t30/Z1.1t30.raw_2.fastq.gz,/home/dani/descartes_exp2/custom_dada2_preprocessing/data/raw_reads/by_sample/Z1.1t30/Z1.1t30.raw_1.fastq.gz,/home/dani/descartes_exp2/custom_dada2_preprocessing/data/raw_reads/by_sample/Z1.1t30/Z1.1t30.raw_2.fastq.gz,BL30,blue_whiting_hydrolysate_30,D30,72440,72440,66229,65929,47500,65.5715074544451,D30,Hydrolysate,Hydrolysate_30,BL30_D30,ASV
Z1.1t7,60,2.610874516852,0.873872818279185,0.637678260140132,BL30_D07_Tk1_F01,Intestine,yes,yes,BL30,blue_whiting_hydrolysate_30,30,0,7,1,1,BL30_D07,/home/dani/descartes_exp2/result_X204SC25103850-Z01-F001/01.RawData/Z1.1t7/Z1.1t7.raw_1.fastq.gz,/home/dani/descartes_exp2/result_X204SC25103850-Z01-F001/01.RawData/Z1.1t7/Z1.1t7.raw_2.fastq.gz,/home/dani/descartes_exp2/custom_dada2_preprocessing/data/raw_reads/by_sample/Z1.1t7/Z1.1t7.raw_1.fastq.gz,/home/dani/descartes_exp2/custom_dada2_preprocessing/data/raw_reads/by_sample/Z1.1t7/Z1.1t7.raw_2.fastq.gz,BL30,blue_whiting_hydrolysate_30,D07,64747,64747,59323,58638,56550,87.3399539747015,D07,Hydrolysate,Hydrolysate_30,BL30_D07,ASV
Z1.1t90,9,1.31926518594356,0.587623434777946,0.600423461284488,BL30_D90_Tk1_F01,Intestine,yes,yes,BL30,blue_whiting_hydrolysate_30,30,0,90,1,1,BL30_D90,/home/dani/descartes_exp2/result_X204SC25103850-Z01-F001/01.RawData/Z1.1t90/Z1.1t90.raw_1.fastq.gz,/home/dani/descartes_exp2/result_X204SC25103850-Z01-F001/01.RawData/Z1.1t90/Z1.1t90.raw_2.fastq.gz,/home/dani/descartes_exp2/custom_dada2_preprocessing/data/raw_reads/by_sample/Z1.1t90/Z1.1t90.raw_1.fastq.gz,/home/dani/descartes_exp2/custom_dada2_preprocessing/data/raw_reads/by_sample/Z1.1t90/Z1.1t90.raw_2.fastq.gz,BL30,blue_whiting_hydrolysate_30,D90,64893,64893,59935,59864,58954,90.8480113417472,D90,Hydrolysate,Hydrolysate_30,BL30_D90,ASV
Z1.2t30,19,1.01026284743546,0.553714473988148,0.343108773720099,BL30_D30_Tk1_F02,Intestine,yes,yes,BL30,blue_whiting_hydrolysate_30,30,0,30,1,2,BL30_D30,/home/dani/descartes_exp2/result_X204SC25103850-Z01-F001/01.RawData/Z1.2t30/Z1.2t30.raw_1.fastq.gz,/home/dani/descartes_exp2/result_X204SC25103850-Z01-F001/01.RawData/Z1.2t30/Z1.2t30.raw_2.fastq.gz,/home/dani/descartes_exp2/custom_dada2_preprocessing/data/raw_reads/by_sample/Z1.2t30/Z1.2t30.raw_1.fastq.gz,/home/dani/descartes_exp2/custom_dada2_preprocessing/data/raw_reads/by_sample/Z1.2t30/Z1.2t30.raw_2.fastq.gz,BL30,blue_whiting_hydrolysate_30,D30,79921,79921,71797,71607,64993,81.3215550355977,D30,Hydrolysate,Hydrolysate_30,BL30_D30,ASV
Z1.2t7,34,1.54937703545198,0.536344272013294,0.439370003332437,BL30_D07_Tk1_F02,Intestine,yes,yes,BL30,blue_whiting_hydrolysate_30,30,0,7,1,2,BL30_D07,/home/dani/descartes_exp2/result_X204SC25103850-Z01-F001/01.RawData/Z1.2t7/Z1.2t7.raw_1.fastq.gz,/home/dani/descartes_exp2/result_X204SC25103850-Z01-F001/01.RawData/Z1.2t7/Z1.2t7.raw_2.fastq.gz,/home/dani/descartes_exp2/custom_dada2_preprocessing/data/raw_reads/by_sample/Z1.2t7/Z1.2t7.raw_1.fastq.gz,/home/dani/descartes_exp2/custom_dada2_preprocessing/data/raw_reads/by_sample/Z1.2t7/Z1.2t7.raw_2.fastq.gz,BL30,blue_whiting_hydrolysate_30,D07,64607,64607,59761,58731,51747,80.0950361415946,D07,Hydrolysate,Hydrolysate_30,BL30_D07,ASV
Z1.2t90,4,0.0171256168836331,0.00425051469984827,0.0123535212750909,BL30_D90_Tk1_F02,Intestine,yes,yes,BL30,blue_whiting_hydrolysate_30,30,0,90,1,2,BL30_D90,/home/dani/descartes_exp2/result_X204SC25103850-Z01-F001/01.RawData/Z1.2t90/Z1.2t90.raw_1.fastq.gz,/home/dani/descartes_exp2/result_X204SC25103850-Z01-F001/01.RawData/Z1.2t90/Z1.2t90.raw_2.fastq.gz,/home/dani/descartes_exp2/custom_dada2_preprocessing/data/raw_reads/by_sample/Z1.2t90/Z1.2t90.raw_1.fastq.gz,/home/dani/descartes_exp2/custom_dada2_preprocessing/data/raw_reads/by_sample/Z1.2t90/Z1.2t90.raw_2.fastq.gz,BL30,blue_whiting_hydrolysate_30,D90,64338,64338,57398,57368,57368,89.1665889520967,D90,Hydrolysate,Hydrolysate_30,BL30_D90,ASV
Z1.3t30,17,1.49721919913251,0.644020344669597,0.528452685101713,BL30_D30_Tk1_F03,Intestine,yes,yes,BL30,blue_whiting_hydrolysate_30,30,0,30,1,3,BL30_D30,/home/dani/descartes_exp2/result_X204SC25103850-Z01-F001/01.RawData/Z1.3t30/Z1.3t30.raw_1.fastq.gz,/home/dani/descartes_exp2/result_X204SC25103850-Z01-F001/01.RawData/Z1.3t30/Z1.3t30.raw_2.fastq.gz,/home/dani/descartes_exp2/custom_dada2_preprocessing/data/raw_reads/by_sample/Z1.3t30/Z1.3t30.raw_1.fastq.gz,/home/dani/descartes_exp2/custom_dada2_preprocessing/data/raw_reads/by_sample/Z1.3t30/Z1.3t30.raw_2.fastq.gz,BL30,blue_whiting_hydrolysate_30,D30,62088,62088,56409,56255,51157,82.394343512434,D30,Hydrolysate,Hydrolysate_30,BL30_D30,ASV
Z1.3t7,12,1.24675771544408,0.574911687122666,0.501732214186175,BL30_D07_Tk1_F03,Intestine,yes,yes,BL30,blue_whiting_hydrolysate_30,30,0,7,1,3,BL30_D07,/home/dani/descartes_exp2/result_X204SC25103850-Z01-F001/01.RawData/Z1.3t7/Z1.3t7.raw_1.fastq.gz,/home/dani/descartes_exp2/result_X204SC25103850-Z01-F001/01.RawData/Z1.3t7/Z1.3t7.raw_2.fastq.gz,/home/dani/descartes_exp2/custom_dada2_preprocessing/data/raw_reads/by_sample/Z1.3t7/Z1.3t7.raw_1.fastq.gz,/home/dani/descartes_exp2/custom_dada2_preprocessing/data/raw_reads/by_sample/Z1.3t7/Z1.3t7.raw_2.fastq.gz,BL30,blue_whiting_hydrolysate_30,D07,68442,68442,61359,61318,60788,88.8168083925075,D07,Hydrolysate,Hydrolysate_30,BL30_D07,ASV
Z1.3t90,6,0.0226586091680329,0.0055356246497974,0.0126460105595507,BL30_D90_Tk1_F03,Intestine,yes,yes,BL30,blue_whiting_hydrolysate_30,30,0,90,1,3,BL30_D90,/home/dani/descartes_exp2/result_X204SC25103850-Z01-F001/01.RawData/Z1.3t90/Z1.3t90.raw_1.fastq.gz,/home/dani/descartes_exp2/result_X204SC25103850-Z01-F001/01.RawData/Z1.3t90/Z1.3t90.raw_2.fastq.gz,/home/dani/descartes_exp2/custom_dada2_preprocessing/data/raw_reads/by_sample/Z1.3t90/Z1.3t90.raw_1.fastq.gz,/home/dani/descartes_exp2/custom_dada2_preprocessing/data/raw_reads/by_sample/Z1.3t90/Z1.3t90.raw_2.fastq.gz,BL30,blue_whiting_hydrolysate_30,D90,63616,63616,58209,58183,58176,91.4486921529175,D90,Hydrolysate,Hydrolysate_30,BL30_D90,ASV
Z1.4t30,21,1.9366791067343,0.807066877788204,0.636119176767332,BL30_D30_Tk1_F04,Intestine,yes,yes,BL30,blue_whiting_hydrolysate_30,30,0,30,1,4,BL30_D30,/home/dani/descartes_exp2/result_X204SC25103850-Z01-F001/01.RawData/Z1.4t30/Z1.4t30.raw_1.fastq.gz,/home/dani/descartes_exp2/result_X204SC25103850-Z01-F001/01.RawData/Z1.4t30/Z1.4t30.raw_2.fastq.gz,/home/dani/descartes_exp2/custom_dada2_preprocessing/data/raw_reads/by_sample/Z1.4t30/Z1.4t30.raw_1.fastq.gz,/home/dani/descartes_exp2/custom_dada2_preprocessing/data/raw_reads/by_sample/Z1.4t30/Z1.4t30.raw_2.fastq.gz,BL30,blue_whiting_hydrolysate_30,D30,64809,64809,59789,59267,45234,69.795861685877,D30,Hydrolysate,Hydrolysate_30,BL30_D30,ASV
Z1.4t7,22,1.75850596586529,0.698065630760836,0.568903854411552,BL30_D07_Tk1_F04,Intestine,yes,yes,BL30,blue_whiting_hydrolysate_30,30,0,7,1,4,BL30_D07,/home/dani/descartes_exp2/result_X204SC25103850-Z01-F001/01.RawData/Z1.4t7/Z1.4t7.raw_1.fastq.gz,/home/dani/descartes_exp2/result_X204SC25103850-Z01-F001/01.RawData/Z1.4t7/Z1.4t7.raw_2.fastq.gz,/home/dani/descartes_exp2/custom_dada2_preprocessing/data/raw_reads/by_sample/Z1.4t7/Z1.4t7.raw_1.fastq.gz,/home/dani/descartes_exp2/custom_dada2_preprocessing/data/raw_reads/by_sample/Z1.4t7/Z1.4t7.raw_2.fastq.gz,BL30,blue_whiting_hydrolysate_30,D07,65483,65483,59680,59424,56791,86.7263259166501,D07,Hydrolysate,Hydrolysate_30,BL30_D07,ASV
Z1.4t90,15,0.350428581355773,0.123516586781076,0.129402542542654,BL30_D90_Tk1_F04,Intestine,yes,yes,BL30,blue_whiting_hydrolysate_30,30,0,90,1,4,BL30_D90,/home/dani/descartes_exp2/result_X204SC25103850-Z01-F001/01.RawData/Z1.4t90/Z1.4t90.raw_1.fastq.gz,/home/dani/descartes_exp2/result_X204SC25103850-Z01-F001/01.RawData/Z1.4t90/Z1.4t90.raw_2.fastq.gz,/home/dani/descartes_exp2/custom_dada2_preprocessing/data/raw_reads/by_sample/Z1.4t90/Z1.4t90.raw_1.fastq.gz,/home/dani/descartes_exp2/custom_dada2_preprocessing/data/raw_reads/by_sample/Z1.4t90/Z1.4t90.raw_2.fastq.gz,BL30,blue_whiting_hydrolysate_30,D90,65836,65836,59853,59761,59546,90.4459566194787,D90,Hydrolysate,Hydrolysate_30,BL30_D90,ASV
Z1.5t30,19,1.68835028248268,0.747511442932921,0.573403047041798,BL30_D30_Tk1_F05,Intestine,yes,yes,BL30,blue_whiting_hydrolysate_30,30,0,30,1,5,BL30_D30,/home/dani/descartes_exp2/result_X204SC25103850-Z01-F001/01.RawData/Z1.5t30/Z1.5t30.raw_1.fastq.gz,/home/dani/descartes_exp2/result_X204SC25103850-Z01-F001/01.RawData/Z1.5t30/Z1.5t30.raw_2.fastq.gz,/home/dani/descartes_exp2/custom_dada2_preprocessing/data/raw_reads/by_sample/Z1.5t30/Z1.5t30.raw_1.fastq.gz,/home/dani/descartes_exp2/custom_dada2_preprocessing/data/raw_reads/by_sample/Z1.5t30/Z1.5t30.raw_2.fastq.gz,BL30,blue_whiting_hydrolysate_30,D30,79288,79288,71572,71404,58466,73.7387750983756,D30,Hydrolysate,Hydrolysate_30,BL30_D30,ASV
Z1.5t7,8,1.07821043944555,0.548897764562042,0.518509618007601,BL30_D07_Tk1_F05,Intestine,yes,yes,BL30,blue_whiting_hydrolysate_30,30,0,7,1,5,BL30_D07,/home/dani/descartes_exp2/result_X204SC25103850-Z01-F001/01.RawData/Z1.5t7/Z1.5t7.raw_1.fastq.gz,/home/dani/descartes_exp2/result_X204SC25103850-Z01-F001/01.RawData/Z1.5t7/Z1.5t7.raw_2.fastq.gz,/home/dani/descartes_exp2/custom_dada2_preprocessing/data/raw_reads/by_sample/Z1.5t7/Z1.5t7.raw_1.fastq.gz,/home/dani/descartes_exp2/custom_dada2_preprocessing/data/raw_reads/by_sample/Z1.5t7/Z1.5t7.raw_2.fastq.gz,BL30,blue_whiting_hydrolysate_30,D07,62610,62610,57139,57107,56601,90.402491614758,D07,Hydrolysate,Hydrolysate_30,BL30_D07,ASV
Z2.1t7,87,2.96162739502267,0.88430361540576,0.663163530537412,BL30_D07_Tk2_F01,Intestine,yes,yes,BL30,blue_whiting_hydrolysate_30,30,0,7,2,1,BL30_D07,/home/dani/descartes_exp2/result_X204SC25103850-Z01-F001/01.RawData/Z2.1t7/Z2.1t7.raw_1.fastq.gz,/home/dani/descartes_exp2/result_X204SC25103850-Z01-F001/01.RawData/Z2.1t7/Z2.1t7.raw_2.fastq.gz,/home/dani/descartes_exp2/custom_dada2_preprocessing/data/raw_reads/by_sample/Z2.1t7/Z2.1t7.raw_1.fastq.gz,/home/dani/descartes_exp2/custom_dada2_preprocessing/data/raw_reads/by_sample/Z2.1t7/Z2.1t7.raw_2.fastq.gz,BL30,blue_whiting_hydrolysate_30,D07,70959,70959,63623,55195,39604,55.8125114502741,D07,Hydrolysate,Hydrolysate_30,BL30_D07,ASV
Z2.1t90,23,0.462972800400503,0.15409862551333,0.147655447121694,BL30_D90_Tk2_F01,Intestine,yes,yes,BL30,blue_whiting_hydrolysate_30,30,0,90,2,1,BL30_D90,/home/dani/descartes_exp2/result_X204SC25103850-Z01-F001/01.RawData/Z2.1t90/Z2.1t90.raw_1.fastq.gz,/home/dani/descartes_exp2/result_X204SC25103850-Z01-F001/01.RawData/Z2.1t90/Z2.1t90.raw_2.fastq.gz,/home/dani/descartes_exp2/custom_dada2_preprocessing/data/raw_reads/by_sample/Z2.1t90/Z2.1t90.raw_1.fastq.gz,/home/dani/descartes_exp2/custom_dada2_preprocessing/data/raw_reads/by_sample/Z2.1t90/Z2.1t90.raw_2.fastq.gz,BL30,blue_whiting_hydrolysate_30,D90,66389,66389,59947,59613,58503,88.1215261564416,D90,Hydrolysate,Hydrolysate_30,BL30_D90,ASV
Z2.2t30,29,2.00886265352971,0.794207162798868,0.596580388227363,BL30_D30_Tk2_F02,Intestine,yes,yes,BL30,blue_whiting_hydrolysate_30,30,0,30,2,2,BL30_D30,/home/dani/descartes_exp2/result_X204SC25103850-Z01-F001/01.RawData/Z2.2t30/Z2.2t30.raw_1.fastq.gz,/home/dani/descartes_exp2/result_X204SC25103850-Z01-F001/01.RawData/Z2.2t30/Z2.2t30.raw_2.fastq.gz,/home/dani/descartes_exp2/custom_dada2_preprocessing/data/raw_reads/by_sample/Z2.2t30/Z2.2t30.raw_1.fastq.gz,/home/dani/descartes_exp2/custom_dada2_preprocessing/data/raw_reads/by_sample/Z2.2t30/Z2.2t30.raw_2.fastq.gz,BL30,blue_whiting_hydrolysate_30,D30,66371,66371,59135,58559,56907,85.7407602718055,D30,Hydrolysate,Hydrolysate_30,BL30_D30,ASV
Z2.2t7,13,1.37577207142438,0.648558823893962,0.536373970668158,BL30_D07_Tk2_F02,Intestine,yes,yes,BL30,blue_whiting_hydrolysate_30,30,0,7,2,2,BL30_D07,/home/dani/descartes_exp2/result_X204SC25103850-Z01-F001/01.RawData/Z2.2t7/Z2.2t7.raw_1.fastq.gz,/home/dani/descartes_exp2/result_X204SC25103850-Z01-F001/01.RawData/Z2.2t7/Z2.2t7.raw_2.fastq.gz,/home/dani/descartes_exp2/custom_dada2_preprocessing/data/raw_reads/by_sample/Z2.2t7/Z2.2t7.raw_1.fastq.gz,/home/dani/descartes_exp2/custom_dada2_preprocessing/data/raw_reads/by_sample/Z2.2t7/Z2.2t7.raw_2.fastq.gz,BL30,blue_whiting_hydrolysate_30,D07,66454,66454,61064,55998,44944,67.631745267403,D07,Hydrolysate,Hydrolysate_30,BL30_D07,ASV
Z2.2t90,12,1.22190457100857,0.628988501416144,0.491730573103348,BL30_D90_Tk2_F02,Intestine,yes,yes,BL30,blue_whiting_hydrolysate_30,30,0,90,2,2,BL30_D90,/home/dani/descartes_exp2/result_X204SC25103850-Z01-F001/01.RawData/Z2.2t90/Z2.2t90.raw_1.fastq.gz,/home/dani/descartes_exp2/result_X204SC25103850-Z01-F001/01.RawData/Z2.2t90/Z2.2t90.raw_2.fastq.gz,/home/dani/descartes_exp2/custom_dada2_preprocessing/data/raw_reads/by_sample/Z2.2t90/Z2.2t90.raw_1.fastq.gz,/home/dani/descartes_exp2/custom_dada2_preprocessing/data/raw_reads/by_sample/Z2.2t90/Z2.2t90.raw_2.fastq.gz,BL30,blue_whiting_hydrolysate_30,D90,71347,71347,65604,65353,62521,87.6294728580039,D90,Hydrolysate,Hydrolysate_30,BL30_D90,ASV
Z2.3t30,16,1.84703380737406,0.807122517619071,0.666176628563204,BL30_D30_Tk2_F03,Intestine,yes,yes,BL30,blue_whiting_hydrolysate_30,30,0,30,2,3,BL30_D30,/home/dani/descartes_exp2/result_X204SC25103850-Z01-F001/01.RawData/Z2.3t30/Z2.3t30.raw_1.fastq.gz,/home/dani/descartes_exp2/result_X204SC25103850-Z01-F001/01.RawData/Z2.3t30/Z2.3t30.raw_2.fastq.gz,/home/dani/descartes_exp2/custom_dada2_preprocessing/data/raw_reads/by_sample/Z2.3t30/Z2.3t30.raw_1.fastq.gz,/home/dani/descartes_exp2/custom_dada2_preprocessing/data/raw_reads/by_sample/Z2.3t30/Z2.3t30.raw_2.fastq.gz,BL30,blue_whiting_hydrolysate_30,D30,64454,64454,58506,58362,49021,76.0557917274335,D30,Hydrolysate,Hydrolysate_30,BL30_D30,ASV
Z2.3t7,86,2.64935028199206,0.835123380292082,0.594778562556268,BL30_D07_Tk2_F03,Intestine,yes,yes,BL30,blue_whiting_hydrolysate_30,30,0,7,2,3,BL30_D07,/home/dani/descartes_exp2/result_X204SC25103850-Z01-F001/01.RawData/Z2.3t7/Z2.3t7.raw_1.fastq.gz,/home/dani/descartes_exp2/result_X204SC25103850-Z01-F001/01.RawData/Z2.3t7/Z2.3t7.raw_2.fastq.gz,/home/dani/descartes_exp2/custom_dada2_preprocessing/data/raw_reads/by_sample/Z2.3t7/Z2.3t7.raw_1.fastq.gz,/home/dani/descartes_exp2/custom_dada2_preprocessing/data/raw_reads/by_sample/Z2.3t7/Z2.3t7.raw_2.fastq.gz,BL30,blue_whiting_hydrolysate_30,D07,63308,63308,55834,49369,39576,62.5134264232009,D07,Hydrolysate,Hydrolysate_30,BL30_D07,ASV
Z2.3t90,5,0.0459945608445224,0.0128033873983201,0.0285780274524294,BL30_D90_Tk2_F03,Intestine,yes,yes,BL30,blue_whiting_hydrolysate_30,30,0,90,2,3,BL30_D90,/home/dani/descartes_exp2/result_X204SC25103850-Z01-F001/01.RawData/Z2.3t90/Z2.3t90.raw_1.fastq.gz,/home/dani/descartes_exp2/result_X204SC25103850-Z01-F001/01.RawData/Z2.3t90/Z2.3t90.raw_2.fastq.gz,/home/dani/descartes_exp2/custom_dada2_preprocessing/data/raw_reads/by_sample/Z2.3t90/Z2.3t90.raw_1.fastq.gz,/home/dani/descartes_exp2/custom_dada2_preprocessing/data/raw_reads/by_sample/Z2.3t90/Z2.3t90.raw_2.fastq.gz,BL30,blue_whiting_hydrolysate_30,D90,62755,62755,56550,56470,56339,89.7761134570951,D90,Hydrolysate,Hydrolysate_30,BL30_D90,ASV
Z2.4t30,15,1.58328178535792,0.750808553679505,0.584657472270456,BL30_D30_Tk2_F04,Intestine,yes,yes,BL30,blue_whiting_hydrolysate_30,30,0,30,2,4,BL30_D30,/home/dani/descartes_exp2/result_X204SC25103850-Z01-F001/01.RawData/Z2.4t30/Z2.4t30.raw_1.fastq.gz,/home/dani/descartes_exp2/result_X204SC25103850-Z01-F001/01.RawData/Z2.4t30/Z2.4t30.raw_2.fastq.gz,/home/dani/descartes_exp2/custom_dada2_preprocessing/data/raw_reads/by_sample/Z2.4t30/Z2.4t30.raw_1.fastq.gz,/home/dani/descartes_exp2/custom_dada2_preprocessing/data/raw_reads/by_sample/Z2.4t30/Z2.4t30.raw_2.fastq.gz,BL30,blue_whiting_hydrolysate_30,D30,66441,66441,60041,59884,56783,85.4637949458919,D30,Hydrolysate,Hydrolysate_30,BL30_D30,ASV
Z2.4t7,80,2.80529609723952,0.860048429667056,0.640182347373681,BL30_D07_Tk2_F04,Intestine,yes,yes,BL30,blue_whiting_hydrolysate_30,30,0,7,2,4,BL30_D07,/home/dani/descartes_exp2/result_X204SC25103850-Z01-F001/01.RawData/Z2.4t7/Z2.4t7.raw_1.fastq.gz,/home/dani/descartes_exp2/result_X204SC25103850-Z01-F001/01.RawData/Z2.4t7/Z2.4t7.raw_2.fastq.gz,/home/dani/descartes_exp2/custom_dada2_preprocessing/data/raw_reads/by_sample/Z2.4t7/Z2.4t7.raw_1.fastq.gz,/home/dani/descartes_exp2/custom_dada2_preprocessing/data/raw_reads/by_sample/Z2.4t7/Z2.4t7.raw_2.fastq.gz,BL30,blue_whiting_hydrolysate_30,D07,63178,63178,55238,48291,37792,59.8182911773086,D07,Hydrolysate,Hydrolysate_30,BL30_D07,ASV
Z2.4t90,9,1.50864381488388,0.714345569476813,0.686613389657631,BL30_D90_Tk2_F04,Intestine,yes,yes,BL30,blue_whiting_hydrolysate_30,30,0,90,2,4,BL30_D90,/home/dani/descartes_exp2/result_X204SC25103850-Z01-F001/01.RawData/Z2.4t90/Z2.4t90.raw_1.fastq.gz,/home/dani/descartes_exp2/result_X204SC25103850-Z01-F001/01.RawData/Z2.4t90/Z2.4t90.raw_2.fastq.gz,/home/dani/descartes_exp2/custom_dada2_preprocessing/data/raw_reads/by_sample/Z2.4t90/Z2.4t90.raw_1.fastq.gz,/home/dani/descartes_exp2/custom_dada2_preprocessing/data/raw_reads/by_sample/Z2.4t90/Z2.4t90.raw_2.fastq.gz,BL30,blue_whiting_hydrolysate_30,D90,63774,63774,58967,58873,56773,89.022172045034,D90,Hydrolysate,Hydrolysate_30,BL30_D90,ASV
Z2.5t30,18,2.01593791451002,0.793330443315939,0.697466652517174,BL30_D30_Tk2_F05,Intestine,yes,yes,BL30,blue_whiting_hydrolysate_30,30,0,30,2,5,BL30_D30,/home/dani/descartes_exp2/result_X204SC25103850-Z01-F001/01.RawData/Z2.5t30/Z2.5t30.raw_1.fastq.gz,/home/dani/descartes_exp2/result_X204SC25103850-Z01-F001/01.RawData/Z2.5t30/Z2.5t30.raw_2.fastq.gz,/home/dani/descartes_exp2/custom_dada2_preprocessing/data/raw_reads/by_sample/Z2.5t30/Z2.5t30.raw_1.fastq.gz,/home/dani/descartes_exp2/custom_dada2_preprocessing/data/raw_reads/by_sample/Z2.5t30/Z2.5t30.raw_2.fastq.gz,BL30,blue_whiting_hydrolysate_30,D30,62269,62269,56499,56004,41498,66.6431129454464,D30,Hydrolysate,Hydrolysate_30,BL30_D30,ASV
Z2.5t7,34,1.408294888099,0.616066018318453,0.399362140730716,BL30_D07_Tk2_F05,Intestine,yes,yes,BL30,blue_whiting_hydrolysate_30,30,0,7,2,5,BL30_D07,/home/dani/descartes_exp2/result_X204SC25103850-Z01-F001/01.RawData/Z2.5t7/Z2.5t7.raw_1.fastq.gz,/home/dani/descartes_exp2/result_X204SC25103850-Z01-F001/01.RawData/Z2.5t7/Z2.5t7.raw_2.fastq.gz,/home/dani/descartes_exp2/custom_dada2_preprocessing/data/raw_reads/by_sample/Z2.5t7/Z2.5t7.raw_1.fastq.gz,/home/dani/descartes_exp2/custom_dada2_preprocessing/data/raw_reads/by_sample/Z2.5t7/Z2.5t7.raw_2.fastq.gz,BL30,blue_whiting_hydrolysate_30,D07,62910,62910,58618,57847,57166,90.8694961055476,D07,Hydrolysate,Hydrolysate_30,BL30_D07,ASV
Z2.5t90,14,0.133952804033207,0.0372698076205854,0.0507578227005534,BL30_D90_Tk2_F05,Intestine,yes,yes,BL30,blue_whiting_hydrolysate_30,30,0,90,2,5,BL30_D90,/home/dani/descartes_exp2/result_X204SC25103850-Z01-F001/01.RawData/Z2.5t90/Z2.5t90.raw_1.fastq.gz,/home/dani/descartes_exp2/result_X204SC25103850-Z01-F001/01.RawData/Z2.5t90/Z2.5t90.raw_2.fastq.gz,/home/dani/descartes_exp2/custom_dada2_preprocessing/data/raw_reads/by_sample/Z2.5t90/Z2.5t90.raw_1.fastq.gz,/home/dani/descartes_exp2/custom_dada2_preprocessing/data/raw_reads/by_sample/Z2.5t90/Z2.5t90.raw_2.fastq.gz,BL30,blue_whiting_hydrolysate_30,D90,77731,77731,71678,71525,71412,91.8706822245951,D90,Hydrolysate,Hydrolysate_30,BL30_D90,ASV
Z3.1t30,12,1.57687183978616,0.751709959987781,0.634579910646018,BL30_D30_Tk3_F01,Intestine,yes,yes,BL30,blue_whiting_hydrolysate_30,30,0,30,3,1,BL30_D30,/home/dani/descartes_exp2/result_X204SC25103850-Z01-F001/01.RawData/Z3.1t30/Z3.1t30.raw_1.fastq.gz,/home/dani/descartes_exp2/result_X204SC25103850-Z01-F001/01.RawData/Z3.1t30/Z3.1t30.raw_2.fastq.gz,/home/dani/descartes_exp2/custom_dada2_preprocessing/data/raw_reads/by_sample/Z3.1t30/Z3.1t30.raw_1.fastq.gz,/home/dani/descartes_exp2/custom_dada2_preprocessing/data/raw_reads/by_sample/Z3.1t30/Z3.1t30.raw_2.fastq.gz,BL30,blue_whiting_hydrolysate_30,D30,73011,73011,67148,66865,65664,89.9371327608169,D30,Hydrolysate,Hydrolysate_30,BL30_D30,ASV
Z3.1t7,87,2.53893221980687,0.817895029620971,0.568514208611116,BL30_D07_Tk3_F01,Intestine,yes,yes,BL30,blue_whiting_hydrolysate_30,30,0,7,3,1,BL30_D07,/home/dani/descartes_exp2/result_X204SC25103850-Z01-F001/01.RawData/Z3.1t7/Z3.1t7.raw_1.fastq.gz,/home/dani/descartes_exp2/result_X204SC25103850-Z01-F001/01.RawData/Z3.1t7/Z3.1t7.raw_2.fastq.gz,/home/dani/descartes_exp2/custom_dada2_preprocessing/data/raw_reads/by_sample/Z3.1t7/Z3.1t7.raw_1.fastq.gz,/home/dani/descartes_exp2/custom_dada2_preprocessing/data/raw_reads/by_sample/Z3.1t7/Z3.1t7.raw_2.fastq.gz,BL30,blue_whiting_hydrolysate_30,D07,71460,71460,59746,54473,44782,62.667226420375,D07,Hydrolysate,Hydrolysate_30,BL30_D07,ASV
Z3.1t90,22,1.51008665419707,0.660512104198107,0.488536368226327,BL30_D90_Tk3_F01,Intestine,yes,yes,BL30,blue_whiting_hydrolysate_30,30,0,90,3,1,BL30_D90,/home/dani/descartes_exp2/result_X204SC25103850-Z01-F001/01.RawData/Z3.1t90/Z3.1t90.raw_1.fastq.gz,/home/dani/descartes_exp2/result_X204SC25103850-Z01-F001/01.RawData/Z3.1t90/Z3.1t90.raw_2.fastq.gz,/home/dani/descartes_exp2/custom_dada2_preprocessing/data/raw_reads/by_sample/Z3.1t90/Z3.1t90.raw_1.fastq.gz,/home/dani/descartes_exp2/custom_dada2_preprocessing/data/raw_reads/by_sample/Z3.1t90/Z3.1t90.raw_2.fastq.gz,BL30,blue_whiting_hydrolysate_30,D90,72859,72859,67596,66664,54049,74.1830110212877,D90,Hydrolysate,Hydrolysate_30,BL30_D90,ASV
Z3.2t30,5,1.30274066769421,0.700304455049435,0.809438287509926,BL30_D30_Tk3_F02,Intestine,yes,yes,BL30,blue_whiting_hydrolysate_30,30,0,30,3,2,BL30_D30,/home/dani/descartes_exp2/result_X204SC25103850-Z01-F001/01.RawData/Z3.2t30/Z3.2t30.raw_1.fastq.gz,/home/dani/descartes_exp2/result_X204SC25103850-Z01-F001/01.RawData/Z3.2t30/Z3.2t30.raw_2.fastq.gz,/home/dani/descartes_exp2/custom_dada2_preprocessing/data/raw_reads/by_sample/Z3.2t30/Z3.2t30.raw_1.fastq.gz,/home/dani/descartes_exp2/custom_dada2_preprocessing/data/raw_reads/by_sample/Z3.2t30/Z3.2t30.raw_2.fastq.gz,BL30,blue_whiting_hydrolysate_30,D30,65062,65062,58620,58548,58321,89.6391134610064,D30,Hydrolysate,Hydrolysate_30,BL30_D30,ASV
Z3.2t7,12,0.759011106729252,0.314370849721113,0.305448539402479,BL30_D07_Tk3_F02,Intestine,yes,yes,BL30,blue_whiting_hydrolysate_30,30,0,7,3,2,BL30_D07,/home/dani/descartes_exp2/result_X204SC25103850-Z01-F001/01.RawData/Z3.2t7/Z3.2t7.raw_1.fastq.gz,/home/dani/descartes_exp2/result_X204SC25103850-Z01-F001/01.RawData/Z3.2t7/Z3.2t7.raw_2.fastq.gz,/home/dani/descartes_exp2/custom_dada2_preprocessing/data/raw_reads/by_sample/Z3.2t7/Z3.2t7.raw_1.fastq.gz,/home/dani/descartes_exp2/custom_dada2_preprocessing/data/raw_reads/by_sample/Z3.2t7/Z3.2t7.raw_2.fastq.gz,BL30,blue_whiting_hydrolysate_30,D07,64233,64233,57928,57850,57604,89.6797596251148,D07,Hydrolysate,Hydrolysate_30,BL30_D07,ASV
Z3.2t90,7,0.0120959115645111,0.00264276983685219,0.00621606890245333,BL30_D90_Tk3_F02,Intestine,yes,yes,BL30,blue_whiting_hydrolysate_30,30,0,90,3,2,BL30_D90,/home/dani/descartes_exp2/result_X204SC25103850-Z01-F001/01.RawData/Z3.2t90/Z3.2t90.raw_1.fastq.gz,/home/dani/descartes_exp2/result_X204SC25103850-Z01-F001/01.RawData/Z3.2t90/Z3.2t90.raw_2.fastq.gz,/home/dani/descartes_exp2/custom_dada2_preprocessing/data/raw_reads/by_sample/Z3.2t90/Z3.2t90.raw_1.fastq.gz,/home/dani/descartes_exp2/custom_dada2_preprocessing/data/raw_reads/by_sample/Z3.2t90/Z3.2t90.raw_2.fastq.gz,BL30,blue_whiting_hydrolysate_30,D90,62131,62131,56139,56126,56118,90.3220614508056,D90,Hydrolysate,Hydrolysate_30,BL30_D90,ASV
Z3.3t30,23,1.71078003470858,0.684063727216371,0.545617346706418,BL30_D30_Tk3_F03,Intestine,yes,yes,BL30,blue_whiting_hydrolysate_30,30,0,30,3,3,BL30_D30,/home/dani/descartes_exp2/result_X204SC25103850-Z01-F001/01.RawData/Z3.3t30/Z3.3t30.raw_1.fastq.gz,/home/dani/descartes_exp2/result_X204SC25103850-Z01-F001/01.RawData/Z3.3t30/Z3.3t30.raw_2.fastq.gz,/home/dani/descartes_exp2/custom_dada2_preprocessing/data/raw_reads/by_sample/Z3.3t30/Z3.3t30.raw_1.fastq.gz,/home/dani/descartes_exp2/custom_dada2_preprocessing/data/raw_reads/by_sample/Z3.3t30/Z3.3t30.raw_2.fastq.gz,BL30,blue_whiting_hydrolysate_30,D30,64072,64072,59392,58961,58570,91.4127856161818,D30,Hydrolysate,Hydrolysate_30,BL30_D30,ASV
Z3.3t7,17,1.85362845851278,0.786588129139376,0.654249515802084,BL30_D07_Tk3_F03,Intestine,yes,yes,BL30,blue_whiting_hydrolysate_30,30,0,7,3,3,BL30_D07,/home/dani/descartes_exp2/result_X204SC25103850-Z01-F001/01.RawData/Z3.3t7/Z3.3t7.raw_1.fastq.gz,/home/dani/descartes_exp2/result_X204SC25103850-Z01-F001/01.RawData/Z3.3t7/Z3.3t7.raw_2.fastq.gz,/home/dani/descartes_exp2/custom_dada2_preprocessing/data/raw_reads/by_sample/Z3.3t7/Z3.3t7.raw_1.fastq.gz,/home/dani/descartes_exp2/custom_dada2_preprocessing/data/raw_reads/by_sample/Z3.3t7/Z3.3t7.raw_2.fastq.gz,BL30,blue_whiting_hydrolysate_30,D07,65152,65152,59630,59503,58791,90.2366773084479,D07,Hydrolysate,Hydrolysate_30,BL30_D07,ASV
Z3.3t90,30,0.483888035823337,0.164003242022283,0.142269907189821,BL30_D90_Tk3_F03,Intestine,yes,yes,BL30,blue_whiting_hydrolysate_30,30,0,90,3,3,BL30_D90,/home/dani/descartes_exp2/result_X204SC25103850-Z01-F001/01.RawData/Z3.3t90/Z3.3t90.raw_1.fastq.gz,/home/dani/descartes_exp2/result_X204SC25103850-Z01-F001/01.RawData/Z3.3t90/Z3.3t90.raw_2.fastq.gz,/home/dani/descartes_exp2/custom_dada2_preprocessing/data/raw_reads/by_sample/Z3.3t90/Z3.3t90.raw_1.fastq.gz,/home/dani/descartes_exp2/custom_dada2_preprocessing/data/raw_reads/by_sample/Z3.3t90/Z3.3t90.raw_2.fastq.gz,BL30,blue_whiting_hydrolysate_30,D90,72191,72191,66254,65984,65920,91.3133216051862,D90,Hydrolysate,Hydrolysate_30,BL30_D90,ASV
Z3.4t30,16,1.3836212927599,0.673706098840399,0.499035894383269,BL30_D30_Tk3_F04,Intestine,yes,yes,BL30,blue_whiting_hydrolysate_30,30,0,30,3,4,BL30_D30,/home/dani/descartes_exp2/result_X204SC25103850-Z01-F001/01.RawData/Z3.4t30/Z3.4t30.raw_1.fastq.gz,/home/dani/descartes_exp2/result_X204SC25103850-Z01-F001/01.RawData/Z3.4t30/Z3.4t30.raw_2.fastq.gz,/home/dani/descartes_exp2/custom_dada2_preprocessing/data/raw_reads/by_sample/Z3.4t30/Z3.4t30.raw_1.fastq.gz,/home/dani/descartes_exp2/custom_dada2_preprocessing/data/raw_reads/by_sample/Z3.4t30/Z3.4t30.raw_2.fastq.gz,BL30,blue_whiting_hydrolysate_30,D30,67564,67564,61778,61496,60530,89.5891303060802,D30,Hydrolysate,Hydrolysate_30,BL30_D30,ASV
Z3.4t7,27,1.60819794329834,0.579560083040594,0.487948284056916,BL30_D07_Tk3_F04,Intestine,yes,yes,BL30,blue_whiting_hydrolysate_30,30,0,7,3,4,BL30_D07,/home/dani/descartes_exp2/result_X204SC25103850-Z01-F001/01.RawData/Z3.4t7/Z3.4t7.raw_1.fastq.gz,/home/dani/descartes_exp2/result_X204SC25103850-Z01-F001/01.RawData/Z3.4t7/Z3.4t7.raw_2.fastq.gz,/home/dani/descartes_exp2/custom_dada2_preprocessing/data/raw_reads/by_sample/Z3.4t7/Z3.4t7.raw_1.fastq.gz,/home/dani/descartes_exp2/custom_dada2_preprocessing/data/raw_reads/by_sample/Z3.4t7/Z3.4t7.raw_2.fastq.gz,BL30,blue_whiting_hydrolysate_30,D07,62127,62127,58271,57556,55727,89.6985207719671,D07,Hydrolysate,Hydrolysate_30,BL30_D07,ASV
Z3.4t90,12,0.0544760727776992,0.0140600096547745,0.0219227844162061,BL30_D90_Tk3_F04,Intestine,yes,yes,BL30,blue_whiting_hydrolysate_30,30,0,90,3,4,BL30_D90,/home/dani/descartes_exp2/result_X204SC25103850-Z01-F001/01.RawData/Z3.4t90/Z3.4t90.raw_1.fastq.gz,/home/dani/descartes_exp2/result_X204SC25103850-Z01-F001/01.RawData/Z3.4t90/Z3.4t90.raw_2.fastq.gz,/home/dani/descartes_exp2/custom_dada2_preprocessing/data/raw_reads/by_sample/Z3.4t90/Z3.4t90.raw_1.fastq.gz,/home/dani/descartes_exp2/custom_dada2_preprocessing/data/raw_reads/by_sample/Z3.4t90/Z3.4t90.raw_2.fastq.gz,BL30,blue_whiting_hydrolysate_30,D90,66550,66550,59759,59614,59583,89.5311795642374,D90,Hydrolysate,Hydrolysate_30,BL30_D90,ASV
Z3.5t30,39,2.37316548961931,0.815516824651011,0.647775503416582,BL30_D30_Tk3_F05,Intestine,yes,yes,BL30,blue_whiting_hydrolysate_30,30,0,30,3,5,BL30_D30,/home/dani/descartes_exp2/result_X204SC25103850-Z01-F001/01.RawData/Z3.5t30/Z3.5t30.raw_1.fastq.gz,/home/dani/descartes_exp2/result_X204SC25103850-Z01-F001/01.RawData/Z3.5t30/Z3.5t30.raw_2.fastq.gz,/home/dani/descartes_exp2/custom_dada2_preprocessing/data/raw_reads/by_sample/Z3.5t30/Z3.5t30.raw_1.fastq.gz,/home/dani/descartes_exp2/custom_dada2_preprocessing/data/raw_reads/by_sample/Z3.5t30/Z3.5t30.raw_2.fastq.gz,BL30,blue_whiting_hydrolysate_30,D30,63913,63913,59089,57854,51348,80.3404628166414,D30,Hydrolysate,Hydrolysate_30,BL30_D30,ASV
Z3.5t7,13,1.74059874647756,0.795196262897724,0.678609400772023,BL30_D07_Tk3_F05,Intestine,yes,yes,BL30,blue_whiting_hydrolysate_30,30,0,7,3,5,BL30_D07,/home/dani/descartes_exp2/result_X204SC25103850-Z01-F001/01.RawData/Z3.5t7/Z3.5t7.raw_1.fastq.gz,/home/dani/descartes_exp2/result_X204SC25103850-Z01-F001/01.RawData/Z3.5t7/Z3.5t7.raw_2.fastq.gz,/home/dani/descartes_exp2/custom_dada2_preprocessing/data/raw_reads/by_sample/Z3.5t7/Z3.5t7.raw_1.fastq.gz,/home/dani/descartes_exp2/custom_dada2_preprocessing/data/raw_reads/by_sample/Z3.5t7/Z3.5t7.raw_2.fastq.gz,BL30,blue_whiting_hydrolysate_30,D07,66440,66440,59808,59634,48849,73.5234798314269,D07,Hydrolysate,Hydrolysate_30,BL30_D07,ASV
Z3.5t90,5,0.0162423011644482,0.00389050760042986,0.0100919091311099,BL30_D90_Tk3_F05,Intestine,yes,yes,BL30,blue_whiting_hydrolysate_30,30,0,90,3,5,BL30_D90,/home/dani/descartes_exp2/result_X204SC25103850-Z01-F001/01.RawData/Z3.5t90/Z3.5t90.raw_1.fastq.gz,/home/dani/descartes_exp2/result_X204SC25103850-Z01-F001/01.RawData/Z3.5t90/Z3.5t90.raw_2.fastq.gz,/home/dani/descartes_exp2/custom_dada2_preprocessing/data/raw_reads/by_sample/Z3.5t90/Z3.5t90.raw_1.fastq.gz,/home/dani/descartes_exp2/custom_dada2_preprocessing/data/raw_reads/by_sample/Z3.5t90/Z3.5t90.raw_2.fastq.gz,BL30,blue_whiting_hydrolysate_30,D90,69459,69459,63675,63657,63657,91.646870815877,D90,Hydrolysate,Hydrolysate_30,BL30_D90,ASV
