"sample_id","Observed","Shannon","Simpson","sample_id_clean","sample_type","include_qc","include_biological_analysis","diet_code","diet_label","hydrolysate_percent","fishmeal_percent","timepoint_day","tank","fish","group","forward_raw","reverse_raw","forward_symlink","reverse_symlink","treatment","treatment_label","timepoint_label","pairs_processed","pairs_written","reads.out","merged","nonchim","raw_to_nonchim_pct","timepoint","hydro_group","diet_label_short","diet_time","tax_level"
"X1.1t30",1,0,0,"Ctrl_D30_Tk1_F01","Intestine","yes","yes","Ctrl","control",0,30,30,1,1,"Ctrl_D30","/home/dani/descartes_exp2/result_X204SC25103850-Z01-F001/01.RawData/X1.1t30/X1.1t30.raw_1.fastq.gz","/home/dani/descartes_exp2/result_X204SC25103850-Z01-F001/01.RawData/X1.1t30/X1.1t30.raw_2.fastq.gz","/home/dani/descartes_exp2/custom_dada2_preprocessing/data/raw_reads/by_sample/X1.1t30/X1.1t30.raw_1.fastq.gz","/home/dani/descartes_exp2/custom_dada2_preprocessing/data/raw_reads/by_sample/X1.1t30/X1.1t30.raw_2.fastq.gz","Ctrl","control","D30",69656,69656,64833,64786,55037,79.0125760882049,"D30","Ctrl","Control","Ctrl_D30","Genus"
"X1.1t7",7,0.0969792414514088,0.034613869295533,"Ctrl_D07_Tk1_F01","Intestine","yes","yes","Ctrl","control",0,30,7,1,1,"Ctrl_D07","/home/dani/descartes_exp2/result_X204SC25103850-Z01-F001/01.RawData/X1.1t7/X1.1t7.raw_1.fastq.gz","/home/dani/descartes_exp2/result_X204SC25103850-Z01-F001/01.RawData/X1.1t7/X1.1t7.raw_2.fastq.gz","/home/dani/descartes_exp2/custom_dada2_preprocessing/data/raw_reads/by_sample/X1.1t7/X1.1t7.raw_1.fastq.gz","/home/dani/descartes_exp2/custom_dada2_preprocessing/data/raw_reads/by_sample/X1.1t7/X1.1t7.raw_2.fastq.gz","Ctrl","control","D07",81909,81909,77144,70326,70309,85.837942106484,"D07","Ctrl","Control","Ctrl_D07","Genus"
"X1.1t90",7,0.23001720402177,0.111197450692558,"Ctrl_D90_Tk1_F01","Intestine","yes","yes","Ctrl","control",0,30,90,1,1,"Ctrl_D90","/home/dani/descartes_exp2/result_X204SC25103850-Z01-F001/01.RawData/X1.1t90/X1.1t90.raw_1.fastq.gz","/home/dani/descartes_exp2/result_X204SC25103850-Z01-F001/01.RawData/X1.1t90/X1.1t90.raw_2.fastq.gz","/home/dani/descartes_exp2/custom_dada2_preprocessing/data/raw_reads/by_sample/X1.1t90/X1.1t90.raw_1.fastq.gz","/home/dani/descartes_exp2/custom_dada2_preprocessing/data/raw_reads/by_sample/X1.1t90/X1.1t90.raw_2.fastq.gz","Ctrl","control","D90",65837,65837,61410,61212,59048,89.6881692665219,"D90","Ctrl","Control","Ctrl_D90","Genus"
"X1.2t30",5,0.0274330166243651,0.00792545225849783,"Ctrl_D30_Tk1_F02","Intestine","yes","yes","Ctrl","control",0,30,30,1,2,"Ctrl_D30","/home/dani/descartes_exp2/result_X204SC25103850-Z01-F001/01.RawData/X1.2t30/X1.2t30.raw_1.fastq.gz","/home/dani/descartes_exp2/result_X204SC25103850-Z01-F001/01.RawData/X1.2t30/X1.2t30.raw_2.fastq.gz","/home/dani/descartes_exp2/custom_dada2_preprocessing/data/raw_reads/by_sample/X1.2t30/X1.2t30.raw_1.fastq.gz","/home/dani/descartes_exp2/custom_dada2_preprocessing/data/raw_reads/by_sample/X1.2t30/X1.2t30.raw_2.fastq.gz","Ctrl","control","D30",75345,75345,69058,68914,66628,88.4305527904971,"D30","Ctrl","Control","Ctrl_D30","Genus"
"X1.2t7",9,0.0847124453674226,0.0223731990554799,"Ctrl_D07_Tk1_F02","Intestine","yes","yes","Ctrl","control",0,30,7,1,2,"Ctrl_D07","/home/dani/descartes_exp2/result_X204SC25103850-Z01-F001/01.RawData/X1.2t7/X1.2t7.raw_1.fastq.gz","/home/dani/descartes_exp2/result_X204SC25103850-Z01-F001/01.RawData/X1.2t7/X1.2t7.raw_2.fastq.gz","/home/dani/descartes_exp2/custom_dada2_preprocessing/data/raw_reads/by_sample/X1.2t7/X1.2t7.raw_1.fastq.gz","/home/dani/descartes_exp2/custom_dada2_preprocessing/data/raw_reads/by_sample/X1.2t7/X1.2t7.raw_2.fastq.gz","Ctrl","control","D07",62125,62125,57018,52422,52196,84.0177062374246,"D07","Ctrl","Control","Ctrl_D07","Genus"
"X1.2t90",3,0.213623807150395,0.104091935106614,"Ctrl_D90_Tk1_F02","Intestine","yes","yes","Ctrl","control",0,30,90,1,2,"Ctrl_D90","/home/dani/descartes_exp2/result_X204SC25103850-Z01-F001/01.RawData/X1.2t90/X1.2t90.raw_1.fastq.gz","/home/dani/descartes_exp2/result_X204SC25103850-Z01-F001/01.RawData/X1.2t90/X1.2t90.raw_2.fastq.gz","/home/dani/descartes_exp2/custom_dada2_preprocessing/data/raw_reads/by_sample/X1.2t90/X1.2t90.raw_1.fastq.gz","/home/dani/descartes_exp2/custom_dada2_preprocessing/data/raw_reads/by_sample/X1.2t90/X1.2t90.raw_2.fastq.gz","Ctrl","control","D90",64382,64382,58856,58769,56124,87.1734335683887,"D90","Ctrl","Control","Ctrl_D90","Genus"
"X1.3t30",6,0.0477377470059233,0.0134204210593126,"Ctrl_D30_Tk1_F03","Intestine","yes","yes","Ctrl","control",0,30,30,1,3,"Ctrl_D30","/home/dani/descartes_exp2/result_X204SC25103850-Z01-F001/01.RawData/X1.3t30/X1.3t30.raw_1.fastq.gz","/home/dani/descartes_exp2/result_X204SC25103850-Z01-F001/01.RawData/X1.3t30/X1.3t30.raw_2.fastq.gz","/home/dani/descartes_exp2/custom_dada2_preprocessing/data/raw_reads/by_sample/X1.3t30/X1.3t30.raw_1.fastq.gz","/home/dani/descartes_exp2/custom_dada2_preprocessing/data/raw_reads/by_sample/X1.3t30/X1.3t30.raw_2.fastq.gz","Ctrl","control","D30",63556,63556,57927,57688,57242,90.0654540877337,"D30","Ctrl","Control","Ctrl_D30","Genus"
"X1.3t7",52,2.92952879195692,0.916459389797467,"Ctrl_D07_Tk1_F03","Intestine","yes","yes","Ctrl","control",0,30,7,1,3,"Ctrl_D07","/home/dani/descartes_exp2/result_X204SC25103850-Z01-F001/01.RawData/X1.3t7/X1.3t7.raw_1.fastq.gz","/home/dani/descartes_exp2/result_X204SC25103850-Z01-F001/01.RawData/X1.3t7/X1.3t7.raw_2.fastq.gz","/home/dani/descartes_exp2/custom_dada2_preprocessing/data/raw_reads/by_sample/X1.3t7/X1.3t7.raw_1.fastq.gz","/home/dani/descartes_exp2/custom_dada2_preprocessing/data/raw_reads/by_sample/X1.3t7/X1.3t7.raw_2.fastq.gz","Ctrl","control","D07",63569,63569,56825,54233,49561,77.9641019994022,"D07","Ctrl","Control","Ctrl_D07","Genus"
"X1.3t90",3,0.010236500811263,0.00248823587927494,"Ctrl_D90_Tk1_F03","Intestine","yes","yes","Ctrl","control",0,30,90,1,3,"Ctrl_D90","/home/dani/descartes_exp2/result_X204SC25103850-Z01-F001/01.RawData/X1.3t90/X1.3t90.raw_1.fastq.gz","/home/dani/descartes_exp2/result_X204SC25103850-Z01-F001/01.RawData/X1.3t90/X1.3t90.raw_2.fastq.gz","/home/dani/descartes_exp2/custom_dada2_preprocessing/data/raw_reads/by_sample/X1.3t90/X1.3t90.raw_1.fastq.gz","/home/dani/descartes_exp2/custom_dada2_preprocessing/data/raw_reads/by_sample/X1.3t90/X1.3t90.raw_2.fastq.gz","Ctrl","control","D90",63635,63635,58439,58305,57396,90.1956470495796,"D90","Ctrl","Control","Ctrl_D90","Genus"
"X1.4t30",5,0.0115170105397883,0.0025713623009882,"Ctrl_D30_Tk1_F04","Intestine","yes","yes","Ctrl","control",0,30,30,1,4,"Ctrl_D30","/home/dani/descartes_exp2/result_X204SC25103850-Z01-F001/01.RawData/X1.4t30/X1.4t30.raw_1.fastq.gz","/home/dani/descartes_exp2/result_X204SC25103850-Z01-F001/01.RawData/X1.4t30/X1.4t30.raw_2.fastq.gz","/home/dani/descartes_exp2/custom_dada2_preprocessing/data/raw_reads/by_sample/X1.4t30/X1.4t30.raw_1.fastq.gz","/home/dani/descartes_exp2/custom_dada2_preprocessing/data/raw_reads/by_sample/X1.4t30/X1.4t30.raw_2.fastq.gz","Ctrl","control","D30",65358,65358,60625,60535,52099,79.7132715199363,"D30","Ctrl","Control","Ctrl_D30","Genus"
"X1.4t7",26,1.2353107085405,0.423664828511579,"Ctrl_D07_Tk1_F04","Intestine","yes","yes","Ctrl","control",0,30,7,1,4,"Ctrl_D07","/home/dani/descartes_exp2/result_X204SC25103850-Z01-F001/01.RawData/X1.4t7/X1.4t7.raw_1.fastq.gz","/home/dani/descartes_exp2/result_X204SC25103850-Z01-F001/01.RawData/X1.4t7/X1.4t7.raw_2.fastq.gz","/home/dani/descartes_exp2/custom_dada2_preprocessing/data/raw_reads/by_sample/X1.4t7/X1.4t7.raw_1.fastq.gz","/home/dani/descartes_exp2/custom_dada2_preprocessing/data/raw_reads/by_sample/X1.4t7/X1.4t7.raw_2.fastq.gz","Ctrl","control","D07",76027,76027,68881,67564,65525,86.1864863798387,"D07","Ctrl","Control","Ctrl_D07","Genus"
"X1.4t90",7,0.191298965565696,0.0866807585727106,"Ctrl_D90_Tk1_F04","Intestine","yes","yes","Ctrl","control",0,30,90,1,4,"Ctrl_D90","/home/dani/descartes_exp2/result_X204SC25103850-Z01-F001/01.RawData/X1.4t90/X1.4t90.raw_1.fastq.gz","/home/dani/descartes_exp2/result_X204SC25103850-Z01-F001/01.RawData/X1.4t90/X1.4t90.raw_2.fastq.gz","/home/dani/descartes_exp2/custom_dada2_preprocessing/data/raw_reads/by_sample/X1.4t90/X1.4t90.raw_1.fastq.gz","/home/dani/descartes_exp2/custom_dada2_preprocessing/data/raw_reads/by_sample/X1.4t90/X1.4t90.raw_2.fastq.gz","Ctrl","control","D90",65964,65964,59942,59779,57543,87.233945788612,"D90","Ctrl","Control","Ctrl_D90","Genus"
"X1.5t30",5,0.00767762335450442,0.00174055864722233,"Ctrl_D30_Tk1_F05","Intestine","yes","yes","Ctrl","control",0,30,30,1,5,"Ctrl_D30","/home/dani/descartes_exp2/result_X204SC25103850-Z01-F001/01.RawData/X1.5t30/X1.5t30.raw_1.fastq.gz","/home/dani/descartes_exp2/result_X204SC25103850-Z01-F001/01.RawData/X1.5t30/X1.5t30.raw_2.fastq.gz","/home/dani/descartes_exp2/custom_dada2_preprocessing/data/raw_reads/by_sample/X1.5t30/X1.5t30.raw_1.fastq.gz","/home/dani/descartes_exp2/custom_dada2_preprocessing/data/raw_reads/by_sample/X1.5t30/X1.5t30.raw_2.fastq.gz","Ctrl","control","D30",78607,78607,72906,72437,71077,90.4207004465251,"D30","Ctrl","Control","Ctrl_D30","Genus"
"X1.5t7",39,2.41099130800054,0.799834729689092,"Ctrl_D07_Tk1_F05","Intestine","yes","yes","Ctrl","control",0,30,7,1,5,"Ctrl_D07","/home/dani/descartes_exp2/result_X204SC25103850-Z01-F001/01.RawData/X1.5t7/X1.5t7.raw_1.fastq.gz","/home/dani/descartes_exp2/result_X204SC25103850-Z01-F001/01.RawData/X1.5t7/X1.5t7.raw_2.fastq.gz","/home/dani/descartes_exp2/custom_dada2_preprocessing/data/raw_reads/by_sample/X1.5t7/X1.5t7.raw_1.fastq.gz","/home/dani/descartes_exp2/custom_dada2_preprocessing/data/raw_reads/by_sample/X1.5t7/X1.5t7.raw_2.fastq.gz","Ctrl","control","D07",66218,66218,59708,57357,56215,84.8938355130025,"D07","Ctrl","Control","Ctrl_D07","Genus"
"X1.5t90",2,0.275800501665069,0.145161779238723,"Ctrl_D90_Tk1_F05","Intestine","yes","yes","Ctrl","control",0,30,90,1,5,"Ctrl_D90","/home/dani/descartes_exp2/result_X204SC25103850-Z01-F001/01.RawData/X1.5t90/X1.5t90.raw_1.fastq.gz","/home/dani/descartes_exp2/result_X204SC25103850-Z01-F001/01.RawData/X1.5t90/X1.5t90.raw_2.fastq.gz","/home/dani/descartes_exp2/custom_dada2_preprocessing/data/raw_reads/by_sample/X1.5t90/X1.5t90.raw_1.fastq.gz","/home/dani/descartes_exp2/custom_dada2_preprocessing/data/raw_reads/by_sample/X1.5t90/X1.5t90.raw_2.fastq.gz","Ctrl","control","D90",64173,64173,59591,59366,56855,88.5964502204977,"D90","Ctrl","Control","Ctrl_D90","Genus"
"X2.1t30",12,0.175348805450181,0.0548692868865949,"Ctrl_D30_Tk2_F01","Intestine","yes","yes","Ctrl","control",0,30,30,2,1,"Ctrl_D30","/home/dani/descartes_exp2/result_X204SC25103850-Z01-F001/01.RawData/X2.1t30/X2.1t30.raw_1.fastq.gz","/home/dani/descartes_exp2/result_X204SC25103850-Z01-F001/01.RawData/X2.1t30/X2.1t30.raw_2.fastq.gz","/home/dani/descartes_exp2/custom_dada2_preprocessing/data/raw_reads/by_sample/X2.1t30/X2.1t30.raw_1.fastq.gz","/home/dani/descartes_exp2/custom_dada2_preprocessing/data/raw_reads/by_sample/X2.1t30/X2.1t30.raw_2.fastq.gz","Ctrl","control","D30",64301,64301,59077,58925,53953,83.9069376837063,"D30","Ctrl","Control","Ctrl_D30","Genus"
"X2.1t7",46,2.45075745864893,0.842606975781538,"Ctrl_D07_Tk2_F01","Intestine","yes","yes","Ctrl","control",0,30,7,2,1,"Ctrl_D07","/home/dani/descartes_exp2/result_X204SC25103850-Z01-F001/01.RawData/X2.1t7/X2.1t7.raw_1.fastq.gz","/home/dani/descartes_exp2/result_X204SC25103850-Z01-F001/01.RawData/X2.1t7/X2.1t7.raw_2.fastq.gz","/home/dani/descartes_exp2/custom_dada2_preprocessing/data/raw_reads/by_sample/X2.1t7/X2.1t7.raw_1.fastq.gz","/home/dani/descartes_exp2/custom_dada2_preprocessing/data/raw_reads/by_sample/X2.1t7/X2.1t7.raw_2.fastq.gz","Ctrl","control","D07",62030,62030,54110,46426,43573,70.2450427212639,"D07","Ctrl","Control","Ctrl_D07","Genus"
"X2.1t90",3,0.148837936272052,0.0609508768584133,"Ctrl_D90_Tk2_F01","Intestine","yes","yes","Ctrl","control",0,30,90,2,1,"Ctrl_D90","/home/dani/descartes_exp2/result_X204SC25103850-Z01-F001/01.RawData/X2.1t90/X2.1t90.raw_1.fastq.gz","/home/dani/descartes_exp2/result_X204SC25103850-Z01-F001/01.RawData/X2.1t90/X2.1t90.raw_2.fastq.gz","/home/dani/descartes_exp2/custom_dada2_preprocessing/data/raw_reads/by_sample/X2.1t90/X2.1t90.raw_1.fastq.gz","/home/dani/descartes_exp2/custom_dada2_preprocessing/data/raw_reads/by_sample/X2.1t90/X2.1t90.raw_2.fastq.gz","Ctrl","control","D90",63727,63727,59564,59477,57773,90.6570213567248,"D90","Ctrl","Control","Ctrl_D90","Genus"
"X2.2t30",1,0,0,"Ctrl_D30_Tk2_F02","Intestine","yes","yes","Ctrl","control",0,30,30,2,2,"Ctrl_D30","/home/dani/descartes_exp2/result_X204SC25103850-Z01-F001/01.RawData/X2.2t30/X2.2t30.raw_1.fastq.gz","/home/dani/descartes_exp2/result_X204SC25103850-Z01-F001/01.RawData/X2.2t30/X2.2t30.raw_2.fastq.gz","/home/dani/descartes_exp2/custom_dada2_preprocessing/data/raw_reads/by_sample/X2.2t30/X2.2t30.raw_1.fastq.gz","/home/dani/descartes_exp2/custom_dada2_preprocessing/data/raw_reads/by_sample/X2.2t30/X2.2t30.raw_2.fastq.gz","Ctrl","control","D30",62029,62029,55250,55199,54720,88.2168018185043,"D30","Ctrl","Control","Ctrl_D30","Genus"
"X2.2t7",1,0,0,"Ctrl_D07_Tk2_F02","Intestine","yes","yes","Ctrl","control",0,30,7,2,2,"Ctrl_D07","/home/dani/descartes_exp2/result_X204SC25103850-Z01-F001/01.RawData/X2.2t7/X2.2t7.raw_1.fastq.gz","/home/dani/descartes_exp2/result_X204SC25103850-Z01-F001/01.RawData/X2.2t7/X2.2t7.raw_2.fastq.gz","/home/dani/descartes_exp2/custom_dada2_preprocessing/data/raw_reads/by_sample/X2.2t7/X2.2t7.raw_1.fastq.gz","/home/dani/descartes_exp2/custom_dada2_preprocessing/data/raw_reads/by_sample/X2.2t7/X2.2t7.raw_2.fastq.gz","Ctrl","control","D07",65290,65290,60049,60007,57825,88.566396079032,"D07","Ctrl","Control","Ctrl_D07","Genus"
"X2.2t90",4,0.915210472465359,0.53739258956662,"Ctrl_D90_Tk2_F02","Intestine","yes","yes","Ctrl","control",0,30,90,2,2,"Ctrl_D90","/home/dani/descartes_exp2/result_X204SC25103850-Z01-F001/01.RawData/X2.2t90/X2.2t90.raw_1.fastq.gz","/home/dani/descartes_exp2/result_X204SC25103850-Z01-F001/01.RawData/X2.2t90/X2.2t90.raw_2.fastq.gz","/home/dani/descartes_exp2/custom_dada2_preprocessing/data/raw_reads/by_sample/X2.2t90/X2.2t90.raw_1.fastq.gz","/home/dani/descartes_exp2/custom_dada2_preprocessing/data/raw_reads/by_sample/X2.2t90/X2.2t90.raw_2.fastq.gz","Ctrl","control","D90",47463,47463,44008,43494,42420,89.3748814866317,"D90","Ctrl","Control","Ctrl_D90","Genus"
"X2.3t30",9,0.0924443792694272,0.026314406914329,"Ctrl_D30_Tk2_F03","Intestine","yes","yes","Ctrl","control",0,30,30,2,3,"Ctrl_D30","/home/dani/descartes_exp2/result_X204SC25103850-Z01-F001/01.RawData/X2.3t30/X2.3t30.raw_1.fastq.gz","/home/dani/descartes_exp2/result_X204SC25103850-Z01-F001/01.RawData/X2.3t30/X2.3t30.raw_2.fastq.gz","/home/dani/descartes_exp2/custom_dada2_preprocessing/data/raw_reads/by_sample/X2.3t30/X2.3t30.raw_1.fastq.gz","/home/dani/descartes_exp2/custom_dada2_preprocessing/data/raw_reads/by_sample/X2.3t30/X2.3t30.raw_2.fastq.gz","Ctrl","control","D30",65270,65270,59527,59314,58075,88.9765589091466,"D30","Ctrl","Control","Ctrl_D30","Genus"
"X2.3t7",2,0.693012499637138,0.499865325123618,"Ctrl_D07_Tk2_F03","Intestine","yes","yes","Ctrl","control",0,30,7,2,3,"Ctrl_D07","/home/dani/descartes_exp2/result_X204SC25103850-Z01-F001/01.RawData/X2.3t7/X2.3t7.raw_1.fastq.gz","/home/dani/descartes_exp2/result_X204SC25103850-Z01-F001/01.RawData/X2.3t7/X2.3t7.raw_2.fastq.gz","/home/dani/descartes_exp2/custom_dada2_preprocessing/data/raw_reads/by_sample/X2.3t7/X2.3t7.raw_1.fastq.gz","/home/dani/descartes_exp2/custom_dada2_preprocessing/data/raw_reads/by_sample/X2.3t7/X2.3t7.raw_2.fastq.gz","Ctrl","control","D07",63348,63348,58787,58697,56945,89.8923407210962,"D07","Ctrl","Control","Ctrl_D07","Genus"
"X2.3t90",4,0.634215303629874,0.387361346150491,"Ctrl_D90_Tk2_F03","Intestine","yes","yes","Ctrl","control",0,30,90,2,3,"Ctrl_D90","/home/dani/descartes_exp2/result_X204SC25103850-Z01-F001/01.RawData/X2.3t90/X2.3t90.raw_1.fastq.gz","/home/dani/descartes_exp2/result_X204SC25103850-Z01-F001/01.RawData/X2.3t90/X2.3t90.raw_2.fastq.gz","/home/dani/descartes_exp2/custom_dada2_preprocessing/data/raw_reads/by_sample/X2.3t90/X2.3t90.raw_1.fastq.gz","/home/dani/descartes_exp2/custom_dada2_preprocessing/data/raw_reads/by_sample/X2.3t90/X2.3t90.raw_2.fastq.gz","Ctrl","control","D90",60140,60140,55623,55503,53666,89.235118057865,"D90","Ctrl","Control","Ctrl_D90","Genus"
"X2.4t30",1,0,0,"Ctrl_D30_Tk2_F04","Intestine","yes","yes","Ctrl","control",0,30,30,2,4,"Ctrl_D30","/home/dani/descartes_exp2/result_X204SC25103850-Z01-F001/01.RawData/X2.4t30/X2.4t30.raw_1.fastq.gz","/home/dani/descartes_exp2/result_X204SC25103850-Z01-F001/01.RawData/X2.4t30/X2.4t30.raw_2.fastq.gz","/home/dani/descartes_exp2/custom_dada2_preprocessing/data/raw_reads/by_sample/X2.4t30/X2.4t30.raw_1.fastq.gz","/home/dani/descartes_exp2/custom_dada2_preprocessing/data/raw_reads/by_sample/X2.4t30/X2.4t30.raw_2.fastq.gz","Ctrl","control","D30",65068,65068,58373,58286,57890,88.9684637609885,"D30","Ctrl","Control","Ctrl_D30","Genus"
"X2.4t7",28,1.36379714585589,0.529678481901106,"Ctrl_D07_Tk2_F04","Intestine","yes","yes","Ctrl","control",0,30,7,2,4,"Ctrl_D07","/home/dani/descartes_exp2/result_X204SC25103850-Z01-F001/01.RawData/X2.4t7/X2.4t7.raw_1.fastq.gz","/home/dani/descartes_exp2/result_X204SC25103850-Z01-F001/01.RawData/X2.4t7/X2.4t7.raw_2.fastq.gz","/home/dani/descartes_exp2/custom_dada2_preprocessing/data/raw_reads/by_sample/X2.4t7/X2.4t7.raw_1.fastq.gz","/home/dani/descartes_exp2/custom_dada2_preprocessing/data/raw_reads/by_sample/X2.4t7/X2.4t7.raw_2.fastq.gz","Ctrl","control","D07",79128,79128,72511,64535,63680,80.4772014963098,"D07","Ctrl","Control","Ctrl_D07","Genus"
"X2.4t90",6,0.0189548531480893,0.00468982728998313,"Ctrl_D90_Tk2_F04","Intestine","yes","yes","Ctrl","control",0,30,90,2,4,"Ctrl_D90","/home/dani/descartes_exp2/result_X204SC25103850-Z01-F001/01.RawData/X2.4t90/X2.4t90.raw_1.fastq.gz","/home/dani/descartes_exp2/result_X204SC25103850-Z01-F001/01.RawData/X2.4t90/X2.4t90.raw_2.fastq.gz","/home/dani/descartes_exp2/custom_dada2_preprocessing/data/raw_reads/by_sample/X2.4t90/X2.4t90.raw_1.fastq.gz","/home/dani/descartes_exp2/custom_dada2_preprocessing/data/raw_reads/by_sample/X2.4t90/X2.4t90.raw_2.fastq.gz","Ctrl","control","D90",83523,83523,79340,79231,79207,94.832561090957,"D90","Ctrl","Control","Ctrl_D90","Genus"
"X2.5t30",2,0.000732448904987082,0.000138477782306801,"Ctrl_D30_Tk2_F05","Intestine","yes","yes","Ctrl","control",0,30,30,2,5,"Ctrl_D30","/home/dani/descartes_exp2/result_X204SC25103850-Z01-F001/01.RawData/X2.5t30/X2.5t30.raw_1.fastq.gz","/home/dani/descartes_exp2/result_X204SC25103850-Z01-F001/01.RawData/X2.5t30/X2.5t30.raw_2.fastq.gz","/home/dani/descartes_exp2/custom_dada2_preprocessing/data/raw_reads/by_sample/X2.5t30/X2.5t30.raw_1.fastq.gz","/home/dani/descartes_exp2/custom_dada2_preprocessing/data/raw_reads/by_sample/X2.5t30/X2.5t30.raw_2.fastq.gz","Ctrl","control","D30",63981,63981,58343,58293,57897,90.4909269939513,"D30","Ctrl","Control","Ctrl_D30","Genus"
"X2.5t7",6,0.0217563277314796,0.00533137606070167,"Ctrl_D07_Tk2_F05","Intestine","yes","yes","Ctrl","control",0,30,7,2,5,"Ctrl_D07","/home/dani/descartes_exp2/result_X204SC25103850-Z01-F001/01.RawData/X2.5t7/X2.5t7.raw_1.fastq.gz","/home/dani/descartes_exp2/result_X204SC25103850-Z01-F001/01.RawData/X2.5t7/X2.5t7.raw_2.fastq.gz","/home/dani/descartes_exp2/custom_dada2_preprocessing/data/raw_reads/by_sample/X2.5t7/X2.5t7.raw_1.fastq.gz","/home/dani/descartes_exp2/custom_dada2_preprocessing/data/raw_reads/by_sample/X2.5t7/X2.5t7.raw_2.fastq.gz","Ctrl","control","D07",65788,65788,59504,59134,58859,89.4676840761233,"D07","Ctrl","Control","Ctrl_D07","Genus"
"X2.5t90",8,0.098278931487087,0.0359885263522022,"Ctrl_D90_Tk2_F05","Intestine","yes","yes","Ctrl","control",0,30,90,2,5,"Ctrl_D90","/home/dani/descartes_exp2/result_X204SC25103850-Z01-F001/01.RawData/X2.5t90/X2.5t90.raw_1.fastq.gz","/home/dani/descartes_exp2/result_X204SC25103850-Z01-F001/01.RawData/X2.5t90/X2.5t90.raw_2.fastq.gz","/home/dani/descartes_exp2/custom_dada2_preprocessing/data/raw_reads/by_sample/X2.5t90/X2.5t90.raw_1.fastq.gz","/home/dani/descartes_exp2/custom_dada2_preprocessing/data/raw_reads/by_sample/X2.5t90/X2.5t90.raw_2.fastq.gz","Ctrl","control","D90",31070,31070,28762,28661,28644,92.1918249114902,"D90","Ctrl","Control","Ctrl_D90","Genus"
"X3.1t30",19,1.99149133116276,0.821489994145759,"Ctrl_D30_Tk3_F01","Intestine","yes","yes","Ctrl","control",0,30,30,3,1,"Ctrl_D30","/home/dani/descartes_exp2/result_X204SC25103850-Z01-F001/01.RawData/X3.1t30/X3.1t30.raw_1.fastq.gz","/home/dani/descartes_exp2/result_X204SC25103850-Z01-F001/01.RawData/X3.1t30/X3.1t30.raw_2.fastq.gz","/home/dani/descartes_exp2/custom_dada2_preprocessing/data/raw_reads/by_sample/X3.1t30/X3.1t30.raw_1.fastq.gz","/home/dani/descartes_exp2/custom_dada2_preprocessing/data/raw_reads/by_sample/X3.1t30/X3.1t30.raw_2.fastq.gz","Ctrl","control","D30",69434,69434,63060,62100,60633,87.3246536279056,"D30","Ctrl","Control","Ctrl_D30","Genus"
"X3.1t7",48,2.38609527398057,0.826396891991097,"Ctrl_D07_Tk3_F01","Intestine","yes","yes","Ctrl","control",0,30,7,3,1,"Ctrl_D07","/home/dani/descartes_exp2/result_X204SC25103850-Z01-F001/01.RawData/X3.1t7/X3.1t7.raw_1.fastq.gz","/home/dani/descartes_exp2/result_X204SC25103850-Z01-F001/01.RawData/X3.1t7/X3.1t7.raw_2.fastq.gz","/home/dani/descartes_exp2/custom_dada2_preprocessing/data/raw_reads/by_sample/X3.1t7/X3.1t7.raw_1.fastq.gz","/home/dani/descartes_exp2/custom_dada2_preprocessing/data/raw_reads/by_sample/X3.1t7/X3.1t7.raw_2.fastq.gz","Ctrl","control","D07",62299,62299,55044,47055,35698,57.3010802741617,"D07","Ctrl","Control","Ctrl_D07","Genus"
"X3.1t90",20,0.467694678318699,0.174467974444238,"Ctrl_D90_Tk3_F01","Intestine","yes","yes","Ctrl","control",0,30,90,3,1,"Ctrl_D90","/home/dani/descartes_exp2/result_X204SC25103850-Z01-F001/01.RawData/X3.1t90/X3.1t90.raw_1.fastq.gz","/home/dani/descartes_exp2/result_X204SC25103850-Z01-F001/01.RawData/X3.1t90/X3.1t90.raw_2.fastq.gz","/home/dani/descartes_exp2/custom_dada2_preprocessing/data/raw_reads/by_sample/X3.1t90/X3.1t90.raw_1.fastq.gz","/home/dani/descartes_exp2/custom_dada2_preprocessing/data/raw_reads/by_sample/X3.1t90/X3.1t90.raw_2.fastq.gz","Ctrl","control","D90",43001,43001,39579,39190,39087,90.8978860956722,"D90","Ctrl","Control","Ctrl_D90","Genus"
"X3.2t30",4,0.00775235007329061,0.00171542287183835,"Ctrl_D30_Tk3_F02","Intestine","yes","yes","Ctrl","control",0,30,30,3,2,"Ctrl_D30","/home/dani/descartes_exp2/result_X204SC25103850-Z01-F001/01.RawData/X3.2t30/X3.2t30.raw_1.fastq.gz","/home/dani/descartes_exp2/result_X204SC25103850-Z01-F001/01.RawData/X3.2t30/X3.2t30.raw_2.fastq.gz","/home/dani/descartes_exp2/custom_dada2_preprocessing/data/raw_reads/by_sample/X3.2t30/X3.2t30.raw_1.fastq.gz","/home/dani/descartes_exp2/custom_dada2_preprocessing/data/raw_reads/by_sample/X3.2t30/X3.2t30.raw_2.fastq.gz","Ctrl","control","D30",64707,64707,58642,58576,48950,75.6486933407514,"D30","Ctrl","Control","Ctrl_D30","Genus"
"X3.2t7",53,1.97199948855722,0.750092944625147,"Ctrl_D07_Tk3_F02","Intestine","yes","yes","Ctrl","control",0,30,7,3,2,"Ctrl_D07","/home/dani/descartes_exp2/result_X204SC25103850-Z01-F001/01.RawData/X3.2t7/X3.2t7.raw_1.fastq.gz","/home/dani/descartes_exp2/result_X204SC25103850-Z01-F001/01.RawData/X3.2t7/X3.2t7.raw_2.fastq.gz","/home/dani/descartes_exp2/custom_dada2_preprocessing/data/raw_reads/by_sample/X3.2t7/X3.2t7.raw_1.fastq.gz","/home/dani/descartes_exp2/custom_dada2_preprocessing/data/raw_reads/by_sample/X3.2t7/X3.2t7.raw_2.fastq.gz","Ctrl","control","D07",65614,65614,58277,53220,45721,69.6817752308959,"D07","Ctrl","Control","Ctrl_D07","Genus"
"X3.2t90",6,0.738453796482009,0.379445612858906,"Ctrl_D90_Tk3_F02","Intestine","yes","yes","Ctrl","control",0,30,90,3,2,"Ctrl_D90","/home/dani/descartes_exp2/result_X204SC25103850-Z01-F001/01.RawData/X3.2t90/X3.2t90.raw_1.fastq.gz","/home/dani/descartes_exp2/result_X204SC25103850-Z01-F001/01.RawData/X3.2t90/X3.2t90.raw_2.fastq.gz","/home/dani/descartes_exp2/custom_dada2_preprocessing/data/raw_reads/by_sample/X3.2t90/X3.2t90.raw_1.fastq.gz","/home/dani/descartes_exp2/custom_dada2_preprocessing/data/raw_reads/by_sample/X3.2t90/X3.2t90.raw_2.fastq.gz","Ctrl","control","D90",34388,34388,32143,31849,30262,88.0016284750494,"D90","Ctrl","Control","Ctrl_D90","Genus"
"X3.3t30",6,0.0394970919621515,0.0111064124586856,"Ctrl_D30_Tk3_F03","Intestine","yes","yes","Ctrl","control",0,30,30,3,3,"Ctrl_D30","/home/dani/descartes_exp2/result_X204SC25103850-Z01-F001/01.RawData/X3.3t30/X3.3t30.raw_1.fastq.gz","/home/dani/descartes_exp2/result_X204SC25103850-Z01-F001/01.RawData/X3.3t30/X3.3t30.raw_2.fastq.gz","/home/dani/descartes_exp2/custom_dada2_preprocessing/data/raw_reads/by_sample/X3.3t30/X3.3t30.raw_1.fastq.gz","/home/dani/descartes_exp2/custom_dada2_preprocessing/data/raw_reads/by_sample/X3.3t30/X3.3t30.raw_2.fastq.gz","Ctrl","control","D30",77303,77303,69847,69266,68941,89.182826022276,"D30","Ctrl","Control","Ctrl_D30","Genus"
"X3.3t7",49,2.43278360151199,0.828622798751425,"Ctrl_D07_Tk3_F03","Intestine","yes","yes","Ctrl","control",0,30,7,3,3,"Ctrl_D07","/home/dani/descartes_exp2/result_X204SC25103850-Z01-F001/01.RawData/X3.3t7/X3.3t7.raw_1.fastq.gz","/home/dani/descartes_exp2/result_X204SC25103850-Z01-F001/01.RawData/X3.3t7/X3.3t7.raw_2.fastq.gz","/home/dani/descartes_exp2/custom_dada2_preprocessing/data/raw_reads/by_sample/X3.3t7/X3.3t7.raw_1.fastq.gz","/home/dani/descartes_exp2/custom_dada2_preprocessing/data/raw_reads/by_sample/X3.3t7/X3.3t7.raw_2.fastq.gz","Ctrl","control","D07",66010,66010,56178,50575,38883,58.9047114073625,"D07","Ctrl","Control","Ctrl_D07","Genus"
"X3.3t90",17,0.251408529493393,0.107294968078426,"Ctrl_D90_Tk3_F03","Intestine","yes","yes","Ctrl","control",0,30,90,3,3,"Ctrl_D90","/home/dani/descartes_exp2/result_X204SC25103850-Z01-F001/01.RawData/X3.3t90/X3.3t90.raw_1.fastq.gz","/home/dani/descartes_exp2/result_X204SC25103850-Z01-F001/01.RawData/X3.3t90/X3.3t90.raw_2.fastq.gz","/home/dani/descartes_exp2/custom_dada2_preprocessing/data/raw_reads/by_sample/X3.3t90/X3.3t90.raw_1.fastq.gz","/home/dani/descartes_exp2/custom_dada2_preprocessing/data/raw_reads/by_sample/X3.3t90/X3.3t90.raw_2.fastq.gz","Ctrl","control","D90",84403,84403,80062,79582,78950,93.5393291707641,"D90","Ctrl","Control","Ctrl_D90","Genus"
"X3.4t30",3,0.146740209318343,0.0572864609508557,"Ctrl_D30_Tk3_F04","Intestine","yes","yes","Ctrl","control",0,30,30,3,4,"Ctrl_D30","/home/dani/descartes_exp2/result_X204SC25103850-Z01-F001/01.RawData/X3.4t30/X3.4t30.raw_1.fastq.gz","/home/dani/descartes_exp2/result_X204SC25103850-Z01-F001/01.RawData/X3.4t30/X3.4t30.raw_2.fastq.gz","/home/dani/descartes_exp2/custom_dada2_preprocessing/data/raw_reads/by_sample/X3.4t30/X3.4t30.raw_1.fastq.gz","/home/dani/descartes_exp2/custom_dada2_preprocessing/data/raw_reads/by_sample/X3.4t30/X3.4t30.raw_2.fastq.gz","Ctrl","control","D30",64628,64628,58799,58618,57102,88.3548926162035,"D30","Ctrl","Control","Ctrl_D30","Genus"
"X3.4t7",53,2.1891027823223,0.786748130628658,"Ctrl_D07_Tk3_F04","Intestine","yes","yes","Ctrl","control",0,30,7,3,4,"Ctrl_D07","/home/dani/descartes_exp2/result_X204SC25103850-Z01-F001/01.RawData/X3.4t7/X3.4t7.raw_1.fastq.gz","/home/dani/descartes_exp2/result_X204SC25103850-Z01-F001/01.RawData/X3.4t7/X3.4t7.raw_2.fastq.gz","/home/dani/descartes_exp2/custom_dada2_preprocessing/data/raw_reads/by_sample/X3.4t7/X3.4t7.raw_1.fastq.gz","/home/dani/descartes_exp2/custom_dada2_preprocessing/data/raw_reads/by_sample/X3.4t7/X3.4t7.raw_2.fastq.gz","Ctrl","control","D07",73099,73099,61118,57176,48772,66.7204749722978,"D07","Ctrl","Control","Ctrl_D07","Genus"
"X3.4t90",3,0.431124138699179,0.259617415550143,"Ctrl_D90_Tk3_F04","Intestine","yes","yes","Ctrl","control",0,30,90,3,4,"Ctrl_D90","/home/dani/descartes_exp2/result_X204SC25103850-Z01-F001/01.RawData/X3.4t90/X3.4t90.raw_1.fastq.gz","/home/dani/descartes_exp2/result_X204SC25103850-Z01-F001/01.RawData/X3.4t90/X3.4t90.raw_2.fastq.gz","/home/dani/descartes_exp2/custom_dada2_preprocessing/data/raw_reads/by_sample/X3.4t90/X3.4t90.raw_1.fastq.gz","/home/dani/descartes_exp2/custom_dada2_preprocessing/data/raw_reads/by_sample/X3.4t90/X3.4t90.raw_2.fastq.gz","Ctrl","control","D90",79050,79050,72950,72841,70034,88.5945604048071,"D90","Ctrl","Control","Ctrl_D90","Genus"
"X3.5t30",3,0.0121966893808481,0.00311285283434748,"Ctrl_D30_Tk3_F05","Intestine","yes","yes","Ctrl","control",0,30,30,3,5,"Ctrl_D30","/home/dani/descartes_exp2/result_X204SC25103850-Z01-F001/01.RawData/X3.5t30/X3.5t30.raw_1.fastq.gz","/home/dani/descartes_exp2/result_X204SC25103850-Z01-F001/01.RawData/X3.5t30/X3.5t30.raw_2.fastq.gz","/home/dani/descartes_exp2/custom_dada2_preprocessing/data/raw_reads/by_sample/X3.5t30/X3.5t30.raw_1.fastq.gz","/home/dani/descartes_exp2/custom_dada2_preprocessing/data/raw_reads/by_sample/X3.5t30/X3.5t30.raw_2.fastq.gz","Ctrl","control","D30",63142,63142,57632,57494,54847,86.8629438408666,"D30","Ctrl","Control","Ctrl_D30","Genus"
"X3.5t7",6,0.0866698172496936,0.0268889421356729,"Ctrl_D07_Tk3_F05","Intestine","yes","yes","Ctrl","control",0,30,7,3,5,"Ctrl_D07","/home/dani/descartes_exp2/result_X204SC25103850-Z01-F001/01.RawData/X3.5t7/X3.5t7.raw_1.fastq.gz","/home/dani/descartes_exp2/result_X204SC25103850-Z01-F001/01.RawData/X3.5t7/X3.5t7.raw_2.fastq.gz","/home/dani/descartes_exp2/custom_dada2_preprocessing/data/raw_reads/by_sample/X3.5t7/X3.5t7.raw_1.fastq.gz","/home/dani/descartes_exp2/custom_dada2_preprocessing/data/raw_reads/by_sample/X3.5t7/X3.5t7.raw_2.fastq.gz","Ctrl","control","D07",64719,64719,60580,59099,53675,82.9354594477665,"D07","Ctrl","Control","Ctrl_D07","Genus"
"X3.5t90",6,0.581404883493319,0.383639219724988,"Ctrl_D90_Tk3_F05","Intestine","yes","yes","Ctrl","control",0,30,90,3,5,"Ctrl_D90","/home/dani/descartes_exp2/result_X204SC25103850-Z01-F001/01.RawData/X3.5t90/X3.5t90.raw_1.fastq.gz","/home/dani/descartes_exp2/result_X204SC25103850-Z01-F001/01.RawData/X3.5t90/X3.5t90.raw_2.fastq.gz","/home/dani/descartes_exp2/custom_dada2_preprocessing/data/raw_reads/by_sample/X3.5t90/X3.5t90.raw_1.fastq.gz","/home/dani/descartes_exp2/custom_dada2_preprocessing/data/raw_reads/by_sample/X3.5t90/X3.5t90.raw_2.fastq.gz","Ctrl","control","D90",65591,65591,61466,61333,59852,91.250323977375,"D90","Ctrl","Control","Ctrl_D90","Genus"
"Y1.1t30",1,0,0,"BL15_D30_Tk1_F01","Intestine","yes","yes","BL15","blue_whiting_hydrolysate_15",15,0,30,1,1,"BL15_D30","/home/dani/descartes_exp2/result_X204SC25103850-Z01-F001/01.RawData/Y1.1t30/Y1.1t30.raw_1.fastq.gz","/home/dani/descartes_exp2/result_X204SC25103850-Z01-F001/01.RawData/Y1.1t30/Y1.1t30.raw_2.fastq.gz","/home/dani/descartes_exp2/custom_dada2_preprocessing/data/raw_reads/by_sample/Y1.1t30/Y1.1t30.raw_1.fastq.gz","/home/dani/descartes_exp2/custom_dada2_preprocessing/data/raw_reads/by_sample/Y1.1t30/Y1.1t30.raw_2.fastq.gz","BL15","blue_whiting_hydrolysate_15","D30",63156,63156,57631,57526,56919,90.124453733612,"D30","Hydrolysate","Hydrolysate_15","BL15_D30","Genus"
"Y1.1t7",49,2.42057336655908,0.831749655986402,"BL15_D07_Tk1_F01","Intestine","yes","yes","BL15","blue_whiting_hydrolysate_15",15,0,7,1,1,"BL15_D07","/home/dani/descartes_exp2/result_X204SC25103850-Z01-F001/01.RawData/Y1.1t7/Y1.1t7.raw_1.fastq.gz","/home/dani/descartes_exp2/result_X204SC25103850-Z01-F001/01.RawData/Y1.1t7/Y1.1t7.raw_2.fastq.gz","/home/dani/descartes_exp2/custom_dada2_preprocessing/data/raw_reads/by_sample/Y1.1t7/Y1.1t7.raw_1.fastq.gz","/home/dani/descartes_exp2/custom_dada2_preprocessing/data/raw_reads/by_sample/Y1.1t7/Y1.1t7.raw_2.fastq.gz","BL15","blue_whiting_hydrolysate_15","D07",78919,78919,68081,64187,53130,67.3221911073379,"D07","Hydrolysate","Hydrolysate_15","BL15_D07","Genus"
"Y1.1t90",7,0.40397895931953,0.167912149785257,"BL15_D90_Tk1_F01","Intestine","yes","yes","BL15","blue_whiting_hydrolysate_15",15,0,90,1,1,"BL15_D90","/home/dani/descartes_exp2/result_X204SC25103850-Z01-F001/01.RawData/Y1.1t90/Y1.1t90.raw_1.fastq.gz","/home/dani/descartes_exp2/result_X204SC25103850-Z01-F001/01.RawData/Y1.1t90/Y1.1t90.raw_2.fastq.gz","/home/dani/descartes_exp2/custom_dada2_preprocessing/data/raw_reads/by_sample/Y1.1t90/Y1.1t90.raw_1.fastq.gz","/home/dani/descartes_exp2/custom_dada2_preprocessing/data/raw_reads/by_sample/Y1.1t90/Y1.1t90.raw_2.fastq.gz","BL15","blue_whiting_hydrolysate_15","D90",31454,31454,29371,29222,28400,90.2905830736949,"D90","Hydrolysate","Hydrolysate_15","BL15_D90","Genus"
"Y1.2t30",9,0.157244653992436,0.0598294563075265,"BL15_D30_Tk1_F02","Intestine","yes","yes","BL15","blue_whiting_hydrolysate_15",15,0,30,1,2,"BL15_D30","/home/dani/descartes_exp2/result_X204SC25103850-Z01-F001/01.RawData/Y1.2t30/Y1.2t30.raw_1.fastq.gz","/home/dani/descartes_exp2/result_X204SC25103850-Z01-F001/01.RawData/Y1.2t30/Y1.2t30.raw_2.fastq.gz","/home/dani/descartes_exp2/custom_dada2_preprocessing/data/raw_reads/by_sample/Y1.2t30/Y1.2t30.raw_1.fastq.gz","/home/dani/descartes_exp2/custom_dada2_preprocessing/data/raw_reads/by_sample/Y1.2t30/Y1.2t30.raw_2.fastq.gz","BL15","blue_whiting_hydrolysate_15","D30",63660,63660,59265,59139,58689,92.191328934967,"D30","Hydrolysate","Hydrolysate_15","BL15_D30","Genus"
"Y1.2t7",51,2.29375838559717,0.782222094631943,"BL15_D07_Tk1_F02","Intestine","yes","yes","BL15","blue_whiting_hydrolysate_15",15,0,7,1,2,"BL15_D07","/home/dani/descartes_exp2/result_X204SC25103850-Z01-F001/01.RawData/Y1.2t7/Y1.2t7.raw_1.fastq.gz","/home/dani/descartes_exp2/result_X204SC25103850-Z01-F001/01.RawData/Y1.2t7/Y1.2t7.raw_2.fastq.gz","/home/dani/descartes_exp2/custom_dada2_preprocessing/data/raw_reads/by_sample/Y1.2t7/Y1.2t7.raw_1.fastq.gz","/home/dani/descartes_exp2/custom_dada2_preprocessing/data/raw_reads/by_sample/Y1.2t7/Y1.2t7.raw_2.fastq.gz","BL15","blue_whiting_hydrolysate_15","D07",66068,66068,58603,56571,52173,78.9686383725858,"D07","Hydrolysate","Hydrolysate_15","BL15_D07","Genus"
"Y1.2t90",7,0.0147366982567567,0.00342479110863025,"BL15_D90_Tk1_F02","Intestine","yes","yes","BL15","blue_whiting_hydrolysate_15",15,0,90,1,2,"BL15_D90","/home/dani/descartes_exp2/result_X204SC25103850-Z01-F001/01.RawData/Y1.2t90/Y1.2t90.raw_1.fastq.gz","/home/dani/descartes_exp2/result_X204SC25103850-Z01-F001/01.RawData/Y1.2t90/Y1.2t90.raw_2.fastq.gz","/home/dani/descartes_exp2/custom_dada2_preprocessing/data/raw_reads/by_sample/Y1.2t90/Y1.2t90.raw_1.fastq.gz","/home/dani/descartes_exp2/custom_dada2_preprocessing/data/raw_reads/by_sample/Y1.2t90/Y1.2t90.raw_2.fastq.gz","BL15","blue_whiting_hydrolysate_15","D90",82559,82559,78650,78465,78182,94.6983369469107,"D90","Hydrolysate","Hydrolysate_15","BL15_D90","Genus"
"Y1.3t30",4,0.732645701811846,0.504644293242581,"BL15_D30_Tk1_F03","Intestine","yes","yes","BL15","blue_whiting_hydrolysate_15",15,0,30,1,3,"BL15_D30","/home/dani/descartes_exp2/result_X204SC25103850-Z01-F001/01.RawData/Y1.3t30/Y1.3t30.raw_1.fastq.gz","/home/dani/descartes_exp2/result_X204SC25103850-Z01-F001/01.RawData/Y1.3t30/Y1.3t30.raw_2.fastq.gz","/home/dani/descartes_exp2/custom_dada2_preprocessing/data/raw_reads/by_sample/Y1.3t30/Y1.3t30.raw_1.fastq.gz","/home/dani/descartes_exp2/custom_dada2_preprocessing/data/raw_reads/by_sample/Y1.3t30/Y1.3t30.raw_2.fastq.gz","BL15","blue_whiting_hydrolysate_15","D30",68961,68961,62758,62176,51303,74.3942228215948,"D30","Hydrolysate","Hydrolysate_15","BL15_D30","Genus"
"Y1.3t7",11,0.853633925589388,0.475563254575881,"BL15_D07_Tk1_F03","Intestine","yes","yes","BL15","blue_whiting_hydrolysate_15",15,0,7,1,3,"BL15_D07","/home/dani/descartes_exp2/result_X204SC25103850-Z01-F001/01.RawData/Y1.3t7/Y1.3t7.raw_1.fastq.gz","/home/dani/descartes_exp2/result_X204SC25103850-Z01-F001/01.RawData/Y1.3t7/Y1.3t7.raw_2.fastq.gz","/home/dani/descartes_exp2/custom_dada2_preprocessing/data/raw_reads/by_sample/Y1.3t7/Y1.3t7.raw_1.fastq.gz","/home/dani/descartes_exp2/custom_dada2_preprocessing/data/raw_reads/by_sample/Y1.3t7/Y1.3t7.raw_2.fastq.gz","BL15","blue_whiting_hydrolysate_15","D07",64852,64852,58832,58151,56093,86.493862949485,"D07","Hydrolysate","Hydrolysate_15","BL15_D07","Genus"
"Y1.3t90",11,0.740516110433713,0.465472026422233,"BL15_D90_Tk1_F03","Intestine","yes","yes","BL15","blue_whiting_hydrolysate_15",15,0,90,1,3,"BL15_D90","/home/dani/descartes_exp2/result_X204SC25103850-Z01-F001/01.RawData/Y1.3t90/Y1.3t90.raw_1.fastq.gz","/home/dani/descartes_exp2/result_X204SC25103850-Z01-F001/01.RawData/Y1.3t90/Y1.3t90.raw_2.fastq.gz","/home/dani/descartes_exp2/custom_dada2_preprocessing/data/raw_reads/by_sample/Y1.3t90/Y1.3t90.raw_1.fastq.gz","/home/dani/descartes_exp2/custom_dada2_preprocessing/data/raw_reads/by_sample/Y1.3t90/Y1.3t90.raw_2.fastq.gz","BL15","blue_whiting_hydrolysate_15","D90",91938,91938,87593,87345,86842,94.4571341556266,"D90","Hydrolysate","Hydrolysate_15","BL15_D90","Genus"
"Y1.4t30",3,0.00497248531634188,0.00109886872063969,"BL15_D30_Tk1_F04","Intestine","yes","yes","BL15","blue_whiting_hydrolysate_15",15,0,30,1,4,"BL15_D30","/home/dani/descartes_exp2/result_X204SC25103850-Z01-F001/01.RawData/Y1.4t30/Y1.4t30.raw_1.fastq.gz","/home/dani/descartes_exp2/result_X204SC25103850-Z01-F001/01.RawData/Y1.4t30/Y1.4t30.raw_2.fastq.gz","/home/dani/descartes_exp2/custom_dada2_preprocessing/data/raw_reads/by_sample/Y1.4t30/Y1.4t30.raw_1.fastq.gz","/home/dani/descartes_exp2/custom_dada2_preprocessing/data/raw_reads/by_sample/Y1.4t30/Y1.4t30.raw_2.fastq.gz","BL15","blue_whiting_hydrolysate_15","D30",78161,78161,71820,71732,71135,91.0108621947007,"D30","Hydrolysate","Hydrolysate_15","BL15_D30","Genus"
"Y1.4t7",38,1.9126217126027,0.725383758738117,"BL15_D07_Tk1_F04","Intestine","yes","yes","BL15","blue_whiting_hydrolysate_15",15,0,7,1,4,"BL15_D07","/home/dani/descartes_exp2/result_X204SC25103850-Z01-F001/01.RawData/Y1.4t7/Y1.4t7.raw_1.fastq.gz","/home/dani/descartes_exp2/result_X204SC25103850-Z01-F001/01.RawData/Y1.4t7/Y1.4t7.raw_2.fastq.gz","/home/dani/descartes_exp2/custom_dada2_preprocessing/data/raw_reads/by_sample/Y1.4t7/Y1.4t7.raw_1.fastq.gz","/home/dani/descartes_exp2/custom_dada2_preprocessing/data/raw_reads/by_sample/Y1.4t7/Y1.4t7.raw_2.fastq.gz","BL15","blue_whiting_hydrolysate_15","D07",79008,79008,69861,68645,62251,78.7907553665452,"D07","Hydrolysate","Hydrolysate_15","BL15_D07","Genus"
"Y1.4t90",7,0.649836830579573,0.437167434592473,"BL15_D90_Tk1_F04","Intestine","yes","yes","BL15","blue_whiting_hydrolysate_15",15,0,90,1,4,"BL15_D90","/home/dani/descartes_exp2/result_X204SC25103850-Z01-F001/01.RawData/Y1.4t90/Y1.4t90.raw_1.fastq.gz","/home/dani/descartes_exp2/result_X204SC25103850-Z01-F001/01.RawData/Y1.4t90/Y1.4t90.raw_2.fastq.gz","/home/dani/descartes_exp2/custom_dada2_preprocessing/data/raw_reads/by_sample/Y1.4t90/Y1.4t90.raw_1.fastq.gz","/home/dani/descartes_exp2/custom_dada2_preprocessing/data/raw_reads/by_sample/Y1.4t90/Y1.4t90.raw_2.fastq.gz","BL15","blue_whiting_hydrolysate_15","D90",37066,37066,34427,34176,33421,90.1661900393892,"D90","Hydrolysate","Hydrolysate_15","BL15_D90","Genus"
"Y1.5t30",11,0.545276527408471,0.302988614044708,"BL15_D30_Tk1_F05","Intestine","yes","yes","BL15","blue_whiting_hydrolysate_15",15,0,30,1,5,"BL15_D30","/home/dani/descartes_exp2/result_X204SC25103850-Z01-F001/01.RawData/Y1.5t30/Y1.5t30.raw_1.fastq.gz","/home/dani/descartes_exp2/result_X204SC25103850-Z01-F001/01.RawData/Y1.5t30/Y1.5t30.raw_2.fastq.gz","/home/dani/descartes_exp2/custom_dada2_preprocessing/data/raw_reads/by_sample/Y1.5t30/Y1.5t30.raw_1.fastq.gz","/home/dani/descartes_exp2/custom_dada2_preprocessing/data/raw_reads/by_sample/Y1.5t30/Y1.5t30.raw_2.fastq.gz","BL15","blue_whiting_hydrolysate_15","D30",67121,67121,61458,61202,50278,74.9065121199029,"D30","Hydrolysate","Hydrolysate_15","BL15_D30","Genus"
"Y1.5t7",9,0.0456645606995897,0.011684264600054,"BL15_D07_Tk1_F05","Intestine","yes","yes","BL15","blue_whiting_hydrolysate_15",15,0,7,1,5,"BL15_D07","/home/dani/descartes_exp2/result_X204SC25103850-Z01-F001/01.RawData/Y1.5t7/Y1.5t7.raw_1.fastq.gz","/home/dani/descartes_exp2/result_X204SC25103850-Z01-F001/01.RawData/Y1.5t7/Y1.5t7.raw_2.fastq.gz","/home/dani/descartes_exp2/custom_dada2_preprocessing/data/raw_reads/by_sample/Y1.5t7/Y1.5t7.raw_1.fastq.gz","/home/dani/descartes_exp2/custom_dada2_preprocessing/data/raw_reads/by_sample/Y1.5t7/Y1.5t7.raw_2.fastq.gz","BL15","blue_whiting_hydrolysate_15","D07",62899,62899,58342,58094,54959,87.3765878630821,"D07","Hydrolysate","Hydrolysate_15","BL15_D07","Genus"
"Y1.5t90",2,0.541543494930903,0.356228245269437,"BL15_D90_Tk1_F05","Intestine","yes","yes","BL15","blue_whiting_hydrolysate_15",15,0,90,1,5,"BL15_D90","/home/dani/descartes_exp2/result_X204SC25103850-Z01-F001/01.RawData/Y1.5t90/Y1.5t90.raw_1.fastq.gz","/home/dani/descartes_exp2/result_X204SC25103850-Z01-F001/01.RawData/Y1.5t90/Y1.5t90.raw_2.fastq.gz","/home/dani/descartes_exp2/custom_dada2_preprocessing/data/raw_reads/by_sample/Y1.5t90/Y1.5t90.raw_1.fastq.gz","/home/dani/descartes_exp2/custom_dada2_preprocessing/data/raw_reads/by_sample/Y1.5t90/Y1.5t90.raw_2.fastq.gz","BL15","blue_whiting_hydrolysate_15","D90",65348,65348,60249,60124,55312,84.6422231743894,"D90","Hydrolysate","Hydrolysate_15","BL15_D90","Genus"
"Y2.1t30",7,0.2335053325714,0.106021948455423,"BL15_D30_Tk2_F01","Intestine","yes","yes","BL15","blue_whiting_hydrolysate_15",15,0,30,2,1,"BL15_D30","/home/dani/descartes_exp2/result_X204SC25103850-Z01-F001/01.RawData/Y2.1t30/Y2.1t30.raw_1.fastq.gz","/home/dani/descartes_exp2/result_X204SC25103850-Z01-F001/01.RawData/Y2.1t30/Y2.1t30.raw_2.fastq.gz","/home/dani/descartes_exp2/custom_dada2_preprocessing/data/raw_reads/by_sample/Y2.1t30/Y2.1t30.raw_1.fastq.gz","/home/dani/descartes_exp2/custom_dada2_preprocessing/data/raw_reads/by_sample/Y2.1t30/Y2.1t30.raw_2.fastq.gz","BL15","blue_whiting_hydrolysate_15","D30",79583,79583,72212,72008,51511,64.7261349785758,"D30","Hydrolysate","Hydrolysate_15","BL15_D30","Genus"
"Y2.1t7",16,0.517097881941848,0.170863346742236,"BL15_D07_Tk2_F01","Intestine","yes","yes","BL15","blue_whiting_hydrolysate_15",15,0,7,2,1,"BL15_D07","/home/dani/descartes_exp2/result_X204SC25103850-Z01-F001/01.RawData/Y2.1t7/Y2.1t7.raw_1.fastq.gz","/home/dani/descartes_exp2/result_X204SC25103850-Z01-F001/01.RawData/Y2.1t7/Y2.1t7.raw_2.fastq.gz","/home/dani/descartes_exp2/custom_dada2_preprocessing/data/raw_reads/by_sample/Y2.1t7/Y2.1t7.raw_1.fastq.gz","/home/dani/descartes_exp2/custom_dada2_preprocessing/data/raw_reads/by_sample/Y2.1t7/Y2.1t7.raw_2.fastq.gz","BL15","blue_whiting_hydrolysate_15","D07",65806,65806,62071,61520,57090,86.7550071422059,"D07","Hydrolysate","Hydrolysate_15","BL15_D07","Genus"
"Y2.1t90",4,0.144744321603525,0.0571271946525167,"BL15_D90_Tk2_F01","Intestine","yes","yes","BL15","blue_whiting_hydrolysate_15",15,0,90,2,1,"BL15_D90","/home/dani/descartes_exp2/result_X204SC25103850-Z01-F001/01.RawData/Y2.1t90/Y2.1t90.raw_1.fastq.gz","/home/dani/descartes_exp2/result_X204SC25103850-Z01-F001/01.RawData/Y2.1t90/Y2.1t90.raw_2.fastq.gz","/home/dani/descartes_exp2/custom_dada2_preprocessing/data/raw_reads/by_sample/Y2.1t90/Y2.1t90.raw_1.fastq.gz","/home/dani/descartes_exp2/custom_dada2_preprocessing/data/raw_reads/by_sample/Y2.1t90/Y2.1t90.raw_2.fastq.gz","BL15","blue_whiting_hydrolysate_15","D90",64702,64702,58438,58382,58329,90.1502271954499,"D90","Hydrolysate","Hydrolysate_15","BL15_D90","Genus"
"Y2.2t30",4,0.3621667752137,0.202842802723963,"BL15_D30_Tk2_F02","Intestine","yes","yes","BL15","blue_whiting_hydrolysate_15",15,0,30,2,2,"BL15_D30","/home/dani/descartes_exp2/result_X204SC25103850-Z01-F001/01.RawData/Y2.2t30/Y2.2t30.raw_1.fastq.gz","/home/dani/descartes_exp2/result_X204SC25103850-Z01-F001/01.RawData/Y2.2t30/Y2.2t30.raw_2.fastq.gz","/home/dani/descartes_exp2/custom_dada2_preprocessing/data/raw_reads/by_sample/Y2.2t30/Y2.2t30.raw_1.fastq.gz","/home/dani/descartes_exp2/custom_dada2_preprocessing/data/raw_reads/by_sample/Y2.2t30/Y2.2t30.raw_2.fastq.gz","BL15","blue_whiting_hydrolysate_15","D30",65354,65354,60972,60797,59583,91.1696300149953,"D30","Hydrolysate","Hydrolysate_15","BL15_D30","Genus"
"Y2.2t7",3,0.0254073469142082,0.00747790303597951,"BL15_D07_Tk2_F02","Intestine","yes","yes","BL15","blue_whiting_hydrolysate_15",15,0,7,2,2,"BL15_D07","/home/dani/descartes_exp2/result_X204SC25103850-Z01-F001/01.RawData/Y2.2t7/Y2.2t7.raw_1.fastq.gz","/home/dani/descartes_exp2/result_X204SC25103850-Z01-F001/01.RawData/Y2.2t7/Y2.2t7.raw_2.fastq.gz","/home/dani/descartes_exp2/custom_dada2_preprocessing/data/raw_reads/by_sample/Y2.2t7/Y2.2t7.raw_1.fastq.gz","/home/dani/descartes_exp2/custom_dada2_preprocessing/data/raw_reads/by_sample/Y2.2t7/Y2.2t7.raw_2.fastq.gz","BL15","blue_whiting_hydrolysate_15","D07",65628,65628,59548,59348,58828,89.6385689035168,"D07","Hydrolysate","Hydrolysate_15","BL15_D07","Genus"
"Y2.2t90",5,0.140235603712783,0.0602250975430749,"BL15_D90_Tk2_F02","Intestine","yes","yes","BL15","blue_whiting_hydrolysate_15",15,0,90,2,2,"BL15_D90","/home/dani/descartes_exp2/result_X204SC25103850-Z01-F001/01.RawData/Y2.2t90/Y2.2t90.raw_1.fastq.gz","/home/dani/descartes_exp2/result_X204SC25103850-Z01-F001/01.RawData/Y2.2t90/Y2.2t90.raw_2.fastq.gz","/home/dani/descartes_exp2/custom_dada2_preprocessing/data/raw_reads/by_sample/Y2.2t90/Y2.2t90.raw_1.fastq.gz","/home/dani/descartes_exp2/custom_dada2_preprocessing/data/raw_reads/by_sample/Y2.2t90/Y2.2t90.raw_2.fastq.gz","BL15","blue_whiting_hydrolysate_15","D90",68529,68529,63695,63580,45421,66.2799690641918,"D90","Hydrolysate","Hydrolysate_15","BL15_D90","Genus"
"Y2.3t30",12,0.294498171650824,0.10700706985494,"BL15_D30_Tk2_F03","Intestine","yes","yes","BL15","blue_whiting_hydrolysate_15",15,0,30,2,3,"BL15_D30","/home/dani/descartes_exp2/result_X204SC25103850-Z01-F001/01.RawData/Y2.3t30/Y2.3t30.raw_1.fastq.gz","/home/dani/descartes_exp2/result_X204SC25103850-Z01-F001/01.RawData/Y2.3t30/Y2.3t30.raw_2.fastq.gz","/home/dani/descartes_exp2/custom_dada2_preprocessing/data/raw_reads/by_sample/Y2.3t30/Y2.3t30.raw_1.fastq.gz","/home/dani/descartes_exp2/custom_dada2_preprocessing/data/raw_reads/by_sample/Y2.3t30/Y2.3t30.raw_2.fastq.gz","BL15","blue_whiting_hydrolysate_15","D30",65453,65453,59236,58694,56601,86.4757917895284,"D30","Hydrolysate","Hydrolysate_15","BL15_D30","Genus"
"Y2.3t7",5,0.0389001151734019,0.0102985384996527,"BL15_D07_Tk2_F03","Intestine","yes","yes","BL15","blue_whiting_hydrolysate_15",15,0,7,2,3,"BL15_D07","/home/dani/descartes_exp2/result_X204SC25103850-Z01-F001/01.RawData/Y2.3t7/Y2.3t7.raw_1.fastq.gz","/home/dani/descartes_exp2/result_X204SC25103850-Z01-F001/01.RawData/Y2.3t7/Y2.3t7.raw_2.fastq.gz","/home/dani/descartes_exp2/custom_dada2_preprocessing/data/raw_reads/by_sample/Y2.3t7/Y2.3t7.raw_1.fastq.gz","/home/dani/descartes_exp2/custom_dada2_preprocessing/data/raw_reads/by_sample/Y2.3t7/Y2.3t7.raw_2.fastq.gz","BL15","blue_whiting_hydrolysate_15","D07",63835,63835,58451,57855,56968,89.242578522754,"D07","Hydrolysate","Hydrolysate_15","BL15_D07","Genus"
"Y2.3t90",3,0.68477620601914,0.475113534616917,"BL15_D90_Tk2_F03","Intestine","yes","yes","BL15","blue_whiting_hydrolysate_15",15,0,90,2,3,"BL15_D90","/home/dani/descartes_exp2/result_X204SC25103850-Z01-F001/01.RawData/Y2.3t90/Y2.3t90.raw_1.fastq.gz","/home/dani/descartes_exp2/result_X204SC25103850-Z01-F001/01.RawData/Y2.3t90/Y2.3t90.raw_2.fastq.gz","/home/dani/descartes_exp2/custom_dada2_preprocessing/data/raw_reads/by_sample/Y2.3t90/Y2.3t90.raw_1.fastq.gz","/home/dani/descartes_exp2/custom_dada2_preprocessing/data/raw_reads/by_sample/Y2.3t90/Y2.3t90.raw_2.fastq.gz","BL15","blue_whiting_hydrolysate_15","D90",63367,63367,57845,57575,54299,85.6897123108243,"D90","Hydrolysate","Hydrolysate_15","BL15_D90","Genus"
"Y2.4t30",13,0.622795100848349,0.33041060586348,"BL15_D30_Tk2_F04","Intestine","yes","yes","BL15","blue_whiting_hydrolysate_15",15,0,30,2,4,"BL15_D30","/home/dani/descartes_exp2/result_X204SC25103850-Z01-F001/01.RawData/Y2.4t30/Y2.4t30.raw_1.fastq.gz","/home/dani/descartes_exp2/result_X204SC25103850-Z01-F001/01.RawData/Y2.4t30/Y2.4t30.raw_2.fastq.gz","/home/dani/descartes_exp2/custom_dada2_preprocessing/data/raw_reads/by_sample/Y2.4t30/Y2.4t30.raw_1.fastq.gz","/home/dani/descartes_exp2/custom_dada2_preprocessing/data/raw_reads/by_sample/Y2.4t30/Y2.4t30.raw_2.fastq.gz","BL15","blue_whiting_hydrolysate_15","D30",77397,77397,69935,69656,61433,79.3738775404732,"D30","Hydrolysate","Hydrolysate_15","BL15_D30","Genus"
"Y2.4t7",7,0.165758130249084,0.0535580625600046,"BL15_D07_Tk2_F04","Intestine","yes","yes","BL15","blue_whiting_hydrolysate_15",15,0,7,2,4,"BL15_D07","/home/dani/descartes_exp2/result_X204SC25103850-Z01-F001/01.RawData/Y2.4t7/Y2.4t7.raw_1.fastq.gz","/home/dani/descartes_exp2/result_X204SC25103850-Z01-F001/01.RawData/Y2.4t7/Y2.4t7.raw_2.fastq.gz","/home/dani/descartes_exp2/custom_dada2_preprocessing/data/raw_reads/by_sample/Y2.4t7/Y2.4t7.raw_1.fastq.gz","/home/dani/descartes_exp2/custom_dada2_preprocessing/data/raw_reads/by_sample/Y2.4t7/Y2.4t7.raw_2.fastq.gz","BL15","blue_whiting_hydrolysate_15","D07",65042,65042,60745,59357,57655,88.6427231634944,"D07","Hydrolysate","Hydrolysate_15","BL15_D07","Genus"
"Y2.4t90",7,0.186301719124302,0.069403948107773,"BL15_D90_Tk2_F04","Intestine","yes","yes","BL15","blue_whiting_hydrolysate_15",15,0,90,2,4,"BL15_D90","/home/dani/descartes_exp2/result_X204SC25103850-Z01-F001/01.RawData/Y2.4t90/Y2.4t90.raw_1.fastq.gz","/home/dani/descartes_exp2/result_X204SC25103850-Z01-F001/01.RawData/Y2.4t90/Y2.4t90.raw_2.fastq.gz","/home/dani/descartes_exp2/custom_dada2_preprocessing/data/raw_reads/by_sample/Y2.4t90/Y2.4t90.raw_1.fastq.gz","/home/dani/descartes_exp2/custom_dada2_preprocessing/data/raw_reads/by_sample/Y2.4t90/Y2.4t90.raw_2.fastq.gz","BL15","blue_whiting_hydrolysate_15","D90",69179,69179,63056,62777,62173,89.872649214357,"D90","Hydrolysate","Hydrolysate_15","BL15_D90","Genus"
"Y2.5t30",2,0.405899225475779,0.241542630849787,"BL15_D30_Tk2_F05","Intestine","yes","yes","BL15","blue_whiting_hydrolysate_15",15,0,30,2,5,"BL15_D30","/home/dani/descartes_exp2/result_X204SC25103850-Z01-F001/01.RawData/Y2.5t30/Y2.5t30.raw_1.fastq.gz","/home/dani/descartes_exp2/result_X204SC25103850-Z01-F001/01.RawData/Y2.5t30/Y2.5t30.raw_2.fastq.gz","/home/dani/descartes_exp2/custom_dada2_preprocessing/data/raw_reads/by_sample/Y2.5t30/Y2.5t30.raw_1.fastq.gz","/home/dani/descartes_exp2/custom_dada2_preprocessing/data/raw_reads/by_sample/Y2.5t30/Y2.5t30.raw_2.fastq.gz","BL15","blue_whiting_hydrolysate_15","D30",71995,71995,61548,61472,59687,82.9043683589138,"D30","Hydrolysate","Hydrolysate_15","BL15_D30","Genus"
"Y2.5t7",7,0.143952749828959,0.0585289624610158,"BL15_D07_Tk2_F05","Intestine","yes","yes","BL15","blue_whiting_hydrolysate_15",15,0,7,2,5,"BL15_D07","/home/dani/descartes_exp2/result_X204SC25103850-Z01-F001/01.RawData/Y2.5t7/Y2.5t7.raw_1.fastq.gz","/home/dani/descartes_exp2/result_X204SC25103850-Z01-F001/01.RawData/Y2.5t7/Y2.5t7.raw_2.fastq.gz","/home/dani/descartes_exp2/custom_dada2_preprocessing/data/raw_reads/by_sample/Y2.5t7/Y2.5t7.raw_1.fastq.gz","/home/dani/descartes_exp2/custom_dada2_preprocessing/data/raw_reads/by_sample/Y2.5t7/Y2.5t7.raw_2.fastq.gz","BL15","blue_whiting_hydrolysate_15","D07",62618,62618,57262,57145,55725,88.9919831358395,"D07","Hydrolysate","Hydrolysate_15","BL15_D07","Genus"
"Y2.5t90",7,0.761971469758358,0.500803798669081,"BL15_D90_Tk2_F05","Intestine","yes","yes","BL15","blue_whiting_hydrolysate_15",15,0,90,2,5,"BL15_D90","/home/dani/descartes_exp2/result_X204SC25103850-Z01-F001/01.RawData/Y2.5t90/Y2.5t90.raw_1.fastq.gz","/home/dani/descartes_exp2/result_X204SC25103850-Z01-F001/01.RawData/Y2.5t90/Y2.5t90.raw_2.fastq.gz","/home/dani/descartes_exp2/custom_dada2_preprocessing/data/raw_reads/by_sample/Y2.5t90/Y2.5t90.raw_1.fastq.gz","/home/dani/descartes_exp2/custom_dada2_preprocessing/data/raw_reads/by_sample/Y2.5t90/Y2.5t90.raw_2.fastq.gz","BL15","blue_whiting_hydrolysate_15","D90",62601,62601,57614,56582,52457,83.7957860098082,"D90","Hydrolysate","Hydrolysate_15","BL15_D90","Genus"
"Y3.1t30",5,0.722439597961556,0.502541576676535,"BL15_D30_Tk3_F01","Intestine","yes","yes","BL15","blue_whiting_hydrolysate_15",15,0,30,3,1,"BL15_D30","/home/dani/descartes_exp2/result_X204SC25103850-Z01-F001/01.RawData/Y3.1t30/Y3.1t30.raw_1.fastq.gz","/home/dani/descartes_exp2/result_X204SC25103850-Z01-F001/01.RawData/Y3.1t30/Y3.1t30.raw_2.fastq.gz","/home/dani/descartes_exp2/custom_dada2_preprocessing/data/raw_reads/by_sample/Y3.1t30/Y3.1t30.raw_1.fastq.gz","/home/dani/descartes_exp2/custom_dada2_preprocessing/data/raw_reads/by_sample/Y3.1t30/Y3.1t30.raw_2.fastq.gz","BL15","blue_whiting_hydrolysate_15","D30",73076,73076,66086,65304,48603,66.5102085500027,"D30","Hydrolysate","Hydrolysate_15","BL15_D30","Genus"
"Y3.1t7",4,0.0626715037747752,0.0212069969528703,"BL15_D07_Tk3_F01","Intestine","yes","yes","BL15","blue_whiting_hydrolysate_15",15,0,7,3,1,"BL15_D07","/home/dani/descartes_exp2/result_X204SC25103850-Z01-F001/01.RawData/Y3.1t7/Y3.1t7.raw_1.fastq.gz","/home/dani/descartes_exp2/result_X204SC25103850-Z01-F001/01.RawData/Y3.1t7/Y3.1t7.raw_2.fastq.gz","/home/dani/descartes_exp2/custom_dada2_preprocessing/data/raw_reads/by_sample/Y3.1t7/Y3.1t7.raw_1.fastq.gz","/home/dani/descartes_exp2/custom_dada2_preprocessing/data/raw_reads/by_sample/Y3.1t7/Y3.1t7.raw_2.fastq.gz","BL15","blue_whiting_hydrolysate_15","D07",64861,64861,60297,57805,57583,88.779081420268,"D07","Hydrolysate","Hydrolysate_15","BL15_D07","Genus"
"Y3.1t90",4,0.0118949994264399,0.00289821306932658,"BL15_D90_Tk3_F01","Intestine","yes","yes","BL15","blue_whiting_hydrolysate_15",15,0,90,3,1,"BL15_D90","/home/dani/descartes_exp2/result_X204SC25103850-Z01-F001/01.RawData/Y3.1t90/Y3.1t90.raw_1.fastq.gz","/home/dani/descartes_exp2/result_X204SC25103850-Z01-F001/01.RawData/Y3.1t90/Y3.1t90.raw_2.fastq.gz","/home/dani/descartes_exp2/custom_dada2_preprocessing/data/raw_reads/by_sample/Y3.1t90/Y3.1t90.raw_1.fastq.gz","/home/dani/descartes_exp2/custom_dada2_preprocessing/data/raw_reads/by_sample/Y3.1t90/Y3.1t90.raw_2.fastq.gz","BL15","blue_whiting_hydrolysate_15","D90",66711,66711,61439,61402,61393,92.0283011797155,"D90","Hydrolysate","Hydrolysate_15","BL15_D90","Genus"
"Y3.2t30",7,0.166706002267827,0.0637411653443131,"BL15_D30_Tk3_F02","Intestine","yes","yes","BL15","blue_whiting_hydrolysate_15",15,0,30,3,2,"BL15_D30","/home/dani/descartes_exp2/result_X204SC25103850-Z01-F001/01.RawData/Y3.2t30/Y3.2t30.raw_1.fastq.gz","/home/dani/descartes_exp2/result_X204SC25103850-Z01-F001/01.RawData/Y3.2t30/Y3.2t30.raw_2.fastq.gz","/home/dani/descartes_exp2/custom_dada2_preprocessing/data/raw_reads/by_sample/Y3.2t30/Y3.2t30.raw_1.fastq.gz","/home/dani/descartes_exp2/custom_dada2_preprocessing/data/raw_reads/by_sample/Y3.2t30/Y3.2t30.raw_2.fastq.gz","BL15","blue_whiting_hydrolysate_15","D30",62486,62486,56882,56761,55868,89.4088275773773,"D30","Hydrolysate","Hydrolysate_15","BL15_D30","Genus"
"Y3.2t7",14,0.56781113449307,0.222508416122344,"BL15_D07_Tk3_F02","Intestine","yes","yes","BL15","blue_whiting_hydrolysate_15",15,0,7,3,2,"BL15_D07","/home/dani/descartes_exp2/result_X204SC25103850-Z01-F001/01.RawData/Y3.2t7/Y3.2t7.raw_1.fastq.gz","/home/dani/descartes_exp2/result_X204SC25103850-Z01-F001/01.RawData/Y3.2t7/Y3.2t7.raw_2.fastq.gz","/home/dani/descartes_exp2/custom_dada2_preprocessing/data/raw_reads/by_sample/Y3.2t7/Y3.2t7.raw_1.fastq.gz","/home/dani/descartes_exp2/custom_dada2_preprocessing/data/raw_reads/by_sample/Y3.2t7/Y3.2t7.raw_2.fastq.gz","BL15","blue_whiting_hydrolysate_15","D07",78800,78800,74167,73476,71002,90.1040609137056,"D07","Hydrolysate","Hydrolysate_15","BL15_D07","Genus"
"Y3.2t90",9,0.0458280694846809,0.0123243841032528,"BL15_D90_Tk3_F02","Intestine","yes","yes","BL15","blue_whiting_hydrolysate_15",15,0,90,3,2,"BL15_D90","/home/dani/descartes_exp2/result_X204SC25103850-Z01-F001/01.RawData/Y3.2t90/Y3.2t90.raw_1.fastq.gz","/home/dani/descartes_exp2/result_X204SC25103850-Z01-F001/01.RawData/Y3.2t90/Y3.2t90.raw_2.fastq.gz","/home/dani/descartes_exp2/custom_dada2_preprocessing/data/raw_reads/by_sample/Y3.2t90/Y3.2t90.raw_1.fastq.gz","/home/dani/descartes_exp2/custom_dada2_preprocessing/data/raw_reads/by_sample/Y3.2t90/Y3.2t90.raw_2.fastq.gz","BL15","blue_whiting_hydrolysate_15","D90",66727,66727,60919,60846,60822,91.1505087895455,"D90","Hydrolysate","Hydrolysate_15","BL15_D90","Genus"
"Y3.3t30",9,1.40849056289635,0.720433925349948,"BL15_D30_Tk3_F03","Intestine","yes","yes","BL15","blue_whiting_hydrolysate_15",15,0,30,3,3,"BL15_D30","/home/dani/descartes_exp2/result_X204SC25103850-Z01-F001/01.RawData/Y3.3t30/Y3.3t30.raw_1.fastq.gz","/home/dani/descartes_exp2/result_X204SC25103850-Z01-F001/01.RawData/Y3.3t30/Y3.3t30.raw_2.fastq.gz","/home/dani/descartes_exp2/custom_dada2_preprocessing/data/raw_reads/by_sample/Y3.3t30/Y3.3t30.raw_1.fastq.gz","/home/dani/descartes_exp2/custom_dada2_preprocessing/data/raw_reads/by_sample/Y3.3t30/Y3.3t30.raw_2.fastq.gz","BL15","blue_whiting_hydrolysate_15","D30",66736,66736,61410,59539,57810,86.6249100935028,"D30","Hydrolysate","Hydrolysate_15","BL15_D30","Genus"
"Y3.3t7",8,0.224790670435058,0.0875419498946432,"BL15_D07_Tk3_F03","Intestine","yes","yes","BL15","blue_whiting_hydrolysate_15",15,0,7,3,3,"BL15_D07","/home/dani/descartes_exp2/result_X204SC25103850-Z01-F001/01.RawData/Y3.3t7/Y3.3t7.raw_1.fastq.gz","/home/dani/descartes_exp2/result_X204SC25103850-Z01-F001/01.RawData/Y3.3t7/Y3.3t7.raw_2.fastq.gz","/home/dani/descartes_exp2/custom_dada2_preprocessing/data/raw_reads/by_sample/Y3.3t7/Y3.3t7.raw_1.fastq.gz","/home/dani/descartes_exp2/custom_dada2_preprocessing/data/raw_reads/by_sample/Y3.3t7/Y3.3t7.raw_2.fastq.gz","BL15","blue_whiting_hydrolysate_15","D07",64727,64727,58181,57873,56770,87.7068302254083,"D07","Hydrolysate","Hydrolysate_15","BL15_D07","Genus"
"Y3.3t90",3,0.607298430141979,0.416328009001196,"BL15_D90_Tk3_F03","Intestine","yes","yes","BL15","blue_whiting_hydrolysate_15",15,0,90,3,3,"BL15_D90","/home/dani/descartes_exp2/result_X204SC25103850-Z01-F001/01.RawData/Y3.3t90/Y3.3t90.raw_1.fastq.gz","/home/dani/descartes_exp2/result_X204SC25103850-Z01-F001/01.RawData/Y3.3t90/Y3.3t90.raw_2.fastq.gz","/home/dani/descartes_exp2/custom_dada2_preprocessing/data/raw_reads/by_sample/Y3.3t90/Y3.3t90.raw_1.fastq.gz","/home/dani/descartes_exp2/custom_dada2_preprocessing/data/raw_reads/by_sample/Y3.3t90/Y3.3t90.raw_2.fastq.gz","BL15","blue_whiting_hydrolysate_15","D90",64145,64145,59151,59090,57303,89.3335411957284,"D90","Hydrolysate","Hydrolysate_15","BL15_D90","Genus"
"Y3.4t30",6,0.651326859056229,0.347941496630601,"BL15_D30_Tk3_F04","Intestine","yes","yes","BL15","blue_whiting_hydrolysate_15",15,0,30,3,4,"BL15_D30","/home/dani/descartes_exp2/result_X204SC25103850-Z01-F001/01.RawData/Y3.4t30/Y3.4t30.raw_1.fastq.gz","/home/dani/descartes_exp2/result_X204SC25103850-Z01-F001/01.RawData/Y3.4t30/Y3.4t30.raw_2.fastq.gz","/home/dani/descartes_exp2/custom_dada2_preprocessing/data/raw_reads/by_sample/Y3.4t30/Y3.4t30.raw_1.fastq.gz","/home/dani/descartes_exp2/custom_dada2_preprocessing/data/raw_reads/by_sample/Y3.4t30/Y3.4t30.raw_2.fastq.gz","BL15","blue_whiting_hydrolysate_15","D30",63363,63363,57892,57701,54952,86.7256916497009,"D30","Hydrolysate","Hydrolysate_15","BL15_D30","Genus"
"Y3.4t7",4,0.216966690913749,0.106019792732595,"BL15_D07_Tk3_F04","Intestine","yes","yes","BL15","blue_whiting_hydrolysate_15",15,0,7,3,4,"BL15_D07","/home/dani/descartes_exp2/result_X204SC25103850-Z01-F001/01.RawData/Y3.4t7/Y3.4t7.raw_1.fastq.gz","/home/dani/descartes_exp2/result_X204SC25103850-Z01-F001/01.RawData/Y3.4t7/Y3.4t7.raw_2.fastq.gz","/home/dani/descartes_exp2/custom_dada2_preprocessing/data/raw_reads/by_sample/Y3.4t7/Y3.4t7.raw_1.fastq.gz","/home/dani/descartes_exp2/custom_dada2_preprocessing/data/raw_reads/by_sample/Y3.4t7/Y3.4t7.raw_2.fastq.gz","BL15","blue_whiting_hydrolysate_15","D07",64954,64954,59284,59038,58719,90.4008990978231,"D07","Hydrolysate","Hydrolysate_15","BL15_D07","Genus"
"Y3.4t90",4,0.0244983024541975,0.00695153338209376,"BL15_D90_Tk3_F04","Intestine","yes","yes","BL15","blue_whiting_hydrolysate_15",15,0,90,3,4,"BL15_D90","/home/dani/descartes_exp2/result_X204SC25103850-Z01-F001/01.RawData/Y3.4t90/Y3.4t90.raw_1.fastq.gz","/home/dani/descartes_exp2/result_X204SC25103850-Z01-F001/01.RawData/Y3.4t90/Y3.4t90.raw_2.fastq.gz","/home/dani/descartes_exp2/custom_dada2_preprocessing/data/raw_reads/by_sample/Y3.4t90/Y3.4t90.raw_1.fastq.gz","/home/dani/descartes_exp2/custom_dada2_preprocessing/data/raw_reads/by_sample/Y3.4t90/Y3.4t90.raw_2.fastq.gz","BL15","blue_whiting_hydrolysate_15","D90",65469,65469,59834,59694,59691,91.1744489758512,"D90","Hydrolysate","Hydrolysate_15","BL15_D90","Genus"
"Y3.5t30",3,0.0680244653096993,0.0245354534163593,"BL15_D30_Tk3_F05","Intestine","yes","yes","BL15","blue_whiting_hydrolysate_15",15,0,30,3,5,"BL15_D30","/home/dani/descartes_exp2/result_X204SC25103850-Z01-F001/01.RawData/Y3.5t30/Y3.5t30.raw_1.fastq.gz","/home/dani/descartes_exp2/result_X204SC25103850-Z01-F001/01.RawData/Y3.5t30/Y3.5t30.raw_2.fastq.gz","/home/dani/descartes_exp2/custom_dada2_preprocessing/data/raw_reads/by_sample/Y3.5t30/Y3.5t30.raw_1.fastq.gz","/home/dani/descartes_exp2/custom_dada2_preprocessing/data/raw_reads/by_sample/Y3.5t30/Y3.5t30.raw_2.fastq.gz","BL15","blue_whiting_hydrolysate_15","D30",65217,65217,59293,59237,54429,83.4583007498045,"D30","Hydrolysate","Hydrolysate_15","BL15_D30","Genus"
"Y3.5t7",10,0.421715841668638,0.182147746656454,"BL15_D07_Tk3_F05","Intestine","yes","yes","BL15","blue_whiting_hydrolysate_15",15,0,7,3,5,"BL15_D07","/home/dani/descartes_exp2/result_X204SC25103850-Z01-F001/01.RawData/Y3.5t7/Y3.5t7.raw_1.fastq.gz","/home/dani/descartes_exp2/result_X204SC25103850-Z01-F001/01.RawData/Y3.5t7/Y3.5t7.raw_2.fastq.gz","/home/dani/descartes_exp2/custom_dada2_preprocessing/data/raw_reads/by_sample/Y3.5t7/Y3.5t7.raw_1.fastq.gz","/home/dani/descartes_exp2/custom_dada2_preprocessing/data/raw_reads/by_sample/Y3.5t7/Y3.5t7.raw_2.fastq.gz","BL15","blue_whiting_hydrolysate_15","D07",79328,79328,73204,71886,70259,88.5677188382412,"D07","Hydrolysate","Hydrolysate_15","BL15_D07","Genus"
"Y3.5t90",4,0.611792373021513,0.419878002499171,"BL15_D90_Tk3_F05","Intestine","yes","yes","BL15","blue_whiting_hydrolysate_15",15,0,90,3,5,"BL15_D90","/home/dani/descartes_exp2/result_X204SC25103850-Z01-F001/01.RawData/Y3.5t90/Y3.5t90.raw_1.fastq.gz","/home/dani/descartes_exp2/result_X204SC25103850-Z01-F001/01.RawData/Y3.5t90/Y3.5t90.raw_2.fastq.gz","/home/dani/descartes_exp2/custom_dada2_preprocessing/data/raw_reads/by_sample/Y3.5t90/Y3.5t90.raw_1.fastq.gz","/home/dani/descartes_exp2/custom_dada2_preprocessing/data/raw_reads/by_sample/Y3.5t90/Y3.5t90.raw_2.fastq.gz","BL15","blue_whiting_hydrolysate_15","D90",66095,66095,60572,60485,58794,88.9537786519404,"D90","Hydrolysate","Hydrolysate_15","BL15_D90","Genus"
"Z1.1t30",2,0.494887960229541,0.315237755722215,"BL30_D30_Tk1_F01","Intestine","yes","yes","BL30","blue_whiting_hydrolysate_30",30,0,30,1,1,"BL30_D30","/home/dani/descartes_exp2/result_X204SC25103850-Z01-F001/01.RawData/Z1.1t30/Z1.1t30.raw_1.fastq.gz","/home/dani/descartes_exp2/result_X204SC25103850-Z01-F001/01.RawData/Z1.1t30/Z1.1t30.raw_2.fastq.gz","/home/dani/descartes_exp2/custom_dada2_preprocessing/data/raw_reads/by_sample/Z1.1t30/Z1.1t30.raw_1.fastq.gz","/home/dani/descartes_exp2/custom_dada2_preprocessing/data/raw_reads/by_sample/Z1.1t30/Z1.1t30.raw_2.fastq.gz","BL30","blue_whiting_hydrolysate_30","D30",72440,72440,66229,65929,47500,65.5715074544451,"D30","Hydrolysate","Hydrolysate_30","BL30_D30","Genus"
"Z1.1t7",29,1.18680730577034,0.467790137031821,"BL30_D07_Tk1_F01","Intestine","yes","yes","BL30","blue_whiting_hydrolysate_30",30,0,7,1,1,"BL30_D07","/home/dani/descartes_exp2/result_X204SC25103850-Z01-F001/01.RawData/Z1.1t7/Z1.1t7.raw_1.fastq.gz","/home/dani/descartes_exp2/result_X204SC25103850-Z01-F001/01.RawData/Z1.1t7/Z1.1t7.raw_2.fastq.gz","/home/dani/descartes_exp2/custom_dada2_preprocessing/data/raw_reads/by_sample/Z1.1t7/Z1.1t7.raw_1.fastq.gz","/home/dani/descartes_exp2/custom_dada2_preprocessing/data/raw_reads/by_sample/Z1.1t7/Z1.1t7.raw_2.fastq.gz","BL30","blue_whiting_hydrolysate_30","D07",64747,64747,59323,58638,56550,87.3399539747015,"D07","Hydrolysate","Hydrolysate_30","BL30_D07","Genus"
"Z1.1t90",3,0.189171848400915,0.0891683682839767,"BL30_D90_Tk1_F01","Intestine","yes","yes","BL30","blue_whiting_hydrolysate_30",30,0,90,1,1,"BL30_D90","/home/dani/descartes_exp2/result_X204SC25103850-Z01-F001/01.RawData/Z1.1t90/Z1.1t90.raw_1.fastq.gz","/home/dani/descartes_exp2/result_X204SC25103850-Z01-F001/01.RawData/Z1.1t90/Z1.1t90.raw_2.fastq.gz","/home/dani/descartes_exp2/custom_dada2_preprocessing/data/raw_reads/by_sample/Z1.1t90/Z1.1t90.raw_1.fastq.gz","/home/dani/descartes_exp2/custom_dada2_preprocessing/data/raw_reads/by_sample/Z1.1t90/Z1.1t90.raw_2.fastq.gz","BL30","blue_whiting_hydrolysate_30","D90",64893,64893,59935,59864,58954,90.8480113417472,"D90","Hydrolysate","Hydrolysate_30","BL30_D90","Genus"
"Z1.2t30",8,0.20228143830788,0.0853383817918449,"BL30_D30_Tk1_F02","Intestine","yes","yes","BL30","blue_whiting_hydrolysate_30",30,0,30,1,2,"BL30_D30","/home/dani/descartes_exp2/result_X204SC25103850-Z01-F001/01.RawData/Z1.2t30/Z1.2t30.raw_1.fastq.gz","/home/dani/descartes_exp2/result_X204SC25103850-Z01-F001/01.RawData/Z1.2t30/Z1.2t30.raw_2.fastq.gz","/home/dani/descartes_exp2/custom_dada2_preprocessing/data/raw_reads/by_sample/Z1.2t30/Z1.2t30.raw_1.fastq.gz","/home/dani/descartes_exp2/custom_dada2_preprocessing/data/raw_reads/by_sample/Z1.2t30/Z1.2t30.raw_2.fastq.gz","BL30","blue_whiting_hydrolysate_30","D30",79921,79921,71797,71607,64993,81.3215550355977,"D30","Hydrolysate","Hydrolysate_30","BL30_D30","Genus"
"Z1.2t7",17,1.14595099833954,0.508837759598096,"BL30_D07_Tk1_F02","Intestine","yes","yes","BL30","blue_whiting_hydrolysate_30",30,0,7,1,2,"BL30_D07","/home/dani/descartes_exp2/result_X204SC25103850-Z01-F001/01.RawData/Z1.2t7/Z1.2t7.raw_1.fastq.gz","/home/dani/descartes_exp2/result_X204SC25103850-Z01-F001/01.RawData/Z1.2t7/Z1.2t7.raw_2.fastq.gz","/home/dani/descartes_exp2/custom_dada2_preprocessing/data/raw_reads/by_sample/Z1.2t7/Z1.2t7.raw_1.fastq.gz","/home/dani/descartes_exp2/custom_dada2_preprocessing/data/raw_reads/by_sample/Z1.2t7/Z1.2t7.raw_2.fastq.gz","BL30","blue_whiting_hydrolysate_30","D07",64607,64607,59761,58731,51747,80.0950361415946,"D07","Hydrolysate","Hydrolysate_30","BL30_D07","Genus"
"Z1.2t90",2,0.00227584287667732,0.000488408978516652,"BL30_D90_Tk1_F02","Intestine","yes","yes","BL30","blue_whiting_hydrolysate_30",30,0,90,1,2,"BL30_D90","/home/dani/descartes_exp2/result_X204SC25103850-Z01-F001/01.RawData/Z1.2t90/Z1.2t90.raw_1.fastq.gz","/home/dani/descartes_exp2/result_X204SC25103850-Z01-F001/01.RawData/Z1.2t90/Z1.2t90.raw_2.fastq.gz","/home/dani/descartes_exp2/custom_dada2_preprocessing/data/raw_reads/by_sample/Z1.2t90/Z1.2t90.raw_1.fastq.gz","/home/dani/descartes_exp2/custom_dada2_preprocessing/data/raw_reads/by_sample/Z1.2t90/Z1.2t90.raw_2.fastq.gz","BL30","blue_whiting_hydrolysate_30","D90",64338,64338,57398,57368,57368,89.1665889520967,"D90","Hydrolysate","Hydrolysate_30","BL30_D90","Genus"
"Z1.3t30",4,0.101621058572431,0.0363203034116483,"BL30_D30_Tk1_F03","Intestine","yes","yes","BL30","blue_whiting_hydrolysate_30",30,0,30,1,3,"BL30_D30","/home/dani/descartes_exp2/result_X204SC25103850-Z01-F001/01.RawData/Z1.3t30/Z1.3t30.raw_1.fastq.gz","/home/dani/descartes_exp2/result_X204SC25103850-Z01-F001/01.RawData/Z1.3t30/Z1.3t30.raw_2.fastq.gz","/home/dani/descartes_exp2/custom_dada2_preprocessing/data/raw_reads/by_sample/Z1.3t30/Z1.3t30.raw_1.fastq.gz","/home/dani/descartes_exp2/custom_dada2_preprocessing/data/raw_reads/by_sample/Z1.3t30/Z1.3t30.raw_2.fastq.gz","BL30","blue_whiting_hydrolysate_30","D30",62088,62088,56409,56255,51157,82.394343512434,"D30","Hydrolysate","Hydrolysate_30","BL30_D30","Genus"
"Z1.3t7",1,0,0,"BL30_D07_Tk1_F03","Intestine","yes","yes","BL30","blue_whiting_hydrolysate_30",30,0,7,1,3,"BL30_D07","/home/dani/descartes_exp2/result_X204SC25103850-Z01-F001/01.RawData/Z1.3t7/Z1.3t7.raw_1.fastq.gz","/home/dani/descartes_exp2/result_X204SC25103850-Z01-F001/01.RawData/Z1.3t7/Z1.3t7.raw_2.fastq.gz","/home/dani/descartes_exp2/custom_dada2_preprocessing/data/raw_reads/by_sample/Z1.3t7/Z1.3t7.raw_1.fastq.gz","/home/dani/descartes_exp2/custom_dada2_preprocessing/data/raw_reads/by_sample/Z1.3t7/Z1.3t7.raw_2.fastq.gz","BL30","blue_whiting_hydrolysate_30","D07",68442,68442,61359,61318,60788,88.8168083925075,"D07","Hydrolysate","Hydrolysate_30","BL30_D07","Genus"
"Z1.3t90",2,0.0152656604640067,0.00426224746644022,"BL30_D90_Tk1_F03","Intestine","yes","yes","BL30","blue_whiting_hydrolysate_30",30,0,90,1,3,"BL30_D90","/home/dani/descartes_exp2/result_X204SC25103850-Z01-F001/01.RawData/Z1.3t90/Z1.3t90.raw_1.fastq.gz","/home/dani/descartes_exp2/result_X204SC25103850-Z01-F001/01.RawData/Z1.3t90/Z1.3t90.raw_2.fastq.gz","/home/dani/descartes_exp2/custom_dada2_preprocessing/data/raw_reads/by_sample/Z1.3t90/Z1.3t90.raw_1.fastq.gz","/home/dani/descartes_exp2/custom_dada2_preprocessing/data/raw_reads/by_sample/Z1.3t90/Z1.3t90.raw_2.fastq.gz","BL30","blue_whiting_hydrolysate_30","D90",63616,63616,58209,58183,58176,91.4486921529175,"D90","Hydrolysate","Hydrolysate_30","BL30_D90","Genus"
"Z1.4t30",8,1.06734179582635,0.607058701692711,"BL30_D30_Tk1_F04","Intestine","yes","yes","BL30","blue_whiting_hydrolysate_30",30,0,30,1,4,"BL30_D30","/home/dani/descartes_exp2/result_X204SC25103850-Z01-F001/01.RawData/Z1.4t30/Z1.4t30.raw_1.fastq.gz","/home/dani/descartes_exp2/result_X204SC25103850-Z01-F001/01.RawData/Z1.4t30/Z1.4t30.raw_2.fastq.gz","/home/dani/descartes_exp2/custom_dada2_preprocessing/data/raw_reads/by_sample/Z1.4t30/Z1.4t30.raw_1.fastq.gz","/home/dani/descartes_exp2/custom_dada2_preprocessing/data/raw_reads/by_sample/Z1.4t30/Z1.4t30.raw_2.fastq.gz","BL30","blue_whiting_hydrolysate_30","D30",64809,64809,59789,59267,45234,69.795861685877,"D30","Hydrolysate","Hydrolysate_30","BL30_D30","Genus"
"Z1.4t7",5,0.0638870553600624,0.0195110086625756,"BL30_D07_Tk1_F04","Intestine","yes","yes","BL30","blue_whiting_hydrolysate_30",30,0,7,1,4,"BL30_D07","/home/dani/descartes_exp2/result_X204SC25103850-Z01-F001/01.RawData/Z1.4t7/Z1.4t7.raw_1.fastq.gz","/home/dani/descartes_exp2/result_X204SC25103850-Z01-F001/01.RawData/Z1.4t7/Z1.4t7.raw_2.fastq.gz","/home/dani/descartes_exp2/custom_dada2_preprocessing/data/raw_reads/by_sample/Z1.4t7/Z1.4t7.raw_1.fastq.gz","/home/dani/descartes_exp2/custom_dada2_preprocessing/data/raw_reads/by_sample/Z1.4t7/Z1.4t7.raw_2.fastq.gz","BL30","blue_whiting_hydrolysate_30","D07",65483,65483,59680,59424,56791,86.7263259166501,"D07","Hydrolysate","Hydrolysate_30","BL30_D07","Genus"
"Z1.4t90",4,0.238843040581814,0.119866174596388,"BL30_D90_Tk1_F04","Intestine","yes","yes","BL30","blue_whiting_hydrolysate_30",30,0,90,1,4,"BL30_D90","/home/dani/descartes_exp2/result_X204SC25103850-Z01-F001/01.RawData/Z1.4t90/Z1.4t90.raw_1.fastq.gz","/home/dani/descartes_exp2/result_X204SC25103850-Z01-F001/01.RawData/Z1.4t90/Z1.4t90.raw_2.fastq.gz","/home/dani/descartes_exp2/custom_dada2_preprocessing/data/raw_reads/by_sample/Z1.4t90/Z1.4t90.raw_1.fastq.gz","/home/dani/descartes_exp2/custom_dada2_preprocessing/data/raw_reads/by_sample/Z1.4t90/Z1.4t90.raw_2.fastq.gz","BL30","blue_whiting_hydrolysate_30","D90",65836,65836,59853,59761,59546,90.4459566194787,"D90","Hydrolysate","Hydrolysate_30","BL30_D90","Genus"
"Z1.5t30",7,0.705071226473057,0.492471899916968,"BL30_D30_Tk1_F05","Intestine","yes","yes","BL30","blue_whiting_hydrolysate_30",30,0,30,1,5,"BL30_D30","/home/dani/descartes_exp2/result_X204SC25103850-Z01-F001/01.RawData/Z1.5t30/Z1.5t30.raw_1.fastq.gz","/home/dani/descartes_exp2/result_X204SC25103850-Z01-F001/01.RawData/Z1.5t30/Z1.5t30.raw_2.fastq.gz","/home/dani/descartes_exp2/custom_dada2_preprocessing/data/raw_reads/by_sample/Z1.5t30/Z1.5t30.raw_1.fastq.gz","/home/dani/descartes_exp2/custom_dada2_preprocessing/data/raw_reads/by_sample/Z1.5t30/Z1.5t30.raw_2.fastq.gz","BL30","blue_whiting_hydrolysate_30","D30",79288,79288,71572,71404,58466,73.7387750983756,"D30","Hydrolysate","Hydrolysate_30","BL30_D30","Genus"
"Z1.5t7",2,0.00170669743874045,0.000354063755783951,"BL30_D07_Tk1_F05","Intestine","yes","yes","BL30","blue_whiting_hydrolysate_30",30,0,7,1,5,"BL30_D07","/home/dani/descartes_exp2/result_X204SC25103850-Z01-F001/01.RawData/Z1.5t7/Z1.5t7.raw_1.fastq.gz","/home/dani/descartes_exp2/result_X204SC25103850-Z01-F001/01.RawData/Z1.5t7/Z1.5t7.raw_2.fastq.gz","/home/dani/descartes_exp2/custom_dada2_preprocessing/data/raw_reads/by_sample/Z1.5t7/Z1.5t7.raw_1.fastq.gz","/home/dani/descartes_exp2/custom_dada2_preprocessing/data/raw_reads/by_sample/Z1.5t7/Z1.5t7.raw_2.fastq.gz","BL30","blue_whiting_hydrolysate_30","D07",62610,62610,57139,57107,56601,90.402491614758,"D07","Hydrolysate","Hydrolysate_30","BL30_D07","Genus"
"Z2.1t7",51,2.49362408296657,0.857981572237999,"BL30_D07_Tk2_F01","Intestine","yes","yes","BL30","blue_whiting_hydrolysate_30",30,0,7,2,1,"BL30_D07","/home/dani/descartes_exp2/result_X204SC25103850-Z01-F001/01.RawData/Z2.1t7/Z2.1t7.raw_1.fastq.gz","/home/dani/descartes_exp2/result_X204SC25103850-Z01-F001/01.RawData/Z2.1t7/Z2.1t7.raw_2.fastq.gz","/home/dani/descartes_exp2/custom_dada2_preprocessing/data/raw_reads/by_sample/Z2.1t7/Z2.1t7.raw_1.fastq.gz","/home/dani/descartes_exp2/custom_dada2_preprocessing/data/raw_reads/by_sample/Z2.1t7/Z2.1t7.raw_2.fastq.gz","BL30","blue_whiting_hydrolysate_30","D07",70959,70959,63623,55195,39604,55.8125114502741,"D07","Hydrolysate","Hydrolysate_30","BL30_D07","Genus"
"Z2.1t90",9,0.326112158763531,0.146461025394168,"BL30_D90_Tk2_F01","Intestine","yes","yes","BL30","blue_whiting_hydrolysate_30",30,0,90,2,1,"BL30_D90","/home/dani/descartes_exp2/result_X204SC25103850-Z01-F001/01.RawData/Z2.1t90/Z2.1t90.raw_1.fastq.gz","/home/dani/descartes_exp2/result_X204SC25103850-Z01-F001/01.RawData/Z2.1t90/Z2.1t90.raw_2.fastq.gz","/home/dani/descartes_exp2/custom_dada2_preprocessing/data/raw_reads/by_sample/Z2.1t90/Z2.1t90.raw_1.fastq.gz","/home/dani/descartes_exp2/custom_dada2_preprocessing/data/raw_reads/by_sample/Z2.1t90/Z2.1t90.raw_2.fastq.gz","BL30","blue_whiting_hydrolysate_30","D90",66389,66389,59947,59613,58503,88.1215261564416,"D90","Hydrolysate","Hydrolysate_30","BL30_D90","Genus"
"Z2.2t30",10,0.769607661891324,0.498561008464537,"BL30_D30_Tk2_F02","Intestine","yes","yes","BL30","blue_whiting_hydrolysate_30",30,0,30,2,2,"BL30_D30","/home/dani/descartes_exp2/result_X204SC25103850-Z01-F001/01.RawData/Z2.2t30/Z2.2t30.raw_1.fastq.gz","/home/dani/descartes_exp2/result_X204SC25103850-Z01-F001/01.RawData/Z2.2t30/Z2.2t30.raw_2.fastq.gz","/home/dani/descartes_exp2/custom_dada2_preprocessing/data/raw_reads/by_sample/Z2.2t30/Z2.2t30.raw_1.fastq.gz","/home/dani/descartes_exp2/custom_dada2_preprocessing/data/raw_reads/by_sample/Z2.2t30/Z2.2t30.raw_2.fastq.gz","BL30","blue_whiting_hydrolysate_30","D30",66371,66371,59135,58559,56907,85.7407602718055,"D30","Hydrolysate","Hydrolysate_30","BL30_D30","Genus"
"Z2.2t7",6,0.857971280178457,0.531687134386309,"BL30_D07_Tk2_F02","Intestine","yes","yes","BL30","blue_whiting_hydrolysate_30",30,0,7,2,2,"BL30_D07","/home/dani/descartes_exp2/result_X204SC25103850-Z01-F001/01.RawData/Z2.2t7/Z2.2t7.raw_1.fastq.gz","/home/dani/descartes_exp2/result_X204SC25103850-Z01-F001/01.RawData/Z2.2t7/Z2.2t7.raw_2.fastq.gz","/home/dani/descartes_exp2/custom_dada2_preprocessing/data/raw_reads/by_sample/Z2.2t7/Z2.2t7.raw_1.fastq.gz","/home/dani/descartes_exp2/custom_dada2_preprocessing/data/raw_reads/by_sample/Z2.2t7/Z2.2t7.raw_2.fastq.gz","BL30","blue_whiting_hydrolysate_30","D07",66454,66454,61064,55998,44944,67.631745267403,"D07","Hydrolysate","Hydrolysate_30","BL30_D07","Genus"
"Z2.2t90",3,0.70421585442378,0.501574421862025,"BL30_D90_Tk2_F02","Intestine","yes","yes","BL30","blue_whiting_hydrolysate_30",30,0,90,2,2,"BL30_D90","/home/dani/descartes_exp2/result_X204SC25103850-Z01-F001/01.RawData/Z2.2t90/Z2.2t90.raw_1.fastq.gz","/home/dani/descartes_exp2/result_X204SC25103850-Z01-F001/01.RawData/Z2.2t90/Z2.2t90.raw_2.fastq.gz","/home/dani/descartes_exp2/custom_dada2_preprocessing/data/raw_reads/by_sample/Z2.2t90/Z2.2t90.raw_1.fastq.gz","/home/dani/descartes_exp2/custom_dada2_preprocessing/data/raw_reads/by_sample/Z2.2t90/Z2.2t90.raw_2.fastq.gz","BL30","blue_whiting_hydrolysate_30","D90",71347,71347,65604,65353,62521,87.6294728580039,"D90","Hydrolysate","Hydrolysate_30","BL30_D90","Genus"
"Z2.3t30",3,0.0400791132974835,0.0118362665936694,"BL30_D30_Tk2_F03","Intestine","yes","yes","BL30","blue_whiting_hydrolysate_30",30,0,30,2,3,"BL30_D30","/home/dani/descartes_exp2/result_X204SC25103850-Z01-F001/01.RawData/Z2.3t30/Z2.3t30.raw_1.fastq.gz","/home/dani/descartes_exp2/result_X204SC25103850-Z01-F001/01.RawData/Z2.3t30/Z2.3t30.raw_2.fastq.gz","/home/dani/descartes_exp2/custom_dada2_preprocessing/data/raw_reads/by_sample/Z2.3t30/Z2.3t30.raw_1.fastq.gz","/home/dani/descartes_exp2/custom_dada2_preprocessing/data/raw_reads/by_sample/Z2.3t30/Z2.3t30.raw_2.fastq.gz","BL30","blue_whiting_hydrolysate_30","D30",64454,64454,58506,58362,49021,76.0557917274335,"D30","Hydrolysate","Hydrolysate_30","BL30_D30","Genus"
"Z2.3t7",50,2.34112172512637,0.824139789042479,"BL30_D07_Tk2_F03","Intestine","yes","yes","BL30","blue_whiting_hydrolysate_30",30,0,7,2,3,"BL30_D07","/home/dani/descartes_exp2/result_X204SC25103850-Z01-F001/01.RawData/Z2.3t7/Z2.3t7.raw_1.fastq.gz","/home/dani/descartes_exp2/result_X204SC25103850-Z01-F001/01.RawData/Z2.3t7/Z2.3t7.raw_2.fastq.gz","/home/dani/descartes_exp2/custom_dada2_preprocessing/data/raw_reads/by_sample/Z2.3t7/Z2.3t7.raw_1.fastq.gz","/home/dani/descartes_exp2/custom_dada2_preprocessing/data/raw_reads/by_sample/Z2.3t7/Z2.3t7.raw_2.fastq.gz","BL30","blue_whiting_hydrolysate_30","D07",63308,63308,55834,49369,39576,62.5134264232009,"D07","Hydrolysate","Hydrolysate_30","BL30_D07","Genus"
"Z2.3t90",3,0.0283270900821498,0.00824736304415585,"BL30_D90_Tk2_F03","Intestine","yes","yes","BL30","blue_whiting_hydrolysate_30",30,0,90,2,3,"BL30_D90","/home/dani/descartes_exp2/result_X204SC25103850-Z01-F001/01.RawData/Z2.3t90/Z2.3t90.raw_1.fastq.gz","/home/dani/descartes_exp2/result_X204SC25103850-Z01-F001/01.RawData/Z2.3t90/Z2.3t90.raw_2.fastq.gz","/home/dani/descartes_exp2/custom_dada2_preprocessing/data/raw_reads/by_sample/Z2.3t90/Z2.3t90.raw_1.fastq.gz","/home/dani/descartes_exp2/custom_dada2_preprocessing/data/raw_reads/by_sample/Z2.3t90/Z2.3t90.raw_2.fastq.gz","BL30","blue_whiting_hydrolysate_30","D90",62755,62755,56550,56470,56339,89.7761134570951,"D90","Hydrolysate","Hydrolysate_30","BL30_D90","Genus"
"Z2.4t30",5,0.0163367532926185,0.00383224933389226,"BL30_D30_Tk2_F04","Intestine","yes","yes","BL30","blue_whiting_hydrolysate_30",30,0,30,2,4,"BL30_D30","/home/dani/descartes_exp2/result_X204SC25103850-Z01-F001/01.RawData/Z2.4t30/Z2.4t30.raw_1.fastq.gz","/home/dani/descartes_exp2/result_X204SC25103850-Z01-F001/01.RawData/Z2.4t30/Z2.4t30.raw_2.fastq.gz","/home/dani/descartes_exp2/custom_dada2_preprocessing/data/raw_reads/by_sample/Z2.4t30/Z2.4t30.raw_1.fastq.gz","/home/dani/descartes_exp2/custom_dada2_preprocessing/data/raw_reads/by_sample/Z2.4t30/Z2.4t30.raw_2.fastq.gz","BL30","blue_whiting_hydrolysate_30","D30",66441,66441,60041,59884,56783,85.4637949458919,"D30","Hydrolysate","Hydrolysate_30","BL30_D30","Genus"
"Z2.4t7",50,2.43848510504329,0.843312916347104,"BL30_D07_Tk2_F04","Intestine","yes","yes","BL30","blue_whiting_hydrolysate_30",30,0,7,2,4,"BL30_D07","/home/dani/descartes_exp2/result_X204SC25103850-Z01-F001/01.RawData/Z2.4t7/Z2.4t7.raw_1.fastq.gz","/home/dani/descartes_exp2/result_X204SC25103850-Z01-F001/01.RawData/Z2.4t7/Z2.4t7.raw_2.fastq.gz","/home/dani/descartes_exp2/custom_dada2_preprocessing/data/raw_reads/by_sample/Z2.4t7/Z2.4t7.raw_1.fastq.gz","/home/dani/descartes_exp2/custom_dada2_preprocessing/data/raw_reads/by_sample/Z2.4t7/Z2.4t7.raw_2.fastq.gz","BL30","blue_whiting_hydrolysate_30","D07",63178,63178,55238,48291,37792,59.8182911773086,"D07","Hydrolysate","Hydrolysate_30","BL30_D07","Genus"
"Z2.4t90",3,0.627374414075449,0.434479743571039,"BL30_D90_Tk2_F04","Intestine","yes","yes","BL30","blue_whiting_hydrolysate_30",30,0,90,2,4,"BL30_D90","/home/dani/descartes_exp2/result_X204SC25103850-Z01-F001/01.RawData/Z2.4t90/Z2.4t90.raw_1.fastq.gz","/home/dani/descartes_exp2/result_X204SC25103850-Z01-F001/01.RawData/Z2.4t90/Z2.4t90.raw_2.fastq.gz","/home/dani/descartes_exp2/custom_dada2_preprocessing/data/raw_reads/by_sample/Z2.4t90/Z2.4t90.raw_1.fastq.gz","/home/dani/descartes_exp2/custom_dada2_preprocessing/data/raw_reads/by_sample/Z2.4t90/Z2.4t90.raw_2.fastq.gz","BL30","blue_whiting_hydrolysate_30","D90",63774,63774,58967,58873,56773,89.022172045034,"D90","Hydrolysate","Hydrolysate_30","BL30_D90","Genus"
"Z2.5t30",5,0.503066639516518,0.317093544589832,"BL30_D30_Tk2_F05","Intestine","yes","yes","BL30","blue_whiting_hydrolysate_30",30,0,30,2,5,"BL30_D30","/home/dani/descartes_exp2/result_X204SC25103850-Z01-F001/01.RawData/Z2.5t30/Z2.5t30.raw_1.fastq.gz","/home/dani/descartes_exp2/result_X204SC25103850-Z01-F001/01.RawData/Z2.5t30/Z2.5t30.raw_2.fastq.gz","/home/dani/descartes_exp2/custom_dada2_preprocessing/data/raw_reads/by_sample/Z2.5t30/Z2.5t30.raw_1.fastq.gz","/home/dani/descartes_exp2/custom_dada2_preprocessing/data/raw_reads/by_sample/Z2.5t30/Z2.5t30.raw_2.fastq.gz","BL30","blue_whiting_hydrolysate_30","D30",62269,62269,56499,56004,41498,66.6431129454464,"D30","Hydrolysate","Hydrolysate_30","BL30_D30","Genus"
"Z2.5t7",16,0.228235037254854,0.0779231502299084,"BL30_D07_Tk2_F05","Intestine","yes","yes","BL30","blue_whiting_hydrolysate_30",30,0,7,2,5,"BL30_D07","/home/dani/descartes_exp2/result_X204SC25103850-Z01-F001/01.RawData/Z2.5t7/Z2.5t7.raw_1.fastq.gz","/home/dani/descartes_exp2/result_X204SC25103850-Z01-F001/01.RawData/Z2.5t7/Z2.5t7.raw_2.fastq.gz","/home/dani/descartes_exp2/custom_dada2_preprocessing/data/raw_reads/by_sample/Z2.5t7/Z2.5t7.raw_1.fastq.gz","/home/dani/descartes_exp2/custom_dada2_preprocessing/data/raw_reads/by_sample/Z2.5t7/Z2.5t7.raw_2.fastq.gz","BL30","blue_whiting_hydrolysate_30","D07",62910,62910,58618,57847,57166,90.8694961055476,"D07","Hydrolysate","Hydrolysate_30","BL30_D07","Genus"
"Z2.5t90",4,0.0887698692295253,0.0330398746233008,"BL30_D90_Tk2_F05","Intestine","yes","yes","BL30","blue_whiting_hydrolysate_30",30,0,90,2,5,"BL30_D90","/home/dani/descartes_exp2/result_X204SC25103850-Z01-F001/01.RawData/Z2.5t90/Z2.5t90.raw_1.fastq.gz","/home/dani/descartes_exp2/result_X204SC25103850-Z01-F001/01.RawData/Z2.5t90/Z2.5t90.raw_2.fastq.gz","/home/dani/descartes_exp2/custom_dada2_preprocessing/data/raw_reads/by_sample/Z2.5t90/Z2.5t90.raw_1.fastq.gz","/home/dani/descartes_exp2/custom_dada2_preprocessing/data/raw_reads/by_sample/Z2.5t90/Z2.5t90.raw_2.fastq.gz","BL30","blue_whiting_hydrolysate_30","D90",77731,77731,71678,71525,71412,91.8706822245951,"D90","Hydrolysate","Hydrolysate_30","BL30_D90","Genus"
"Z3.1t30",4,0.332688856769356,0.182832582489089,"BL30_D30_Tk3_F01","Intestine","yes","yes","BL30","blue_whiting_hydrolysate_30",30,0,30,3,1,"BL30_D30","/home/dani/descartes_exp2/result_X204SC25103850-Z01-F001/01.RawData/Z3.1t30/Z3.1t30.raw_1.fastq.gz","/home/dani/descartes_exp2/result_X204SC25103850-Z01-F001/01.RawData/Z3.1t30/Z3.1t30.raw_2.fastq.gz","/home/dani/descartes_exp2/custom_dada2_preprocessing/data/raw_reads/by_sample/Z3.1t30/Z3.1t30.raw_1.fastq.gz","/home/dani/descartes_exp2/custom_dada2_preprocessing/data/raw_reads/by_sample/Z3.1t30/Z3.1t30.raw_2.fastq.gz","BL30","blue_whiting_hydrolysate_30","D30",73011,73011,67148,66865,65664,89.9371327608169,"D30","Hydrolysate","Hydrolysate_30","BL30_D30","Genus"
"Z3.1t7",55,2.22958638391294,0.801693991663091,"BL30_D07_Tk3_F01","Intestine","yes","yes","BL30","blue_whiting_hydrolysate_30",30,0,7,3,1,"BL30_D07","/home/dani/descartes_exp2/result_X204SC25103850-Z01-F001/01.RawData/Z3.1t7/Z3.1t7.raw_1.fastq.gz","/home/dani/descartes_exp2/result_X204SC25103850-Z01-F001/01.RawData/Z3.1t7/Z3.1t7.raw_2.fastq.gz","/home/dani/descartes_exp2/custom_dada2_preprocessing/data/raw_reads/by_sample/Z3.1t7/Z3.1t7.raw_1.fastq.gz","/home/dani/descartes_exp2/custom_dada2_preprocessing/data/raw_reads/by_sample/Z3.1t7/Z3.1t7.raw_2.fastq.gz","BL30","blue_whiting_hydrolysate_30","D07",71460,71460,59746,54473,44782,62.667226420375,"D07","Hydrolysate","Hydrolysate_30","BL30_D07","Genus"
"Z3.1t90",10,0.954575568622824,0.515626545779097,"BL30_D90_Tk3_F01","Intestine","yes","yes","BL30","blue_whiting_hydrolysate_30",30,0,90,3,1,"BL30_D90","/home/dani/descartes_exp2/result_X204SC25103850-Z01-F001/01.RawData/Z3.1t90/Z3.1t90.raw_1.fastq.gz","/home/dani/descartes_exp2/result_X204SC25103850-Z01-F001/01.RawData/Z3.1t90/Z3.1t90.raw_2.fastq.gz","/home/dani/descartes_exp2/custom_dada2_preprocessing/data/raw_reads/by_sample/Z3.1t90/Z3.1t90.raw_1.fastq.gz","/home/dani/descartes_exp2/custom_dada2_preprocessing/data/raw_reads/by_sample/Z3.1t90/Z3.1t90.raw_2.fastq.gz","BL30","blue_whiting_hydrolysate_30","D90",72859,72859,67596,66664,54049,74.1830110212877,"D90","Hydrolysate","Hydrolysate_30","BL30_D90","Genus"
"Z3.2t30",2,0.00594160111607097,0.00144220788849769,"BL30_D30_Tk3_F02","Intestine","yes","yes","BL30","blue_whiting_hydrolysate_30",30,0,30,3,2,"BL30_D30","/home/dani/descartes_exp2/result_X204SC25103850-Z01-F001/01.RawData/Z3.2t30/Z3.2t30.raw_1.fastq.gz","/home/dani/descartes_exp2/result_X204SC25103850-Z01-F001/01.RawData/Z3.2t30/Z3.2t30.raw_2.fastq.gz","/home/dani/descartes_exp2/custom_dada2_preprocessing/data/raw_reads/by_sample/Z3.2t30/Z3.2t30.raw_1.fastq.gz","/home/dani/descartes_exp2/custom_dada2_preprocessing/data/raw_reads/by_sample/Z3.2t30/Z3.2t30.raw_2.fastq.gz","BL30","blue_whiting_hydrolysate_30","D30",65062,65062,58620,58548,58321,89.6391134610064,"D30","Hydrolysate","Hydrolysate_30","BL30_D30","Genus"
"Z3.2t7",3,0.0400057317119101,0.012700892959371,"BL30_D07_Tk3_F02","Intestine","yes","yes","BL30","blue_whiting_hydrolysate_30",30,0,7,3,2,"BL30_D07","/home/dani/descartes_exp2/result_X204SC25103850-Z01-F001/01.RawData/Z3.2t7/Z3.2t7.raw_1.fastq.gz","/home/dani/descartes_exp2/result_X204SC25103850-Z01-F001/01.RawData/Z3.2t7/Z3.2t7.raw_2.fastq.gz","/home/dani/descartes_exp2/custom_dada2_preprocessing/data/raw_reads/by_sample/Z3.2t7/Z3.2t7.raw_1.fastq.gz","/home/dani/descartes_exp2/custom_dada2_preprocessing/data/raw_reads/by_sample/Z3.2t7/Z3.2t7.raw_2.fastq.gz","BL30","blue_whiting_hydrolysate_30","D07",64233,64233,57928,57850,57604,89.6797596251148,"D07","Hydrolysate","Hydrolysate_30","BL30_D07","Genus"
"Z3.2t90",3,0.00677598117228369,0.00153603651580547,"BL30_D90_Tk3_F02","Intestine","yes","yes","BL30","blue_whiting_hydrolysate_30",30,0,90,3,2,"BL30_D90","/home/dani/descartes_exp2/result_X204SC25103850-Z01-F001/01.RawData/Z3.2t90/Z3.2t90.raw_1.fastq.gz","/home/dani/descartes_exp2/result_X204SC25103850-Z01-F001/01.RawData/Z3.2t90/Z3.2t90.raw_2.fastq.gz","/home/dani/descartes_exp2/custom_dada2_preprocessing/data/raw_reads/by_sample/Z3.2t90/Z3.2t90.raw_1.fastq.gz","/home/dani/descartes_exp2/custom_dada2_preprocessing/data/raw_reads/by_sample/Z3.2t90/Z3.2t90.raw_2.fastq.gz","BL30","blue_whiting_hydrolysate_30","D90",62131,62131,56139,56126,56118,90.3220614508056,"D90","Hydrolysate","Hydrolysate_30","BL30_D90","Genus"
"Z3.3t30",11,0.347193821254429,0.129594526478756,"BL30_D30_Tk3_F03","Intestine","yes","yes","BL30","blue_whiting_hydrolysate_30",30,0,30,3,3,"BL30_D30","/home/dani/descartes_exp2/result_X204SC25103850-Z01-F001/01.RawData/Z3.3t30/Z3.3t30.raw_1.fastq.gz","/home/dani/descartes_exp2/result_X204SC25103850-Z01-F001/01.RawData/Z3.3t30/Z3.3t30.raw_2.fastq.gz","/home/dani/descartes_exp2/custom_dada2_preprocessing/data/raw_reads/by_sample/Z3.3t30/Z3.3t30.raw_1.fastq.gz","/home/dani/descartes_exp2/custom_dada2_preprocessing/data/raw_reads/by_sample/Z3.3t30/Z3.3t30.raw_2.fastq.gz","BL30","blue_whiting_hydrolysate_30","D30",64072,64072,59392,58961,58570,91.4127856161818,"D30","Hydrolysate","Hydrolysate_30","BL30_D30","Genus"
"Z3.3t7",4,0.135167745174061,0.0548403877542957,"BL30_D07_Tk3_F03","Intestine","yes","yes","BL30","blue_whiting_hydrolysate_30",30,0,7,3,3,"BL30_D07","/home/dani/descartes_exp2/result_X204SC25103850-Z01-F001/01.RawData/Z3.3t7/Z3.3t7.raw_1.fastq.gz","/home/dani/descartes_exp2/result_X204SC25103850-Z01-F001/01.RawData/Z3.3t7/Z3.3t7.raw_2.fastq.gz","/home/dani/descartes_exp2/custom_dada2_preprocessing/data/raw_reads/by_sample/Z3.3t7/Z3.3t7.raw_1.fastq.gz","/home/dani/descartes_exp2/custom_dada2_preprocessing/data/raw_reads/by_sample/Z3.3t7/Z3.3t7.raw_2.fastq.gz","BL30","blue_whiting_hydrolysate_30","D07",65152,65152,59630,59503,58791,90.2366773084479,"D07","Hydrolysate","Hydrolysate_30","BL30_D07","Genus"
"Z3.3t90",15,0.414687188816817,0.157350891572882,"BL30_D90_Tk3_F03","Intestine","yes","yes","BL30","blue_whiting_hydrolysate_30",30,0,90,3,3,"BL30_D90","/home/dani/descartes_exp2/result_X204SC25103850-Z01-F001/01.RawData/Z3.3t90/Z3.3t90.raw_1.fastq.gz","/home/dani/descartes_exp2/result_X204SC25103850-Z01-F001/01.RawData/Z3.3t90/Z3.3t90.raw_2.fastq.gz","/home/dani/descartes_exp2/custom_dada2_preprocessing/data/raw_reads/by_sample/Z3.3t90/Z3.3t90.raw_1.fastq.gz","/home/dani/descartes_exp2/custom_dada2_preprocessing/data/raw_reads/by_sample/Z3.3t90/Z3.3t90.raw_2.fastq.gz","BL30","blue_whiting_hydrolysate_30","D90",72191,72191,66254,65984,65920,91.3133216051862,"D90","Hydrolysate","Hydrolysate_30","BL30_D90","Genus"
"Z3.4t30",6,0.501697258124318,0.309651807756412,"BL30_D30_Tk3_F04","Intestine","yes","yes","BL30","blue_whiting_hydrolysate_30",30,0,30,3,4,"BL30_D30","/home/dani/descartes_exp2/result_X204SC25103850-Z01-F001/01.RawData/Z3.4t30/Z3.4t30.raw_1.fastq.gz","/home/dani/descartes_exp2/result_X204SC25103850-Z01-F001/01.RawData/Z3.4t30/Z3.4t30.raw_2.fastq.gz","/home/dani/descartes_exp2/custom_dada2_preprocessing/data/raw_reads/by_sample/Z3.4t30/Z3.4t30.raw_1.fastq.gz","/home/dani/descartes_exp2/custom_dada2_preprocessing/data/raw_reads/by_sample/Z3.4t30/Z3.4t30.raw_2.fastq.gz","BL30","blue_whiting_hydrolysate_30","D30",67564,67564,61778,61496,60530,89.5891303060802,"D30","Hydrolysate","Hydrolysate_30","BL30_D30","Genus"
"Z3.4t7",10,0.538262504933599,0.291823958480973,"BL30_D07_Tk3_F04","Intestine","yes","yes","BL30","blue_whiting_hydrolysate_30",30,0,7,3,4,"BL30_D07","/home/dani/descartes_exp2/result_X204SC25103850-Z01-F001/01.RawData/Z3.4t7/Z3.4t7.raw_1.fastq.gz","/home/dani/descartes_exp2/result_X204SC25103850-Z01-F001/01.RawData/Z3.4t7/Z3.4t7.raw_2.fastq.gz","/home/dani/descartes_exp2/custom_dada2_preprocessing/data/raw_reads/by_sample/Z3.4t7/Z3.4t7.raw_1.fastq.gz","/home/dani/descartes_exp2/custom_dada2_preprocessing/data/raw_reads/by_sample/Z3.4t7/Z3.4t7.raw_2.fastq.gz","BL30","blue_whiting_hydrolysate_30","D07",62127,62127,58271,57556,55727,89.6985207719671,"D07","Hydrolysate","Hydrolysate_30","BL30_D07","Genus"
"Z3.4t90",8,0.0379053530548189,0.0102142549910049,"BL30_D90_Tk3_F04","Intestine","yes","yes","BL30","blue_whiting_hydrolysate_30",30,0,90,3,4,"BL30_D90","/home/dani/descartes_exp2/result_X204SC25103850-Z01-F001/01.RawData/Z3.4t90/Z3.4t90.raw_1.fastq.gz","/home/dani/descartes_exp2/result_X204SC25103850-Z01-F001/01.RawData/Z3.4t90/Z3.4t90.raw_2.fastq.gz","/home/dani/descartes_exp2/custom_dada2_preprocessing/data/raw_reads/by_sample/Z3.4t90/Z3.4t90.raw_1.fastq.gz","/home/dani/descartes_exp2/custom_dada2_preprocessing/data/raw_reads/by_sample/Z3.4t90/Z3.4t90.raw_2.fastq.gz","BL30","blue_whiting_hydrolysate_30","D90",66550,66550,59759,59614,59583,89.5311795642374,"D90","Hydrolysate","Hydrolysate_30","BL30_D90","Genus"
"Z3.5t30",17,1.46679618877946,0.682007480520573,"BL30_D30_Tk3_F05","Intestine","yes","yes","BL30","blue_whiting_hydrolysate_30",30,0,30,3,5,"BL30_D30","/home/dani/descartes_exp2/result_X204SC25103850-Z01-F001/01.RawData/Z3.5t30/Z3.5t30.raw_1.fastq.gz","/home/dani/descartes_exp2/result_X204SC25103850-Z01-F001/01.RawData/Z3.5t30/Z3.5t30.raw_2.fastq.gz","/home/dani/descartes_exp2/custom_dada2_preprocessing/data/raw_reads/by_sample/Z3.5t30/Z3.5t30.raw_1.fastq.gz","/home/dani/descartes_exp2/custom_dada2_preprocessing/data/raw_reads/by_sample/Z3.5t30/Z3.5t30.raw_2.fastq.gz","BL30","blue_whiting_hydrolysate_30","D30",63913,63913,59089,57854,51348,80.3404628166414,"D30","Hydrolysate","Hydrolysate_30","BL30_D30","Genus"
"Z3.5t7",3,0.354043262975309,0.191523665680491,"BL30_D07_Tk3_F05","Intestine","yes","yes","BL30","blue_whiting_hydrolysate_30",30,0,7,3,5,"BL30_D07","/home/dani/descartes_exp2/result_X204SC25103850-Z01-F001/01.RawData/Z3.5t7/Z3.5t7.raw_1.fastq.gz","/home/dani/descartes_exp2/result_X204SC25103850-Z01-F001/01.RawData/Z3.5t7/Z3.5t7.raw_2.fastq.gz","/home/dani/descartes_exp2/custom_dada2_preprocessing/data/raw_reads/by_sample/Z3.5t7/Z3.5t7.raw_1.fastq.gz","/home/dani/descartes_exp2/custom_dada2_preprocessing/data/raw_reads/by_sample/Z3.5t7/Z3.5t7.raw_2.fastq.gz","BL30","blue_whiting_hydrolysate_30","D07",66440,66440,59808,59634,48849,73.5234798314269,"D07","Hydrolysate","Hydrolysate_30","BL30_D07","Genus"
"Z3.5t90",3,0.00387737226215273,0.00081662722813669,"BL30_D90_Tk3_F05","Intestine","yes","yes","BL30","blue_whiting_hydrolysate_30",30,0,90,3,5,"BL30_D90","/home/dani/descartes_exp2/result_X204SC25103850-Z01-F001/01.RawData/Z3.5t90/Z3.5t90.raw_1.fastq.gz","/home/dani/descartes_exp2/result_X204SC25103850-Z01-F001/01.RawData/Z3.5t90/Z3.5t90.raw_2.fastq.gz","/home/dani/descartes_exp2/custom_dada2_preprocessing/data/raw_reads/by_sample/Z3.5t90/Z3.5t90.raw_1.fastq.gz","/home/dani/descartes_exp2/custom_dada2_preprocessing/data/raw_reads/by_sample/Z3.5t90/Z3.5t90.raw_2.fastq.gz","BL30","blue_whiting_hydrolysate_30","D90",69459,69459,63675,63657,63657,91.646870815877,"D90","Hydrolysate","Hydrolysate_30","BL30_D90","Genus"
