sample_id	sample_type	include_biological_analysis	diet_code	timepoint_day	group	pairs_processed	r1_with_adapter_pct	r2_with_adapter_pct	pairs_too_short_pct	pairs_discarded_untrimmed_pct	pairs_written	pairs_written_pct	r1_trimmed	r2_trimmed	sample_log	reads.in	reads.out	filtered_input	filtered_output	denoised_forward	denoised_reverse	merged	nonchim	filter_retention_pct	merge_retention_pct	nonchim_retention_pct	chimera_loss_pct	cutadapt_retention_pct	raw_to_nonchim_pct
M1	Mock	no	NA	NA	Mock	75419	99.6	99.6	0	0	75419	100	/home/dani/descartes_exp2/custom_dada2_preprocessing/results/01_cutadapt/run_02_optimized/trimmed_fastq/M1_R1.trimmed.fastq.gz	/home/dani/descartes_exp2/custom_dada2_preprocessing/results/01_cutadapt/run_02_optimized/trimmed_fastq/M1_R2.trimmed.fastq.gz	/home/dani/descartes_exp2/custom_dada2_preprocessing/results/01_cutadapt/run_02_optimized/sample_logs/M1.cutadapt.log	75419	68966	75419	68966	68587	68405	64545	38031	91.4438006337926	85.5818825494902	50.4262851536085	35.1555973958817	100	50.4262851536085
M2	Mock	no	NA	NA	Mock	63164	99.7	99.8	0	0	63164	100	/home/dani/descartes_exp2/custom_dada2_preprocessing/results/01_cutadapt/run_02_optimized/trimmed_fastq/M2_R1.trimmed.fastq.gz	/home/dani/descartes_exp2/custom_dada2_preprocessing/results/01_cutadapt/run_02_optimized/trimmed_fastq/M2_R2.trimmed.fastq.gz	/home/dani/descartes_exp2/custom_dada2_preprocessing/results/01_cutadapt/run_02_optimized/sample_logs/M2.cutadapt.log	63164	58158	63164	58158	57708	57636	54709	32235	92.074599455386	86.6142106263061	51.0338167310493	35.5803938952568	100	51.0338167310493
X1.1t30	Intestine	yes	X	30	X.t30	69656	99.6	99.8	0	0	69656	100	/home/dani/descartes_exp2/custom_dada2_preprocessing/results/01_cutadapt/run_02_optimized/trimmed_fastq/X1.1t30_R1.trimmed.fastq.gz	/home/dani/descartes_exp2/custom_dada2_preprocessing/results/01_cutadapt/run_02_optimized/trimmed_fastq/X1.1t30_R2.trimmed.fastq.gz	/home/dani/descartes_exp2/custom_dada2_preprocessing/results/01_cutadapt/run_02_optimized/sample_logs/X1.1t30.cutadapt.log	69656	64833	69656	64833	64816	64793	64786	55037	93.075973354772	93.0084989089239	79.0125760882049	13.995922820719	100	79.0125760882049
X1.1t7	Intestine	yes	X	7	X.t7	81909	99.4	92.5	0	0	81909	100	/home/dani/descartes_exp2/custom_dada2_preprocessing/results/01_cutadapt/run_02_optimized/trimmed_fastq/X1.1t7_R1.trimmed.fastq.gz	/home/dani/descartes_exp2/custom_dada2_preprocessing/results/01_cutadapt/run_02_optimized/trimmed_fastq/X1.1t7_R2.trimmed.fastq.gz	/home/dani/descartes_exp2/custom_dada2_preprocessing/results/01_cutadapt/run_02_optimized/sample_logs/X1.1t7.cutadapt.log	81909	77144	81909	77144	76814	76612	70326	70309	94.1825684601204	85.8586968465004	85.837942106484	0.0207547400163596	100	85.837942106484
X1.1t90	Intestine	yes	X	90	X.t90	65837	99.7	99	0	0	65837	100	/home/dani/descartes_exp2/custom_dada2_preprocessing/results/01_cutadapt/run_02_optimized/trimmed_fastq/X1.1t90_R1.trimmed.fastq.gz	/home/dani/descartes_exp2/custom_dada2_preprocessing/results/01_cutadapt/run_02_optimized/trimmed_fastq/X1.1t90_R2.trimmed.fastq.gz	/home/dani/descartes_exp2/custom_dada2_preprocessing/results/01_cutadapt/run_02_optimized/sample_logs/X1.1t90.cutadapt.log	65837	61410	65837	61410	61324	61353	61212	59048	93.2758175494023	92.9750748059602	89.6881692665219	3.28690553943831	100	89.6881692665219
X1.2t30	Intestine	yes	X	30	X.t30	75345	99.8	99.7	0	0	75345	100	/home/dani/descartes_exp2/custom_dada2_preprocessing/results/01_cutadapt/run_02_optimized/trimmed_fastq/X1.2t30_R1.trimmed.fastq.gz	/home/dani/descartes_exp2/custom_dada2_preprocessing/results/01_cutadapt/run_02_optimized/trimmed_fastq/X1.2t30_R2.trimmed.fastq.gz	/home/dani/descartes_exp2/custom_dada2_preprocessing/results/01_cutadapt/run_02_optimized/sample_logs/X1.2t30.cutadapt.log	75345	69058	75345	69058	69013	69003	68914	66628	91.6557170349725	91.4645961908554	88.4305527904971	3.03404340035835	100	88.4305527904971
X1.2t7	Intestine	yes	X	7	X.t7	62125	99.4	91.2	0	0	62125	100	/home/dani/descartes_exp2/custom_dada2_preprocessing/results/01_cutadapt/run_02_optimized/trimmed_fastq/X1.2t7_R1.trimmed.fastq.gz	/home/dani/descartes_exp2/custom_dada2_preprocessing/results/01_cutadapt/run_02_optimized/trimmed_fastq/X1.2t7_R2.trimmed.fastq.gz	/home/dani/descartes_exp2/custom_dada2_preprocessing/results/01_cutadapt/run_02_optimized/sample_logs/X1.2t7.cutadapt.log	62125	57018	62125	57018	56781	56688	52422	52196	91.779476861167	84.3814889336016	84.0177062374246	0.363782696177062	100	84.0177062374246
X1.2t90	Intestine	yes	X	90	X.t90	64382	99.7	99.6	0	0	64382	100	/home/dani/descartes_exp2/custom_dada2_preprocessing/results/01_cutadapt/run_02_optimized/trimmed_fastq/X1.2t90_R1.trimmed.fastq.gz	/home/dani/descartes_exp2/custom_dada2_preprocessing/results/01_cutadapt/run_02_optimized/trimmed_fastq/X1.2t90_R2.trimmed.fastq.gz	/home/dani/descartes_exp2/custom_dada2_preprocessing/results/01_cutadapt/run_02_optimized/sample_logs/X1.2t90.cutadapt.log	64382	58856	64382	58856	58807	58847	58769	56124	91.4168556428816	91.2817247056631	87.1734335683887	4.10829113727439	100	87.1734335683887
X1.3t30	Intestine	yes	X	30	X.t30	63556	99.6	98.4	0	0	63556	100	/home/dani/descartes_exp2/custom_dada2_preprocessing/results/01_cutadapt/run_02_optimized/trimmed_fastq/X1.3t30_R1.trimmed.fastq.gz	/home/dani/descartes_exp2/custom_dada2_preprocessing/results/01_cutadapt/run_02_optimized/trimmed_fastq/X1.3t30_R2.trimmed.fastq.gz	/home/dani/descartes_exp2/custom_dada2_preprocessing/results/01_cutadapt/run_02_optimized/sample_logs/X1.3t30.cutadapt.log	63556	57927	63556	57927	57793	57877	57688	57242	91.1432437535402	90.7671974321858	90.0654540877337	0.701743344452137	100	90.0654540877337
X1.3t7	Intestine	yes	X	7	X.t7	63569	99.7	97	0	0	63569	100	/home/dani/descartes_exp2/custom_dada2_preprocessing/results/01_cutadapt/run_02_optimized/trimmed_fastq/X1.3t7_R1.trimmed.fastq.gz	/home/dani/descartes_exp2/custom_dada2_preprocessing/results/01_cutadapt/run_02_optimized/trimmed_fastq/X1.3t7_R2.trimmed.fastq.gz	/home/dani/descartes_exp2/custom_dada2_preprocessing/results/01_cutadapt/run_02_optimized/sample_logs/X1.3t7.cutadapt.log	63569	56825	63569	56825	56526	56552	54233	49561	89.3910553886328	85.3135962497444	77.9641019994022	7.34949425034215	100	77.9641019994022
X1.3t90	Intestine	yes	X	90	X.t90	63635	99.6	92.7	0	0	63635	100	/home/dani/descartes_exp2/custom_dada2_preprocessing/results/01_cutadapt/run_02_optimized/trimmed_fastq/X1.3t90_R1.trimmed.fastq.gz	/home/dani/descartes_exp2/custom_dada2_preprocessing/results/01_cutadapt/run_02_optimized/trimmed_fastq/X1.3t90_R2.trimmed.fastq.gz	/home/dani/descartes_exp2/custom_dada2_preprocessing/results/01_cutadapt/run_02_optimized/sample_logs/X1.3t90.cutadapt.log	63635	58439	63635	58439	58387	58336	58305	57396	91.8346821717608	91.6241062308478	90.1956470495796	1.42845918126817	100	90.1956470495796
X1.4t30	Intestine	yes	X	30	X.t30	65358	99.6	99.7	0	0	65358	100	/home/dani/descartes_exp2/custom_dada2_preprocessing/results/01_cutadapt/run_02_optimized/trimmed_fastq/X1.4t30_R1.trimmed.fastq.gz	/home/dani/descartes_exp2/custom_dada2_preprocessing/results/01_cutadapt/run_02_optimized/trimmed_fastq/X1.4t30_R2.trimmed.fastq.gz	/home/dani/descartes_exp2/custom_dada2_preprocessing/results/01_cutadapt/run_02_optimized/sample_logs/X1.4t30.cutadapt.log	65358	60625	65358	60625	60583	60599	60535	52099	92.7583463386273	92.6206432265369	79.7132715199363	12.9073717066006	100	79.7132715199363
X1.4t7	Intestine	yes	X	7	X.t7	76027	99.6	95.8	0	0	76027	100	/home/dani/descartes_exp2/custom_dada2_preprocessing/results/01_cutadapt/run_02_optimized/trimmed_fastq/X1.4t7_R1.trimmed.fastq.gz	/home/dani/descartes_exp2/custom_dada2_preprocessing/results/01_cutadapt/run_02_optimized/trimmed_fastq/X1.4t7_R2.trimmed.fastq.gz	/home/dani/descartes_exp2/custom_dada2_preprocessing/results/01_cutadapt/run_02_optimized/sample_logs/X1.4t7.cutadapt.log	76027	68881	76027	68881	68701	68601	67564	65525	90.6007076433372	88.8684283215174	86.1864863798387	2.68194194167861	100	86.1864863798387
X1.4t90	Intestine	yes	X	90	X.t90	65964	99.7	99.7	0	0	65964	100	/home/dani/descartes_exp2/custom_dada2_preprocessing/results/01_cutadapt/run_02_optimized/trimmed_fastq/X1.4t90_R1.trimmed.fastq.gz	/home/dani/descartes_exp2/custom_dada2_preprocessing/results/01_cutadapt/run_02_optimized/trimmed_fastq/X1.4t90_R2.trimmed.fastq.gz	/home/dani/descartes_exp2/custom_dada2_preprocessing/results/01_cutadapt/run_02_optimized/sample_logs/X1.4t90.cutadapt.log	65964	59942	65964	59942	59890	59885	59779	57543	90.8707780001213	90.6236735188891	87.233945788612	3.38972773027712	100	87.233945788612
X1.5t30	Intestine	yes	X	30	X.t30	78607	99.6	89.2	0	0	78607	100	/home/dani/descartes_exp2/custom_dada2_preprocessing/results/01_cutadapt/run_02_optimized/trimmed_fastq/X1.5t30_R1.trimmed.fastq.gz	/home/dani/descartes_exp2/custom_dada2_preprocessing/results/01_cutadapt/run_02_optimized/trimmed_fastq/X1.5t30_R2.trimmed.fastq.gz	/home/dani/descartes_exp2/custom_dada2_preprocessing/results/01_cutadapt/run_02_optimized/sample_logs/X1.5t30.cutadapt.log	78607	72906	78607	72906	72835	72806	72437	71077	92.7474652384648	92.1508262622922	90.4207004465251	1.73012581576704	100	90.4207004465251
X1.5t7	Intestine	yes	X	7	X.t7	66218	99.5	98.2	0	0	66218	100	/home/dani/descartes_exp2/custom_dada2_preprocessing/results/01_cutadapt/run_02_optimized/trimmed_fastq/X1.5t7_R1.trimmed.fastq.gz	/home/dani/descartes_exp2/custom_dada2_preprocessing/results/01_cutadapt/run_02_optimized/trimmed_fastq/X1.5t7_R2.trimmed.fastq.gz	/home/dani/descartes_exp2/custom_dada2_preprocessing/results/01_cutadapt/run_02_optimized/sample_logs/X1.5t7.cutadapt.log	66218	59708	66218	59708	59220	59192	57357	56215	90.1688362680842	86.6184421154369	84.8938355130025	1.72460660243438	100	84.8938355130025
X1.5t90	Intestine	yes	X	90	X.t90	64173	99.5	99.3	0	0	64173	100	/home/dani/descartes_exp2/custom_dada2_preprocessing/results/01_cutadapt/run_02_optimized/trimmed_fastq/X1.5t90_R1.trimmed.fastq.gz	/home/dani/descartes_exp2/custom_dada2_preprocessing/results/01_cutadapt/run_02_optimized/trimmed_fastq/X1.5t90_R2.trimmed.fastq.gz	/home/dani/descartes_exp2/custom_dada2_preprocessing/results/01_cutadapt/run_02_optimized/sample_logs/X1.5t90.cutadapt.log	64173	59591	64173	59591	59481	59535	59366	56855	92.8599255138454	92.5093107693267	88.5964502204977	3.91286054882895	100	88.5964502204977
X2.1t30	Intestine	yes	X	30	X.t30	64301	99.7	99.5	0	0	64301	100	/home/dani/descartes_exp2/custom_dada2_preprocessing/results/01_cutadapt/run_02_optimized/trimmed_fastq/X2.1t30_R1.trimmed.fastq.gz	/home/dani/descartes_exp2/custom_dada2_preprocessing/results/01_cutadapt/run_02_optimized/trimmed_fastq/X2.1t30_R2.trimmed.fastq.gz	/home/dani/descartes_exp2/custom_dada2_preprocessing/results/01_cutadapt/run_02_optimized/sample_logs/X2.1t30.cutadapt.log	64301	59077	64301	59077	59001	59018	58925	53953	91.8757095535062	91.6393213169313	83.9069376837063	7.73238363322499	100	83.9069376837063
X2.1t7	Intestine	yes	X	7	X.t7	62030	99.6	86.7	0	0	62030	100	/home/dani/descartes_exp2/custom_dada2_preprocessing/results/01_cutadapt/run_02_optimized/trimmed_fastq/X2.1t7_R1.trimmed.fastq.gz	/home/dani/descartes_exp2/custom_dada2_preprocessing/results/01_cutadapt/run_02_optimized/trimmed_fastq/X2.1t7_R2.trimmed.fastq.gz	/home/dani/descartes_exp2/custom_dada2_preprocessing/results/01_cutadapt/run_02_optimized/sample_logs/X2.1t7.cutadapt.log	62030	54110	62030	54110	53894	53872	46426	43573	87.2319845236176	74.8444301144608	70.2450427212639	4.59938739319684	100	70.2450427212639
X2.1t90	Intestine	yes	X	90	X.t90	63727	99.8	99.7	0	0	63727	100	/home/dani/descartes_exp2/custom_dada2_preprocessing/results/01_cutadapt/run_02_optimized/trimmed_fastq/X2.1t90_R1.trimmed.fastq.gz	/home/dani/descartes_exp2/custom_dada2_preprocessing/results/01_cutadapt/run_02_optimized/trimmed_fastq/X2.1t90_R2.trimmed.fastq.gz	/home/dani/descartes_exp2/custom_dada2_preprocessing/results/01_cutadapt/run_02_optimized/sample_logs/X2.1t90.cutadapt.log	63727	59564	63727	59564	59545	59553	59477	57773	93.4674470789461	93.3309272364932	90.6570213567248	2.67390587976839	100	90.6570213567248
X2.2t30	Intestine	yes	X	30	X.t30	62029	99.6	99.2	0	0	62029	100	/home/dani/descartes_exp2/custom_dada2_preprocessing/results/01_cutadapt/run_02_optimized/trimmed_fastq/X2.2t30_R1.trimmed.fastq.gz	/home/dani/descartes_exp2/custom_dada2_preprocessing/results/01_cutadapt/run_02_optimized/trimmed_fastq/X2.2t30_R2.trimmed.fastq.gz	/home/dani/descartes_exp2/custom_dada2_preprocessing/results/01_cutadapt/run_02_optimized/sample_logs/X2.2t30.cutadapt.log	62029	55250	62029	55250	55202	55226	55199	54720	89.0712408712054	88.9890212642474	88.2168018185043	0.77221944574312	100	88.2168018185043
X2.2t7	Intestine	yes	X	7	X.t7	65290	99.6	99.7	0	0	65290	100	/home/dani/descartes_exp2/custom_dada2_preprocessing/results/01_cutadapt/run_02_optimized/trimmed_fastq/X2.2t7_R1.trimmed.fastq.gz	/home/dani/descartes_exp2/custom_dada2_preprocessing/results/01_cutadapt/run_02_optimized/trimmed_fastq/X2.2t7_R2.trimmed.fastq.gz	/home/dani/descartes_exp2/custom_dada2_preprocessing/results/01_cutadapt/run_02_optimized/sample_logs/X2.2t7.cutadapt.log	65290	60049	65290	60049	60012	60040	60007	57825	91.9727370194517	91.9084086383826	88.566396079032	3.34201255935059	100	88.566396079032
X2.2t90	Intestine	yes	X	90	X.t90	47463	99.7	98.8	0	0	47463	100	/home/dani/descartes_exp2/custom_dada2_preprocessing/results/01_cutadapt/run_02_optimized/trimmed_fastq/X2.2t90_R1.trimmed.fastq.gz	/home/dani/descartes_exp2/custom_dada2_preprocessing/results/01_cutadapt/run_02_optimized/trimmed_fastq/X2.2t90_R2.trimmed.fastq.gz	/home/dani/descartes_exp2/custom_dada2_preprocessing/results/01_cutadapt/run_02_optimized/sample_logs/X2.2t90.cutadapt.log	47463	44008	47463	44008	43883	43888	43494	42420	92.7206455554853	91.6376967321914	89.3748814866317	2.2628152455597	100	89.3748814866317
X2.3t30	Intestine	yes	X	30	X.t30	65270	99.6	99.8	0	0	65270	100	/home/dani/descartes_exp2/custom_dada2_preprocessing/results/01_cutadapt/run_02_optimized/trimmed_fastq/X2.3t30_R1.trimmed.fastq.gz	/home/dani/descartes_exp2/custom_dada2_preprocessing/results/01_cutadapt/run_02_optimized/trimmed_fastq/X2.3t30_R2.trimmed.fastq.gz	/home/dani/descartes_exp2/custom_dada2_preprocessing/results/01_cutadapt/run_02_optimized/sample_logs/X2.3t30.cutadapt.log	65270	59527	65270	59527	59457	59403	59314	58075	91.2011643940555	90.8748276390378	88.9765589091466	1.89826872989122	100	88.9765589091466
X2.3t7	Intestine	yes	X	7	X.t7	63348	99.8	99.3	0	0	63348	100	/home/dani/descartes_exp2/custom_dada2_preprocessing/results/01_cutadapt/run_02_optimized/trimmed_fastq/X2.3t7_R1.trimmed.fastq.gz	/home/dani/descartes_exp2/custom_dada2_preprocessing/results/01_cutadapt/run_02_optimized/trimmed_fastq/X2.3t7_R2.trimmed.fastq.gz	/home/dani/descartes_exp2/custom_dada2_preprocessing/results/01_cutadapt/run_02_optimized/sample_logs/X2.3t7.cutadapt.log	63348	58787	63348	58787	58725	58766	58697	56945	92.8000884005809	92.6580160383911	89.8923407210962	2.76567531729494	100	89.8923407210962
X2.3t90	Intestine	yes	X	90	X.t90	60140	99.7	99	0	0	60140	100	/home/dani/descartes_exp2/custom_dada2_preprocessing/results/01_cutadapt/run_02_optimized/trimmed_fastq/X2.3t90_R1.trimmed.fastq.gz	/home/dani/descartes_exp2/custom_dada2_preprocessing/results/01_cutadapt/run_02_optimized/trimmed_fastq/X2.3t90_R2.trimmed.fastq.gz	/home/dani/descartes_exp2/custom_dada2_preprocessing/results/01_cutadapt/run_02_optimized/sample_logs/X2.3t90.cutadapt.log	60140	55623	60140	55623	55578	55564	55503	53666	92.4891918856003	92.2896574659129	89.235118057865	3.05453940804789	100	89.235118057865
X2.4t30	Intestine	yes	X	30	X.t30	65068	99.5	99	0	0	65068	100	/home/dani/descartes_exp2/custom_dada2_preprocessing/results/01_cutadapt/run_02_optimized/trimmed_fastq/X2.4t30_R1.trimmed.fastq.gz	/home/dani/descartes_exp2/custom_dada2_preprocessing/results/01_cutadapt/run_02_optimized/trimmed_fastq/X2.4t30_R2.trimmed.fastq.gz	/home/dani/descartes_exp2/custom_dada2_preprocessing/results/01_cutadapt/run_02_optimized/sample_logs/X2.4t30.cutadapt.log	65068	58373	65068	58373	58323	58332	58286	57890	89.710764123686	89.5770578471753	88.9684637609885	0.608594086186758	100	88.9684637609885
X2.4t7	Intestine	yes	X	7	X.t7	79128	99.6	89.1	0	0	79128	100	/home/dani/descartes_exp2/custom_dada2_preprocessing/results/01_cutadapt/run_02_optimized/trimmed_fastq/X2.4t7_R1.trimmed.fastq.gz	/home/dani/descartes_exp2/custom_dada2_preprocessing/results/01_cutadapt/run_02_optimized/trimmed_fastq/X2.4t7_R2.trimmed.fastq.gz	/home/dani/descartes_exp2/custom_dada2_preprocessing/results/01_cutadapt/run_02_optimized/sample_logs/X2.4t7.cutadapt.log	79128	72511	79128	72511	72417	72407	64535	63680	91.6375998382368	81.5577292488121	80.4772014963098	1.08052775250227	100	80.4772014963098
X2.4t90	Intestine	yes	X	90	X.t90	83523	99.8	99.4	0	0	83523	100	/home/dani/descartes_exp2/custom_dada2_preprocessing/results/01_cutadapt/run_02_optimized/trimmed_fastq/X2.4t90_R1.trimmed.fastq.gz	/home/dani/descartes_exp2/custom_dada2_preprocessing/results/01_cutadapt/run_02_optimized/trimmed_fastq/X2.4t90_R2.trimmed.fastq.gz	/home/dani/descartes_exp2/custom_dada2_preprocessing/results/01_cutadapt/run_02_optimized/sample_logs/X2.4t90.cutadapt.log	83523	79340	83523	79340	79268	79271	79231	79207	94.9917986662357	94.8612956910073	94.832561090957	0.0287346000502856	100	94.832561090957
X2.5t30	Intestine	yes	X	30	X.t30	63981	99.6	99.5	0	0	63981	100	/home/dani/descartes_exp2/custom_dada2_preprocessing/results/01_cutadapt/run_02_optimized/trimmed_fastq/X2.5t30_R1.trimmed.fastq.gz	/home/dani/descartes_exp2/custom_dada2_preprocessing/results/01_cutadapt/run_02_optimized/trimmed_fastq/X2.5t30_R2.trimmed.fastq.gz	/home/dani/descartes_exp2/custom_dada2_preprocessing/results/01_cutadapt/run_02_optimized/sample_logs/X2.5t30.cutadapt.log	63981	58343	63981	58343	58310	58311	58293	57897	91.1880089401541	91.1098607399072	90.4909269939513	0.618933745955831	100	90.4909269939513
X2.5t7	Intestine	yes	X	7	X.t7	65788	99.5	99.5	0	0	65788	100	/home/dani/descartes_exp2/custom_dada2_preprocessing/results/01_cutadapt/run_02_optimized/trimmed_fastq/X2.5t7_R1.trimmed.fastq.gz	/home/dani/descartes_exp2/custom_dada2_preprocessing/results/01_cutadapt/run_02_optimized/trimmed_fastq/X2.5t7_R2.trimmed.fastq.gz	/home/dani/descartes_exp2/custom_dada2_preprocessing/results/01_cutadapt/run_02_optimized/sample_logs/X2.5t7.cutadapt.log	65788	59504	65788	59504	59310	59325	59134	58859	90.4481060375752	89.8856934395331	89.4676840761233	0.41800936340974	100	89.4676840761233
X2.5t90	Intestine	yes	X	90	X.t90	31070	99.8	98.8	0	0	31070	100	/home/dani/descartes_exp2/custom_dada2_preprocessing/results/01_cutadapt/run_02_optimized/trimmed_fastq/X2.5t90_R1.trimmed.fastq.gz	/home/dani/descartes_exp2/custom_dada2_preprocessing/results/01_cutadapt/run_02_optimized/trimmed_fastq/X2.5t90_R2.trimmed.fastq.gz	/home/dani/descartes_exp2/custom_dada2_preprocessing/results/01_cutadapt/run_02_optimized/sample_logs/X2.5t90.cutadapt.log	31070	28762	31070	28762	28714	28694	28661	28644	92.5716124879305	92.2465400708078	92.1918249114902	0.0547151593176698	100	92.1918249114902
X3	Feed	no	X	NA	X.Feed	62075	100	99.5	0	0	62075	100	/home/dani/descartes_exp2/custom_dada2_preprocessing/results/01_cutadapt/run_02_optimized/trimmed_fastq/X3_R1.trimmed.fastq.gz	/home/dani/descartes_exp2/custom_dada2_preprocessing/results/01_cutadapt/run_02_optimized/trimmed_fastq/X3_R2.trimmed.fastq.gz	/home/dani/descartes_exp2/custom_dada2_preprocessing/results/01_cutadapt/run_02_optimized/sample_logs/X3.cutadapt.log	62075	57155	62075	57155	56640	56549	54129	48092	92.0741039065646	87.1993556182038	77.4740233588401	9.72533225936367	100	77.4740233588401
X3.1t30	Intestine	yes	X	30	X.t30	69434	99.7	99.5	0	0	69434	100	/home/dani/descartes_exp2/custom_dada2_preprocessing/results/01_cutadapt/run_02_optimized/trimmed_fastq/X3.1t30_R1.trimmed.fastq.gz	/home/dani/descartes_exp2/custom_dada2_preprocessing/results/01_cutadapt/run_02_optimized/trimmed_fastq/X3.1t30_R2.trimmed.fastq.gz	/home/dani/descartes_exp2/custom_dada2_preprocessing/results/01_cutadapt/run_02_optimized/sample_logs/X3.1t30.cutadapt.log	69434	63060	69434	63060	62778	62767	62100	60633	90.8200593369243	89.4374513926895	87.3246536279056	2.11279776478382	100	87.3246536279056
X3.1t7	Intestine	yes	X	7	X.t7	62299	99.7	97.5	0	0	62299	100	/home/dani/descartes_exp2/custom_dada2_preprocessing/results/01_cutadapt/run_02_optimized/trimmed_fastq/X3.1t7_R1.trimmed.fastq.gz	/home/dani/descartes_exp2/custom_dada2_preprocessing/results/01_cutadapt/run_02_optimized/trimmed_fastq/X3.1t7_R2.trimmed.fastq.gz	/home/dani/descartes_exp2/custom_dada2_preprocessing/results/01_cutadapt/run_02_optimized/sample_logs/X3.1t7.cutadapt.log	62299	55044	62299	55044	53595	53342	47055	35698	88.3545482270984	75.5309073981926	57.3010802741617	18.2298271240309	100	57.3010802741617
X3.1t90	Intestine	yes	X	90	X.t90	43001	99.7	99	0	0	43001	100	/home/dani/descartes_exp2/custom_dada2_preprocessing/results/01_cutadapt/run_02_optimized/trimmed_fastq/X3.1t90_R1.trimmed.fastq.gz	/home/dani/descartes_exp2/custom_dada2_preprocessing/results/01_cutadapt/run_02_optimized/trimmed_fastq/X3.1t90_R2.trimmed.fastq.gz	/home/dani/descartes_exp2/custom_dada2_preprocessing/results/01_cutadapt/run_02_optimized/sample_logs/X3.1t90.cutadapt.log	43001	39579	43001	39579	39439	39402	39190	39087	92.0420455338248	91.137415408944	90.8978860956722	0.239529313271784	100	90.8978860956722
X3.2t30	Intestine	yes	X	30	X.t30	64707	99.6	99.6	0	0	64707	100	/home/dani/descartes_exp2/custom_dada2_preprocessing/results/01_cutadapt/run_02_optimized/trimmed_fastq/X3.2t30_R1.trimmed.fastq.gz	/home/dani/descartes_exp2/custom_dada2_preprocessing/results/01_cutadapt/run_02_optimized/trimmed_fastq/X3.2t30_R2.trimmed.fastq.gz	/home/dani/descartes_exp2/custom_dada2_preprocessing/results/01_cutadapt/run_02_optimized/sample_logs/X3.2t30.cutadapt.log	64707	58642	64707	58642	58592	58615	58576	48950	90.626980079435	90.5249818412227	75.6486933407514	14.8762885004714	100	75.6486933407514
X3.2t7	Intestine	yes	X	7	X.t7	65614	99.7	99.2	0	0	65614	100	/home/dani/descartes_exp2/custom_dada2_preprocessing/results/01_cutadapt/run_02_optimized/trimmed_fastq/X3.2t7_R1.trimmed.fastq.gz	/home/dani/descartes_exp2/custom_dada2_preprocessing/results/01_cutadapt/run_02_optimized/trimmed_fastq/X3.2t7_R2.trimmed.fastq.gz	/home/dani/descartes_exp2/custom_dada2_preprocessing/results/01_cutadapt/run_02_optimized/sample_logs/X3.2t7.cutadapt.log	65614	58277	65614	58277	57048	57024	53220	45721	88.8179351967568	81.1107385618923	69.6817752308959	11.4289633309964	100	69.6817752308959
X3.2t90	Intestine	yes	X	90	X.t90	34388	99.7	99.4	0	0	34388	100	/home/dani/descartes_exp2/custom_dada2_preprocessing/results/01_cutadapt/run_02_optimized/trimmed_fastq/X3.2t90_R1.trimmed.fastq.gz	/home/dani/descartes_exp2/custom_dada2_preprocessing/results/01_cutadapt/run_02_optimized/trimmed_fastq/X3.2t90_R2.trimmed.fastq.gz	/home/dani/descartes_exp2/custom_dada2_preprocessing/results/01_cutadapt/run_02_optimized/sample_logs/X3.2t90.cutadapt.log	34388	32143	34388	32143	32059	32073	31849	30262	93.4715598464581	92.6166104455043	88.0016284750494	4.61498197045481	100	88.0016284750494
X3.3t30	Intestine	yes	X	30	X.t30	77303	100	98.8	0	0	77303	100	/home/dani/descartes_exp2/custom_dada2_preprocessing/results/01_cutadapt/run_02_optimized/trimmed_fastq/X3.3t30_R1.trimmed.fastq.gz	/home/dani/descartes_exp2/custom_dada2_preprocessing/results/01_cutadapt/run_02_optimized/trimmed_fastq/X3.3t30_R2.trimmed.fastq.gz	/home/dani/descartes_exp2/custom_dada2_preprocessing/results/01_cutadapt/run_02_optimized/sample_logs/X3.3t30.cutadapt.log	77303	69847	77303	69847	69813	69798	69266	68941	90.3548374577959	89.6032495504703	89.182826022276	0.420423528194249	100	89.182826022276
X3.3t7	Intestine	yes	X	7	X.t7	66010	99.8	98.8	0	0	66010	100	/home/dani/descartes_exp2/custom_dada2_preprocessing/results/01_cutadapt/run_02_optimized/trimmed_fastq/X3.3t7_R1.trimmed.fastq.gz	/home/dani/descartes_exp2/custom_dada2_preprocessing/results/01_cutadapt/run_02_optimized/trimmed_fastq/X3.3t7_R2.trimmed.fastq.gz	/home/dani/descartes_exp2/custom_dada2_preprocessing/results/01_cutadapt/run_02_optimized/sample_logs/X3.3t7.cutadapt.log	66010	56178	66010	56178	54680	54956	50575	38883	85.1052870777155	76.6171792152704	58.9047114073625	17.7124678079079	100	58.9047114073625
X3.3t90	Intestine	yes	X	90	X.t90	84403	99.8	99.4	0	0	84403	100	/home/dani/descartes_exp2/custom_dada2_preprocessing/results/01_cutadapt/run_02_optimized/trimmed_fastq/X3.3t90_R1.trimmed.fastq.gz	/home/dani/descartes_exp2/custom_dada2_preprocessing/results/01_cutadapt/run_02_optimized/trimmed_fastq/X3.3t90_R2.trimmed.fastq.gz	/home/dani/descartes_exp2/custom_dada2_preprocessing/results/01_cutadapt/run_02_optimized/sample_logs/X3.3t90.cutadapt.log	84403	80062	84403	80062	79882	79906	79582	78950	94.8568178856202	94.2881177209341	93.5393291707641	0.748788550170018	100	93.5393291707641
X3.4t30	Intestine	yes	X	30	X.t30	64628	99.6	99.6	0	0	64628	100	/home/dani/descartes_exp2/custom_dada2_preprocessing/results/01_cutadapt/run_02_optimized/trimmed_fastq/X3.4t30_R1.trimmed.fastq.gz	/home/dani/descartes_exp2/custom_dada2_preprocessing/results/01_cutadapt/run_02_optimized/trimmed_fastq/X3.4t30_R2.trimmed.fastq.gz	/home/dani/descartes_exp2/custom_dada2_preprocessing/results/01_cutadapt/run_02_optimized/sample_logs/X3.4t30.cutadapt.log	64628	58799	64628	58799	58663	58743	58618	57102	90.980689484434	90.7006251160488	88.3548926162035	2.34573249984527	100	88.3548926162035
X3.4t7	Intestine	yes	X	7	X.t7	73099	99.6	98	0	0	73099	100	/home/dani/descartes_exp2/custom_dada2_preprocessing/results/01_cutadapt/run_02_optimized/trimmed_fastq/X3.4t7_R1.trimmed.fastq.gz	/home/dani/descartes_exp2/custom_dada2_preprocessing/results/01_cutadapt/run_02_optimized/trimmed_fastq/X3.4t7_R2.trimmed.fastq.gz	/home/dani/descartes_exp2/custom_dada2_preprocessing/results/01_cutadapt/run_02_optimized/sample_logs/X3.4t7.cutadapt.log	73099	61118	73099	61118	60234	60311	57176	48772	83.6098989042258	78.2172122737657	66.7204749722978	11.4967373014679	100	66.7204749722978
X3.4t90	Intestine	yes	X	90	X.t90	79050	99.6	99.5	0	0	79050	100	/home/dani/descartes_exp2/custom_dada2_preprocessing/results/01_cutadapt/run_02_optimized/trimmed_fastq/X3.4t90_R1.trimmed.fastq.gz	/home/dani/descartes_exp2/custom_dada2_preprocessing/results/01_cutadapt/run_02_optimized/trimmed_fastq/X3.4t90_R2.trimmed.fastq.gz	/home/dani/descartes_exp2/custom_dada2_preprocessing/results/01_cutadapt/run_02_optimized/sample_logs/X3.4t90.cutadapt.log	79050	72950	79050	72950	72900	72929	72841	70034	92.2833649588868	92.1454775458571	88.5945604048071	3.55091714104997	100	88.5945604048071
X3.5t30	Intestine	yes	X	30	X.t30	63142	99.6	99.3	0	0	63142	100	/home/dani/descartes_exp2/custom_dada2_preprocessing/results/01_cutadapt/run_02_optimized/trimmed_fastq/X3.5t30_R1.trimmed.fastq.gz	/home/dani/descartes_exp2/custom_dada2_preprocessing/results/01_cutadapt/run_02_optimized/trimmed_fastq/X3.5t30_R2.trimmed.fastq.gz	/home/dani/descartes_exp2/custom_dada2_preprocessing/results/01_cutadapt/run_02_optimized/sample_logs/X3.5t30.cutadapt.log	63142	57632	63142	57632	57570	57529	57494	54847	91.273637198695	91.0550821956859	86.8629438408666	4.1921383548193	100	86.8629438408666
X3.5t7	Intestine	yes	X	7	X.t7	64719	99.6	73.2	0	0	64719	100	/home/dani/descartes_exp2/custom_dada2_preprocessing/results/01_cutadapt/run_02_optimized/trimmed_fastq/X3.5t7_R1.trimmed.fastq.gz	/home/dani/descartes_exp2/custom_dada2_preprocessing/results/01_cutadapt/run_02_optimized/trimmed_fastq/X3.5t7_R2.trimmed.fastq.gz	/home/dani/descartes_exp2/custom_dada2_preprocessing/results/01_cutadapt/run_02_optimized/sample_logs/X3.5t7.cutadapt.log	64719	60580	64719	60580	60354	60347	59099	53675	93.6046601461704	91.3163058761724	82.9354594477665	8.38084642840588	100	82.9354594477665
X3.5t90	Intestine	yes	X	90	X.t90	65591	99.7	99	0	0	65591	100	/home/dani/descartes_exp2/custom_dada2_preprocessing/results/01_cutadapt/run_02_optimized/trimmed_fastq/X3.5t90_R1.trimmed.fastq.gz	/home/dani/descartes_exp2/custom_dada2_preprocessing/results/01_cutadapt/run_02_optimized/trimmed_fastq/X3.5t90_R2.trimmed.fastq.gz	/home/dani/descartes_exp2/custom_dada2_preprocessing/results/01_cutadapt/run_02_optimized/sample_logs/X3.5t90.cutadapt.log	65591	61466	65591	61466	61391	61409	61333	59852	93.7110274275434	93.5082557058133	91.250323977375	2.25793172843835	100	91.250323977375
Y1.1t30	Intestine	yes	Y	30	Y.t30	63156	99.7	99.4	0	0	63156	100	/home/dani/descartes_exp2/custom_dada2_preprocessing/results/01_cutadapt/run_02_optimized/trimmed_fastq/Y1.1t30_R1.trimmed.fastq.gz	/home/dani/descartes_exp2/custom_dada2_preprocessing/results/01_cutadapt/run_02_optimized/trimmed_fastq/Y1.1t30_R2.trimmed.fastq.gz	/home/dani/descartes_exp2/custom_dada2_preprocessing/results/01_cutadapt/run_02_optimized/sample_logs/Y1.1t30.cutadapt.log	63156	57631	63156	57631	57614	57531	57526	56919	91.25182088796	91.0855659003103	90.124453733612	0.961112166698334	100	90.124453733612
Y1.1t7	Intestine	yes	Y	7	Y.t7	78919	99.7	97.6	0	0	78919	100	/home/dani/descartes_exp2/custom_dada2_preprocessing/results/01_cutadapt/run_02_optimized/trimmed_fastq/Y1.1t7_R1.trimmed.fastq.gz	/home/dani/descartes_exp2/custom_dada2_preprocessing/results/01_cutadapt/run_02_optimized/trimmed_fastq/Y1.1t7_R2.trimmed.fastq.gz	/home/dani/descartes_exp2/custom_dada2_preprocessing/results/01_cutadapt/run_02_optimized/sample_logs/Y1.1t7.cutadapt.log	78919	68081	78919	68081	67535	67498	64187	53130	86.2669319175357	81.3327589046998	67.3221911073379	14.0105677973619	100	67.3221911073379
Y1.1t90	Intestine	yes	Y	90	Y.t90	31454	99.7	90.4	0	0	31454	100	/home/dani/descartes_exp2/custom_dada2_preprocessing/results/01_cutadapt/run_02_optimized/trimmed_fastq/Y1.1t90_R1.trimmed.fastq.gz	/home/dani/descartes_exp2/custom_dada2_preprocessing/results/01_cutadapt/run_02_optimized/trimmed_fastq/Y1.1t90_R2.trimmed.fastq.gz	/home/dani/descartes_exp2/custom_dada2_preprocessing/results/01_cutadapt/run_02_optimized/sample_logs/Y1.1t90.cutadapt.log	31454	29371	31454	29371	29301	29314	29222	28400	93.3776308259681	92.9039231894195	90.2905830736949	2.61334011572455	100	90.2905830736949
Y1.2t30	Intestine	yes	Y	30	Y.t30	63660	99.7	97.4	0	0	63660	100	/home/dani/descartes_exp2/custom_dada2_preprocessing/results/01_cutadapt/run_02_optimized/trimmed_fastq/Y1.2t30_R1.trimmed.fastq.gz	/home/dani/descartes_exp2/custom_dada2_preprocessing/results/01_cutadapt/run_02_optimized/trimmed_fastq/Y1.2t30_R2.trimmed.fastq.gz	/home/dani/descartes_exp2/custom_dada2_preprocessing/results/01_cutadapt/run_02_optimized/sample_logs/Y1.2t30.cutadapt.log	63660	59265	63660	59265	59205	59190	59139	58689	93.0961357210179	92.8982092365693	92.191328934967	0.706880301602262	100	92.191328934967
Y1.2t7	Intestine	yes	Y	7	Y.t7	66068	99.6	91.2	0	0	66068	100	/home/dani/descartes_exp2/custom_dada2_preprocessing/results/01_cutadapt/run_02_optimized/trimmed_fastq/Y1.2t7_R1.trimmed.fastq.gz	/home/dani/descartes_exp2/custom_dada2_preprocessing/results/01_cutadapt/run_02_optimized/trimmed_fastq/Y1.2t7_R2.trimmed.fastq.gz	/home/dani/descartes_exp2/custom_dada2_preprocessing/results/01_cutadapt/run_02_optimized/sample_logs/Y1.2t7.cutadapt.log	66068	58603	66068	58603	58259	58220	56571	52173	88.7010352969668	85.6254162378156	78.9686383725858	6.65677786522976	100	78.9686383725858
Y1.2t90	Intestine	yes	Y	90	Y.t90	82559	99.8	98.8	0	0	82559	100	/home/dani/descartes_exp2/custom_dada2_preprocessing/results/01_cutadapt/run_02_optimized/trimmed_fastq/Y1.2t90_R1.trimmed.fastq.gz	/home/dani/descartes_exp2/custom_dada2_preprocessing/results/01_cutadapt/run_02_optimized/trimmed_fastq/Y1.2t90_R2.trimmed.fastq.gz	/home/dani/descartes_exp2/custom_dada2_preprocessing/results/01_cutadapt/run_02_optimized/sample_logs/Y1.2t90.cutadapt.log	82559	78650	82559	78650	78580	78578	78465	78182	95.2652042781526	95.0411221066147	94.6983369469107	0.342785159703969	100	94.6983369469107
Y1.3t30	Intestine	yes	Y	30	Y.t30	68961	100	99.3	0	0	68961	100	/home/dani/descartes_exp2/custom_dada2_preprocessing/results/01_cutadapt/run_02_optimized/trimmed_fastq/Y1.3t30_R1.trimmed.fastq.gz	/home/dani/descartes_exp2/custom_dada2_preprocessing/results/01_cutadapt/run_02_optimized/trimmed_fastq/Y1.3t30_R2.trimmed.fastq.gz	/home/dani/descartes_exp2/custom_dada2_preprocessing/results/01_cutadapt/run_02_optimized/sample_logs/Y1.3t30.cutadapt.log	68961	62758	68961	62758	62647	62679	62176	51303	91.0050608314845	90.1611055524137	74.3942228215948	15.7668827308189	100	74.3942228215948
Y1.3t7	Intestine	yes	Y	7	Y.t7	64852	99.5	87.1	0	0	64852	100	/home/dani/descartes_exp2/custom_dada2_preprocessing/results/01_cutadapt/run_02_optimized/trimmed_fastq/Y1.3t7_R1.trimmed.fastq.gz	/home/dani/descartes_exp2/custom_dada2_preprocessing/results/01_cutadapt/run_02_optimized/trimmed_fastq/Y1.3t7_R2.trimmed.fastq.gz	/home/dani/descartes_exp2/custom_dada2_preprocessing/results/01_cutadapt/run_02_optimized/sample_logs/Y1.3t7.cutadapt.log	64852	58832	64852	58832	58697	58669	58151	56093	90.7173256029112	89.6672423363967	86.493862949485	3.17337938691174	100	86.493862949485
Y1.3t90	Intestine	yes	Y	90	Y.t90	91938	99.8	99.2	0	0	91938	100	/home/dani/descartes_exp2/custom_dada2_preprocessing/results/01_cutadapt/run_02_optimized/trimmed_fastq/Y1.3t90_R1.trimmed.fastq.gz	/home/dani/descartes_exp2/custom_dada2_preprocessing/results/01_cutadapt/run_02_optimized/trimmed_fastq/Y1.3t90_R2.trimmed.fastq.gz	/home/dani/descartes_exp2/custom_dada2_preprocessing/results/01_cutadapt/run_02_optimized/sample_logs/Y1.3t90.cutadapt.log	91938	87593	91938	87593	87403	87554	87345	86842	95.273988992582	95.0042419891666	94.4571341556266	0.547107833539994	100	94.4571341556266
Y1.4t30	Intestine	yes	Y	30	Y.t30	78161	99.7	99.2	0	0	78161	100	/home/dani/descartes_exp2/custom_dada2_preprocessing/results/01_cutadapt/run_02_optimized/trimmed_fastq/Y1.4t30_R1.trimmed.fastq.gz	/home/dani/descartes_exp2/custom_dada2_preprocessing/results/01_cutadapt/run_02_optimized/trimmed_fastq/Y1.4t30_R2.trimmed.fastq.gz	/home/dani/descartes_exp2/custom_dada2_preprocessing/results/01_cutadapt/run_02_optimized/sample_logs/Y1.4t30.cutadapt.log	78161	71820	78161	71820	71775	71772	71732	71135	91.8872583513517	91.7746702319571	91.0108621947007	0.763808037256432	100	91.0108621947007
Y1.4t7	Intestine	yes	Y	7	Y.t7	79008	99.7	97.3	0	0	79008	100	/home/dani/descartes_exp2/custom_dada2_preprocessing/results/01_cutadapt/run_02_optimized/trimmed_fastq/Y1.4t7_R1.trimmed.fastq.gz	/home/dani/descartes_exp2/custom_dada2_preprocessing/results/01_cutadapt/run_02_optimized/trimmed_fastq/Y1.4t7_R2.trimmed.fastq.gz	/home/dani/descartes_exp2/custom_dada2_preprocessing/results/01_cutadapt/run_02_optimized/sample_logs/Y1.4t7.cutadapt.log	79008	69861	79008	69861	69719	69516	68645	62251	88.4226913730255	86.8836067233698	78.7907553665452	8.09285135682463	100	78.7907553665452
Y1.4t90	Intestine	yes	Y	90	Y.t90	37066	99.7	96.4	0	0	37066	100	/home/dani/descartes_exp2/custom_dada2_preprocessing/results/01_cutadapt/run_02_optimized/trimmed_fastq/Y1.4t90_R1.trimmed.fastq.gz	/home/dani/descartes_exp2/custom_dada2_preprocessing/results/01_cutadapt/run_02_optimized/trimmed_fastq/Y1.4t90_R2.trimmed.fastq.gz	/home/dani/descartes_exp2/custom_dada2_preprocessing/results/01_cutadapt/run_02_optimized/sample_logs/Y1.4t90.cutadapt.log	37066	34427	37066	34427	34305	34295	34176	33421	92.8802676307128	92.2030971780068	90.1661900393892	2.0369071386176	100	90.1661900393892
Y1.5t30	Intestine	yes	Y	30	Y.t30	67121	99.5	99.6	0	0	67121	100	/home/dani/descartes_exp2/custom_dada2_preprocessing/results/01_cutadapt/run_02_optimized/trimmed_fastq/Y1.5t30_R1.trimmed.fastq.gz	/home/dani/descartes_exp2/custom_dada2_preprocessing/results/01_cutadapt/run_02_optimized/trimmed_fastq/Y1.5t30_R2.trimmed.fastq.gz	/home/dani/descartes_exp2/custom_dada2_preprocessing/results/01_cutadapt/run_02_optimized/sample_logs/Y1.5t30.cutadapt.log	67121	61458	67121	61458	61316	61359	61202	50278	91.5629981674886	91.1815974136261	74.9065121199029	16.2750852937233	100	74.9065121199029
Y1.5t7	Intestine	yes	Y	7	Y.t7	62899	99.7	96.7	0	0	62899	100	/home/dani/descartes_exp2/custom_dada2_preprocessing/results/01_cutadapt/run_02_optimized/trimmed_fastq/Y1.5t7_R1.trimmed.fastq.gz	/home/dani/descartes_exp2/custom_dada2_preprocessing/results/01_cutadapt/run_02_optimized/trimmed_fastq/Y1.5t7_R2.trimmed.fastq.gz	/home/dani/descartes_exp2/custom_dada2_preprocessing/results/01_cutadapt/run_02_optimized/sample_logs/Y1.5t7.cutadapt.log	62899	58342	62899	58342	58164	58229	58094	54959	92.7550517496304	92.3607688516511	87.3765878630821	4.98418098856898	100	87.3765878630821
Y1.5t90	Intestine	yes	Y	90	Y.t90	65348	99.6	99.5	0	0	65348	100	/home/dani/descartes_exp2/custom_dada2_preprocessing/results/01_cutadapt/run_02_optimized/trimmed_fastq/Y1.5t90_R1.trimmed.fastq.gz	/home/dani/descartes_exp2/custom_dada2_preprocessing/results/01_cutadapt/run_02_optimized/trimmed_fastq/Y1.5t90_R2.trimmed.fastq.gz	/home/dani/descartes_exp2/custom_dada2_preprocessing/results/01_cutadapt/run_02_optimized/sample_logs/Y1.5t90.cutadapt.log	65348	60249	65348	60249	60199	60241	60124	55312	92.1971598212646	92.0058762318663	84.6422231743894	7.36365305747689	100	84.6422231743894
Y2.1t30	Intestine	yes	Y	30	Y.t30	79583	99.6	99.7	0	0	79583	100	/home/dani/descartes_exp2/custom_dada2_preprocessing/results/01_cutadapt/run_02_optimized/trimmed_fastq/Y2.1t30_R1.trimmed.fastq.gz	/home/dani/descartes_exp2/custom_dada2_preprocessing/results/01_cutadapt/run_02_optimized/trimmed_fastq/Y2.1t30_R2.trimmed.fastq.gz	/home/dani/descartes_exp2/custom_dada2_preprocessing/results/01_cutadapt/run_02_optimized/sample_logs/Y2.1t30.cutadapt.log	79583	72212	79583	72212	72138	72156	72008	51511	90.7379716773683	90.481635525175	64.7261349785758	25.7555005465992	100	64.7261349785758
Y2.1t7	Intestine	yes	Y	7	Y.t7	65806	99.8	82.5	0	0	65806	100	/home/dani/descartes_exp2/custom_dada2_preprocessing/results/01_cutadapt/run_02_optimized/trimmed_fastq/Y2.1t7_R1.trimmed.fastq.gz	/home/dani/descartes_exp2/custom_dada2_preprocessing/results/01_cutadapt/run_02_optimized/trimmed_fastq/Y2.1t7_R2.trimmed.fastq.gz	/home/dani/descartes_exp2/custom_dada2_preprocessing/results/01_cutadapt/run_02_optimized/sample_logs/Y2.1t7.cutadapt.log	65806	62071	65806	62071	61984	61973	61520	57090	94.3242257544905	93.486916086679	86.7550071422059	6.73190894447315	100	86.7550071422059
Y2.1t90	Intestine	yes	Y	90	Y.t90	64702	99.6	99.2	0	0	64702	100	/home/dani/descartes_exp2/custom_dada2_preprocessing/results/01_cutadapt/run_02_optimized/trimmed_fastq/Y2.1t90_R1.trimmed.fastq.gz	/home/dani/descartes_exp2/custom_dada2_preprocessing/results/01_cutadapt/run_02_optimized/trimmed_fastq/Y2.1t90_R2.trimmed.fastq.gz	/home/dani/descartes_exp2/custom_dada2_preprocessing/results/01_cutadapt/run_02_optimized/sample_logs/Y2.1t90.cutadapt.log	64702	58438	64702	58438	58397	58422	58382	58329	90.3186918487837	90.2321412011993	90.1502271954499	0.0819140057494359	100	90.1502271954499
Y2.2t30	Intestine	yes	Y	30	Y.t30	65354	99.8	97.3	0	0	65354	100	/home/dani/descartes_exp2/custom_dada2_preprocessing/results/01_cutadapt/run_02_optimized/trimmed_fastq/Y2.2t30_R1.trimmed.fastq.gz	/home/dani/descartes_exp2/custom_dada2_preprocessing/results/01_cutadapt/run_02_optimized/trimmed_fastq/Y2.2t30_R2.trimmed.fastq.gz	/home/dani/descartes_exp2/custom_dada2_preprocessing/results/01_cutadapt/run_02_optimized/sample_logs/Y2.2t30.cutadapt.log	65354	60972	65354	60972	60864	60896	60797	59583	93.2949781191664	93.027205679836	91.1696300149953	1.85757566484071	100	91.1696300149953
Y2.2t7	Intestine	yes	Y	7	Y.t7	65628	99.7	97.9	0	0	65628	100	/home/dani/descartes_exp2/custom_dada2_preprocessing/results/01_cutadapt/run_02_optimized/trimmed_fastq/Y2.2t7_R1.trimmed.fastq.gz	/home/dani/descartes_exp2/custom_dada2_preprocessing/results/01_cutadapt/run_02_optimized/trimmed_fastq/Y2.2t7_R2.trimmed.fastq.gz	/home/dani/descartes_exp2/custom_dada2_preprocessing/results/01_cutadapt/run_02_optimized/sample_logs/Y2.2t7.cutadapt.log	65628	59548	65628	59548	59441	59443	59348	58828	90.7356616078503	90.4309136344243	89.6385689035168	0.792344730907539	100	89.6385689035168
Y2.2t90	Intestine	yes	Y	90	Y.t90	68529	99.7	99.7	0	0	68529	100	/home/dani/descartes_exp2/custom_dada2_preprocessing/results/01_cutadapt/run_02_optimized/trimmed_fastq/Y2.2t90_R1.trimmed.fastq.gz	/home/dani/descartes_exp2/custom_dada2_preprocessing/results/01_cutadapt/run_02_optimized/trimmed_fastq/Y2.2t90_R2.trimmed.fastq.gz	/home/dani/descartes_exp2/custom_dada2_preprocessing/results/01_cutadapt/run_02_optimized/sample_logs/Y2.2t90.cutadapt.log	68529	63695	68529	63695	63645	63669	63580	45421	92.9460520363642	92.7782398692524	66.2799690641918	26.4982708050606	100	66.2799690641918
Y2.3t30	Intestine	yes	Y	30	Y.t30	65453	100	99.5	0	0	65453	100	/home/dani/descartes_exp2/custom_dada2_preprocessing/results/01_cutadapt/run_02_optimized/trimmed_fastq/Y2.3t30_R1.trimmed.fastq.gz	/home/dani/descartes_exp2/custom_dada2_preprocessing/results/01_cutadapt/run_02_optimized/trimmed_fastq/Y2.3t30_R2.trimmed.fastq.gz	/home/dani/descartes_exp2/custom_dada2_preprocessing/results/01_cutadapt/run_02_optimized/sample_logs/Y2.3t30.cutadapt.log	65453	59236	65453	59236	59077	59131	58694	56601	90.501581287336	89.673506180007	86.4757917895284	3.19771439047866	100	86.4757917895284
Y2.3t7	Intestine	yes	Y	7	Y.t7	63835	99.6	92.6	0	0	63835	100	/home/dani/descartes_exp2/custom_dada2_preprocessing/results/01_cutadapt/run_02_optimized/trimmed_fastq/Y2.3t7_R1.trimmed.fastq.gz	/home/dani/descartes_exp2/custom_dada2_preprocessing/results/01_cutadapt/run_02_optimized/trimmed_fastq/Y2.3t7_R2.trimmed.fastq.gz	/home/dani/descartes_exp2/custom_dada2_preprocessing/results/01_cutadapt/run_02_optimized/sample_logs/Y2.3t7.cutadapt.log	63835	58451	63835	58451	58354	58337	57855	56968	91.5657554633038	90.6320983786324	89.242578522754	1.38951985587844	100	89.242578522754
Y2.3t90	Intestine	yes	Y	90	Y.t90	63367	99.7	99.5	0	0	63367	100	/home/dani/descartes_exp2/custom_dada2_preprocessing/results/01_cutadapt/run_02_optimized/trimmed_fastq/Y2.3t90_R1.trimmed.fastq.gz	/home/dani/descartes_exp2/custom_dada2_preprocessing/results/01_cutadapt/run_02_optimized/trimmed_fastq/Y2.3t90_R2.trimmed.fastq.gz	/home/dani/descartes_exp2/custom_dada2_preprocessing/results/01_cutadapt/run_02_optimized/sample_logs/Y2.3t90.cutadapt.log	63367	57845	63367	57845	57661	57802	57575	54299	91.2856849779854	90.8595956886076	85.6897123108243	5.16988337778339	100	85.6897123108243
Y2.4t30	Intestine	yes	Y	30	Y.t30	77397	99.7	99.5	0	0	77397	100	/home/dani/descartes_exp2/custom_dada2_preprocessing/results/01_cutadapt/run_02_optimized/trimmed_fastq/Y2.4t30_R1.trimmed.fastq.gz	/home/dani/descartes_exp2/custom_dada2_preprocessing/results/01_cutadapt/run_02_optimized/trimmed_fastq/Y2.4t30_R2.trimmed.fastq.gz	/home/dani/descartes_exp2/custom_dada2_preprocessing/results/01_cutadapt/run_02_optimized/sample_logs/Y2.4t30.cutadapt.log	77397	69935	77397	69935	69791	69829	69656	61433	90.3587994366707	89.9983203483339	79.3738775404732	10.6244428078608	100	79.3738775404732
Y2.4t7	Intestine	yes	Y	7	Y.t7	65042	99.5	87	0	0	65042	100	/home/dani/descartes_exp2/custom_dada2_preprocessing/results/01_cutadapt/run_02_optimized/trimmed_fastq/Y2.4t7_R1.trimmed.fastq.gz	/home/dani/descartes_exp2/custom_dada2_preprocessing/results/01_cutadapt/run_02_optimized/trimmed_fastq/Y2.4t7_R2.trimmed.fastq.gz	/home/dani/descartes_exp2/custom_dada2_preprocessing/results/01_cutadapt/run_02_optimized/sample_logs/Y2.4t7.cutadapt.log	65042	60745	65042	60745	60501	60361	59357	57655	93.3934995848836	91.2594938655023	88.6427231634944	2.61677070200793	100	88.6427231634944
Y2.4t90	Intestine	yes	Y	90	Y.t90	69179	99.7	99.6	0	0	69179	100	/home/dani/descartes_exp2/custom_dada2_preprocessing/results/01_cutadapt/run_02_optimized/trimmed_fastq/Y2.4t90_R1.trimmed.fastq.gz	/home/dani/descartes_exp2/custom_dada2_preprocessing/results/01_cutadapt/run_02_optimized/trimmed_fastq/Y2.4t90_R2.trimmed.fastq.gz	/home/dani/descartes_exp2/custom_dada2_preprocessing/results/01_cutadapt/run_02_optimized/sample_logs/Y2.4t90.cutadapt.log	69179	63056	69179	63056	62937	62885	62777	62173	91.1490481215398	90.7457465415805	89.872649214357	0.87309732722358	100	89.872649214357
Y2.5t30	Intestine	yes	Y	30	Y.t30	71995	98.9	99.6	0	0	71995	100	/home/dani/descartes_exp2/custom_dada2_preprocessing/results/01_cutadapt/run_02_optimized/trimmed_fastq/Y2.5t30_R1.trimmed.fastq.gz	/home/dani/descartes_exp2/custom_dada2_preprocessing/results/01_cutadapt/run_02_optimized/trimmed_fastq/Y2.5t30_R2.trimmed.fastq.gz	/home/dani/descartes_exp2/custom_dada2_preprocessing/results/01_cutadapt/run_02_optimized/sample_logs/Y2.5t30.cutadapt.log	71995	61548	71995	61548	61519	61530	61472	59687	85.4892700882006	85.383707201889	82.9043683589138	2.47933884297521	100	82.9043683589138
Y2.5t7	Intestine	yes	Y	7	Y.t7	62618	99.6	99.8	0	0	62618	100	/home/dani/descartes_exp2/custom_dada2_preprocessing/results/01_cutadapt/run_02_optimized/trimmed_fastq/Y2.5t7_R1.trimmed.fastq.gz	/home/dani/descartes_exp2/custom_dada2_preprocessing/results/01_cutadapt/run_02_optimized/trimmed_fastq/Y2.5t7_R2.trimmed.fastq.gz	/home/dani/descartes_exp2/custom_dada2_preprocessing/results/01_cutadapt/run_02_optimized/sample_logs/Y2.5t7.cutadapt.log	62618	57262	62618	57262	57210	57214	57145	55725	91.4465489156473	91.2597016832221	88.9919831358395	2.26771854738254	100	88.9919831358395
Y2.5t90	Intestine	yes	Y	90	Y.t90	62601	99.6	99.8	0	0	62601	100	/home/dani/descartes_exp2/custom_dada2_preprocessing/results/01_cutadapt/run_02_optimized/trimmed_fastq/Y2.5t90_R1.trimmed.fastq.gz	/home/dani/descartes_exp2/custom_dada2_preprocessing/results/01_cutadapt/run_02_optimized/trimmed_fastq/Y2.5t90_R2.trimmed.fastq.gz	/home/dani/descartes_exp2/custom_dada2_preprocessing/results/01_cutadapt/run_02_optimized/sample_logs/Y2.5t90.cutadapt.log	62601	57614	62601	57614	57140	57205	56582	52457	92.0336735834891	90.3851376176099	83.7957860098082	6.58935160780179	100	83.7957860098082
Y3	Feed	no	Y	NA	Y.Feed	65513	99.6	99.8	0	0	65513	100	/home/dani/descartes_exp2/custom_dada2_preprocessing/results/01_cutadapt/run_02_optimized/trimmed_fastq/Y3_R1.trimmed.fastq.gz	/home/dani/descartes_exp2/custom_dada2_preprocessing/results/01_cutadapt/run_02_optimized/trimmed_fastq/Y3_R2.trimmed.fastq.gz	/home/dani/descartes_exp2/custom_dada2_preprocessing/results/01_cutadapt/run_02_optimized/sample_logs/Y3.cutadapt.log	65513	59469	65513	59469	58773	58824	55534	44535	90.774350128982	84.7679086593501	67.9788744218705	16.7890342374796	100	67.9788744218705
Y3.1t30	Intestine	yes	Y	30	Y.t30	73076	99.6	99.7	0	0	73076	100	/home/dani/descartes_exp2/custom_dada2_preprocessing/results/01_cutadapt/run_02_optimized/trimmed_fastq/Y3.1t30_R1.trimmed.fastq.gz	/home/dani/descartes_exp2/custom_dada2_preprocessing/results/01_cutadapt/run_02_optimized/trimmed_fastq/Y3.1t30_R2.trimmed.fastq.gz	/home/dani/descartes_exp2/custom_dada2_preprocessing/results/01_cutadapt/run_02_optimized/sample_logs/Y3.1t30.cutadapt.log	73076	66086	73076	66086	65981	65996	65304	48603	90.4346160162023	89.3644972357546	66.5102085500027	22.8542886857518	100	66.5102085500027
Y3.1t7	Intestine	yes	Y	7	Y.t7	64861	99.6	95	0	0	64861	100	/home/dani/descartes_exp2/custom_dada2_preprocessing/results/01_cutadapt/run_02_optimized/trimmed_fastq/Y3.1t7_R1.trimmed.fastq.gz	/home/dani/descartes_exp2/custom_dada2_preprocessing/results/01_cutadapt/run_02_optimized/trimmed_fastq/Y3.1t7_R2.trimmed.fastq.gz	/home/dani/descartes_exp2/custom_dada2_preprocessing/results/01_cutadapt/run_02_optimized/sample_logs/Y3.1t7.cutadapt.log	64861	60297	64861	60297	60218	60172	57805	57583	92.9634140700884	89.1213518138789	88.779081420268	0.342270393610953	100	88.779081420268
Y3.1t90	Intestine	yes	Y	90	Y.t90	66711	99.6	99.8	0	0	66711	100	/home/dani/descartes_exp2/custom_dada2_preprocessing/results/01_cutadapt/run_02_optimized/trimmed_fastq/Y3.1t90_R1.trimmed.fastq.gz	/home/dani/descartes_exp2/custom_dada2_preprocessing/results/01_cutadapt/run_02_optimized/trimmed_fastq/Y3.1t90_R2.trimmed.fastq.gz	/home/dani/descartes_exp2/custom_dada2_preprocessing/results/01_cutadapt/run_02_optimized/sample_logs/Y3.1t90.cutadapt.log	66711	61439	66711	61439	61415	61415	61402	61393	92.0972553252087	92.0417922081816	92.0283011797155	0.0134910284660701	100	92.0283011797155
Y3.2t30	Intestine	yes	Y	30	Y.t30	62486	99.8	98.7	0	0	62486	100	/home/dani/descartes_exp2/custom_dada2_preprocessing/results/01_cutadapt/run_02_optimized/trimmed_fastq/Y3.2t30_R1.trimmed.fastq.gz	/home/dani/descartes_exp2/custom_dada2_preprocessing/results/01_cutadapt/run_02_optimized/trimmed_fastq/Y3.2t30_R2.trimmed.fastq.gz	/home/dani/descartes_exp2/custom_dada2_preprocessing/results/01_cutadapt/run_02_optimized/sample_logs/Y3.2t30.cutadapt.log	62486	56882	62486	56882	56844	56812	56761	55868	91.0315910764011	90.8379477002849	89.4088275773773	1.42912012290753	100	89.4088275773773
Y3.2t7	Intestine	yes	Y	7	Y.t7	78800	99.7	92.1	0	0	78800	100	/home/dani/descartes_exp2/custom_dada2_preprocessing/results/01_cutadapt/run_02_optimized/trimmed_fastq/Y3.2t7_R1.trimmed.fastq.gz	/home/dani/descartes_exp2/custom_dada2_preprocessing/results/01_cutadapt/run_02_optimized/trimmed_fastq/Y3.2t7_R2.trimmed.fastq.gz	/home/dani/descartes_exp2/custom_dada2_preprocessing/results/01_cutadapt/run_02_optimized/sample_logs/Y3.2t7.cutadapt.log	78800	74167	78800	74167	74108	74048	73476	71002	94.1205583756345	93.243654822335	90.1040609137056	3.13959390862944	100	90.1040609137056
Y3.2t90	Intestine	yes	Y	90	Y.t90	66727	99.6	99.5	0	0	66727	100	/home/dani/descartes_exp2/custom_dada2_preprocessing/results/01_cutadapt/run_02_optimized/trimmed_fastq/Y3.2t90_R1.trimmed.fastq.gz	/home/dani/descartes_exp2/custom_dada2_preprocessing/results/01_cutadapt/run_02_optimized/trimmed_fastq/Y3.2t90_R2.trimmed.fastq.gz	/home/dani/descartes_exp2/custom_dada2_preprocessing/results/01_cutadapt/run_02_optimized/sample_logs/Y3.2t90.cutadapt.log	66727	60919	66727	60919	60870	60868	60846	60822	91.2958772311059	91.1864762390037	91.1505087895455	0.0359674494582403	100	91.1505087895455
Y3.3t30	Intestine	yes	Y	30	Y.t30	66736	99	81.5	0	0	66736	100	/home/dani/descartes_exp2/custom_dada2_preprocessing/results/01_cutadapt/run_02_optimized/trimmed_fastq/Y3.3t30_R1.trimmed.fastq.gz	/home/dani/descartes_exp2/custom_dada2_preprocessing/results/01_cutadapt/run_02_optimized/trimmed_fastq/Y3.3t30_R2.trimmed.fastq.gz	/home/dani/descartes_exp2/custom_dada2_preprocessing/results/01_cutadapt/run_02_optimized/sample_logs/Y3.3t30.cutadapt.log	66736	61410	66736	61410	61154	61064	59539	57810	92.0192999280748	89.2157156557181	86.6249100935028	2.5908055622153	100	86.6249100935028
Y3.3t7	Intestine	yes	Y	7	Y.t7	64727	99.6	99.5	0	0	64727	100	/home/dani/descartes_exp2/custom_dada2_preprocessing/results/01_cutadapt/run_02_optimized/trimmed_fastq/Y3.3t7_R1.trimmed.fastq.gz	/home/dani/descartes_exp2/custom_dada2_preprocessing/results/01_cutadapt/run_02_optimized/trimmed_fastq/Y3.3t7_R2.trimmed.fastq.gz	/home/dani/descartes_exp2/custom_dada2_preprocessing/results/01_cutadapt/run_02_optimized/sample_logs/Y3.3t7.cutadapt.log	64727	58181	64727	58181	58007	58111	57873	56770	89.8867551408222	89.4109104392294	87.7068302254083	1.70408021382113	100	87.7068302254083
Y3.3t90	Intestine	yes	Y	90	Y.t90	64145	99.6	99.6	0	0	64145	100	/home/dani/descartes_exp2/custom_dada2_preprocessing/results/01_cutadapt/run_02_optimized/trimmed_fastq/Y3.3t90_R1.trimmed.fastq.gz	/home/dani/descartes_exp2/custom_dada2_preprocessing/results/01_cutadapt/run_02_optimized/trimmed_fastq/Y3.3t90_R2.trimmed.fastq.gz	/home/dani/descartes_exp2/custom_dada2_preprocessing/results/01_cutadapt/run_02_optimized/sample_logs/Y3.3t90.cutadapt.log	64145	59151	64145	59151	59130	59148	59090	57303	92.2145139917375	92.1194169459818	89.3335411957284	2.78587575025333	100	89.3335411957284
Y3.4t30	Intestine	yes	Y	30	Y.t30	63363	99.5	98.5	0	0	63363	100	/home/dani/descartes_exp2/custom_dada2_preprocessing/results/01_cutadapt/run_02_optimized/trimmed_fastq/Y3.4t30_R1.trimmed.fastq.gz	/home/dani/descartes_exp2/custom_dada2_preprocessing/results/01_cutadapt/run_02_optimized/trimmed_fastq/Y3.4t30_R2.trimmed.fastq.gz	/home/dani/descartes_exp2/custom_dada2_preprocessing/results/01_cutadapt/run_02_optimized/sample_logs/Y3.4t30.cutadapt.log	63363	57892	63363	57892	57786	57817	57701	54952	91.3656234711109	91.0641857235295	86.7256916497009	4.33849407382858	100	86.7256916497009
Y3.4t7	Intestine	yes	Y	7	Y.t7	64954	99.7	98.5	0	0	64954	100	/home/dani/descartes_exp2/custom_dada2_preprocessing/results/01_cutadapt/run_02_optimized/trimmed_fastq/Y3.4t7_R1.trimmed.fastq.gz	/home/dani/descartes_exp2/custom_dada2_preprocessing/results/01_cutadapt/run_02_optimized/trimmed_fastq/Y3.4t7_R2.trimmed.fastq.gz	/home/dani/descartes_exp2/custom_dada2_preprocessing/results/01_cutadapt/run_02_optimized/sample_logs/Y3.4t7.cutadapt.log	64954	59284	64954	59284	59199	59147	59038	58719	91.2707454506266	90.892015888167	90.4008990978231	0.491116790343936	100	90.4008990978231
Y3.4t90	Intestine	yes	Y	90	Y.t90	65469	99.7	99.6	0	0	65469	100	/home/dani/descartes_exp2/custom_dada2_preprocessing/results/01_cutadapt/run_02_optimized/trimmed_fastq/Y3.4t90_R1.trimmed.fastq.gz	/home/dani/descartes_exp2/custom_dada2_preprocessing/results/01_cutadapt/run_02_optimized/trimmed_fastq/Y3.4t90_R2.trimmed.fastq.gz	/home/dani/descartes_exp2/custom_dada2_preprocessing/results/01_cutadapt/run_02_optimized/sample_logs/Y3.4t90.cutadapt.log	65469	59834	65469	59834	59808	59736	59694	59691	91.3928729627763	91.1790312972552	91.1744489758512	0.00458232140402328	100	91.1744489758512
Y3.5t30	Intestine	yes	Y	30	Y.t30	65217	99.6	99.6	0	0	65217	100	/home/dani/descartes_exp2/custom_dada2_preprocessing/results/01_cutadapt/run_02_optimized/trimmed_fastq/Y3.5t30_R1.trimmed.fastq.gz	/home/dani/descartes_exp2/custom_dada2_preprocessing/results/01_cutadapt/run_02_optimized/trimmed_fastq/Y3.5t30_R2.trimmed.fastq.gz	/home/dani/descartes_exp2/custom_dada2_preprocessing/results/01_cutadapt/run_02_optimized/sample_logs/Y3.5t30.cutadapt.log	65217	59293	65217	59293	59265	59260	59237	54429	90.9164788322063	90.8306116503366	83.4583007498045	7.37231090053207	100	83.4583007498045
Y3.5t7	Intestine	yes	Y	7	Y.t7	79328	99.6	90	0	0	79328	100	/home/dani/descartes_exp2/custom_dada2_preprocessing/results/01_cutadapt/run_02_optimized/trimmed_fastq/Y3.5t7_R1.trimmed.fastq.gz	/home/dani/descartes_exp2/custom_dada2_preprocessing/results/01_cutadapt/run_02_optimized/trimmed_fastq/Y3.5t7_R2.trimmed.fastq.gz	/home/dani/descartes_exp2/custom_dada2_preprocessing/results/01_cutadapt/run_02_optimized/sample_logs/Y3.5t7.cutadapt.log	79328	73204	79328	73204	72974	72982	71886	70259	92.280153287616	90.6186970552642	88.5677188382412	2.05097821702299	100	88.5677188382412
Y3.5t90	Intestine	yes	Y	90	Y.t90	66095	99.7	99.6	0	0	66095	100	/home/dani/descartes_exp2/custom_dada2_preprocessing/results/01_cutadapt/run_02_optimized/trimmed_fastq/Y3.5t90_R1.trimmed.fastq.gz	/home/dani/descartes_exp2/custom_dada2_preprocessing/results/01_cutadapt/run_02_optimized/trimmed_fastq/Y3.5t90_R2.trimmed.fastq.gz	/home/dani/descartes_exp2/custom_dada2_preprocessing/results/01_cutadapt/run_02_optimized/sample_logs/Y3.5t90.cutadapt.log	66095	60572	66095	60572	60522	60560	60485	58794	91.6438459792723	91.5122172630305	88.9537786519404	2.5584386110901	100	88.9537786519404
Z1.1t30	Intestine	yes	Z	30	Z.t30	72440	99.6	99.7	0	0	72440	100	/home/dani/descartes_exp2/custom_dada2_preprocessing/results/01_cutadapt/run_02_optimized/trimmed_fastq/Z1.1t30_R1.trimmed.fastq.gz	/home/dani/descartes_exp2/custom_dada2_preprocessing/results/01_cutadapt/run_02_optimized/trimmed_fastq/Z1.1t30_R2.trimmed.fastq.gz	/home/dani/descartes_exp2/custom_dada2_preprocessing/results/01_cutadapt/run_02_optimized/sample_logs/Z1.1t30.cutadapt.log	72440	66229	72440	66229	66123	66115	65929	47500	91.4260077305356	91.0118718939812	65.5715074544451	25.4403644395362	100	65.5715074544451
Z1.1t7	Intestine	yes	Z	7	Z.t7	64747	99.8	98.2	0	0	64747	100	/home/dani/descartes_exp2/custom_dada2_preprocessing/results/01_cutadapt/run_02_optimized/trimmed_fastq/Z1.1t7_R1.trimmed.fastq.gz	/home/dani/descartes_exp2/custom_dada2_preprocessing/results/01_cutadapt/run_02_optimized/trimmed_fastq/Z1.1t7_R2.trimmed.fastq.gz	/home/dani/descartes_exp2/custom_dada2_preprocessing/results/01_cutadapt/run_02_optimized/sample_logs/Z1.1t7.cutadapt.log	64747	59323	64747	59323	59115	59154	58638	56550	91.6227778893231	90.5648138137674	87.3399539747015	3.2248598390659	100	87.3399539747015
Z1.1t90	Intestine	yes	Z	90	Z.t90	64893	99.7	99.8	0	0	64893	100	/home/dani/descartes_exp2/custom_dada2_preprocessing/results/01_cutadapt/run_02_optimized/trimmed_fastq/Z1.1t90_R1.trimmed.fastq.gz	/home/dani/descartes_exp2/custom_dada2_preprocessing/results/01_cutadapt/run_02_optimized/trimmed_fastq/Z1.1t90_R2.trimmed.fastq.gz	/home/dani/descartes_exp2/custom_dada2_preprocessing/results/01_cutadapt/run_02_optimized/sample_logs/Z1.1t90.cutadapt.log	64893	59935	64893	59935	59903	59921	59864	58954	92.3597306335044	92.2503197571387	90.8480113417472	1.40230841539149	100	90.8480113417472
Z1.2t30	Intestine	yes	Z	30	Z.t30	79921	99.6	99.6	0	0	79921	100	/home/dani/descartes_exp2/custom_dada2_preprocessing/results/01_cutadapt/run_02_optimized/trimmed_fastq/Z1.2t30_R1.trimmed.fastq.gz	/home/dani/descartes_exp2/custom_dada2_preprocessing/results/01_cutadapt/run_02_optimized/trimmed_fastq/Z1.2t30_R2.trimmed.fastq.gz	/home/dani/descartes_exp2/custom_dada2_preprocessing/results/01_cutadapt/run_02_optimized/sample_logs/Z1.2t30.cutadapt.log	79921	71797	79921	71797	71733	71701	71607	64993	89.8349620249997	89.5972272619212	81.3215550355977	8.27567222632349	100	81.3215550355977
Z1.2t7	Intestine	yes	Z	7	Z.t7	64607	99.5	72.2	0	0	64607	100	/home/dani/descartes_exp2/custom_dada2_preprocessing/results/01_cutadapt/run_02_optimized/trimmed_fastq/Z1.2t7_R1.trimmed.fastq.gz	/home/dani/descartes_exp2/custom_dada2_preprocessing/results/01_cutadapt/run_02_optimized/trimmed_fastq/Z1.2t7_R2.trimmed.fastq.gz	/home/dani/descartes_exp2/custom_dada2_preprocessing/results/01_cutadapt/run_02_optimized/sample_logs/Z1.2t7.cutadapt.log	64607	59761	64607	59761	59678	59654	58731	51747	92.4992647855496	90.9050102930023	80.0950361415946	10.8099741514077	100	80.0950361415946
Z1.2t90	Intestine	yes	Z	90	Z.t90	64338	99.6	99.6	0	0	64338	100	/home/dani/descartes_exp2/custom_dada2_preprocessing/results/01_cutadapt/run_02_optimized/trimmed_fastq/Z1.2t90_R1.trimmed.fastq.gz	/home/dani/descartes_exp2/custom_dada2_preprocessing/results/01_cutadapt/run_02_optimized/trimmed_fastq/Z1.2t90_R2.trimmed.fastq.gz	/home/dani/descartes_exp2/custom_dada2_preprocessing/results/01_cutadapt/run_02_optimized/sample_logs/Z1.2t90.cutadapt.log	64338	57398	64338	57398	57370	57376	57368	57368	89.2132176940533	89.1665889520967	89.1665889520967	0	100	89.1665889520967
Z1.3t30	Intestine	yes	Z	30	Z.t30	62088	99.5	99.4	0	0	62088	100	/home/dani/descartes_exp2/custom_dada2_preprocessing/results/01_cutadapt/run_02_optimized/trimmed_fastq/Z1.3t30_R1.trimmed.fastq.gz	/home/dani/descartes_exp2/custom_dada2_preprocessing/results/01_cutadapt/run_02_optimized/trimmed_fastq/Z1.3t30_R2.trimmed.fastq.gz	/home/dani/descartes_exp2/custom_dada2_preprocessing/results/01_cutadapt/run_02_optimized/sample_logs/Z1.3t30.cutadapt.log	62088	56409	62088	56409	56324	56328	56255	51157	90.8533049864708	90.6052699394408	82.394343512434	8.21092642700683	100	82.394343512434
Z1.3t7	Intestine	yes	Z	7	Z.t7	68442	99.6	99.5	0	0	68442	100	/home/dani/descartes_exp2/custom_dada2_preprocessing/results/01_cutadapt/run_02_optimized/trimmed_fastq/Z1.3t7_R1.trimmed.fastq.gz	/home/dani/descartes_exp2/custom_dada2_preprocessing/results/01_cutadapt/run_02_optimized/trimmed_fastq/Z1.3t7_R2.trimmed.fastq.gz	/home/dani/descartes_exp2/custom_dada2_preprocessing/results/01_cutadapt/run_02_optimized/sample_logs/Z1.3t7.cutadapt.log	68442	61359	68442	61359	61341	61323	61318	60788	89.6510914350837	89.5911866982262	88.8168083925075	0.774378305718711	100	88.8168083925075
Z1.3t90	Intestine	yes	Z	90	Z.t90	63616	99.7	99.4	0	0	63616	100	/home/dani/descartes_exp2/custom_dada2_preprocessing/results/01_cutadapt/run_02_optimized/trimmed_fastq/Z1.3t90_R1.trimmed.fastq.gz	/home/dani/descartes_exp2/custom_dada2_preprocessing/results/01_cutadapt/run_02_optimized/trimmed_fastq/Z1.3t90_R2.trimmed.fastq.gz	/home/dani/descartes_exp2/custom_dada2_preprocessing/results/01_cutadapt/run_02_optimized/sample_logs/Z1.3t90.cutadapt.log	63616	58209	63616	58209	58188	58186	58183	58176	91.5005658953722	91.4596956740443	91.4486921529175	0.0110035211267606	100	91.4486921529175
Z1.4t30	Intestine	yes	Z	30	Z.t30	64809	99.6	99.8	0	0	64809	100	/home/dani/descartes_exp2/custom_dada2_preprocessing/results/01_cutadapt/run_02_optimized/trimmed_fastq/Z1.4t30_R1.trimmed.fastq.gz	/home/dani/descartes_exp2/custom_dada2_preprocessing/results/01_cutadapt/run_02_optimized/trimmed_fastq/Z1.4t30_R2.trimmed.fastq.gz	/home/dani/descartes_exp2/custom_dada2_preprocessing/results/01_cutadapt/run_02_optimized/sample_logs/Z1.4t30.cutadapt.log	64809	59789	64809	59789	59468	59694	59267	45234	92.2541622305544	91.4487185421778	69.795861685877	21.6528568563008	100	69.795861685877
Z1.4t7	Intestine	yes	Z	7	Z.t7	65483	99.9	99.1	0	0	65483	100	/home/dani/descartes_exp2/custom_dada2_preprocessing/results/01_cutadapt/run_02_optimized/trimmed_fastq/Z1.4t7_R1.trimmed.fastq.gz	/home/dani/descartes_exp2/custom_dada2_preprocessing/results/01_cutadapt/run_02_optimized/trimmed_fastq/Z1.4t7_R2.trimmed.fastq.gz	/home/dani/descartes_exp2/custom_dada2_preprocessing/results/01_cutadapt/run_02_optimized/sample_logs/Z1.4t7.cutadapt.log	65483	59680	65483	59680	59529	59545	59424	56791	91.1381579952049	90.7472168349037	86.7263259166501	4.02089091825359	100	86.7263259166501
Z1.4t90	Intestine	yes	Z	90	Z.t90	65836	99.7	99.3	0	0	65836	100	/home/dani/descartes_exp2/custom_dada2_preprocessing/results/01_cutadapt/run_02_optimized/trimmed_fastq/Z1.4t90_R1.trimmed.fastq.gz	/home/dani/descartes_exp2/custom_dada2_preprocessing/results/01_cutadapt/run_02_optimized/trimmed_fastq/Z1.4t90_R2.trimmed.fastq.gz	/home/dani/descartes_exp2/custom_dada2_preprocessing/results/01_cutadapt/run_02_optimized/sample_logs/Z1.4t90.cutadapt.log	65836	59853	65836	59853	59801	59812	59761	59546	90.9122668448873	90.7725256698463	90.4459566194787	0.32656905036758	100	90.4459566194787
Z1.5t30	Intestine	yes	Z	30	Z.t30	79288	99.4	99.6	0	0	79288	100	/home/dani/descartes_exp2/custom_dada2_preprocessing/results/01_cutadapt/run_02_optimized/trimmed_fastq/Z1.5t30_R1.trimmed.fastq.gz	/home/dani/descartes_exp2/custom_dada2_preprocessing/results/01_cutadapt/run_02_optimized/trimmed_fastq/Z1.5t30_R2.trimmed.fastq.gz	/home/dani/descartes_exp2/custom_dada2_preprocessing/results/01_cutadapt/run_02_optimized/sample_logs/Z1.5t30.cutadapt.log	79288	71572	79288	71572	71459	71494	71404	58466	90.2683886590657	90.0565028755928	73.7387750983756	16.3177277772172	100	73.7387750983756
Z1.5t7	Intestine	yes	Z	7	Z.t7	62610	99.7	99.5	0	0	62610	100	/home/dani/descartes_exp2/custom_dada2_preprocessing/results/01_cutadapt/run_02_optimized/trimmed_fastq/Z1.5t7_R1.trimmed.fastq.gz	/home/dani/descartes_exp2/custom_dada2_preprocessing/results/01_cutadapt/run_02_optimized/trimmed_fastq/Z1.5t7_R2.trimmed.fastq.gz	/home/dani/descartes_exp2/custom_dada2_preprocessing/results/01_cutadapt/run_02_optimized/sample_logs/Z1.5t7.cutadapt.log	62610	57139	62610	57139	57118	57112	57107	56601	91.2617792684875	91.210669222169	90.402491614758	0.808177607410957	100	90.402491614758
Z2.1t7	Intestine	yes	Z	7	Z.t7	70959	99.7	99.4	0	0	70959	100	/home/dani/descartes_exp2/custom_dada2_preprocessing/results/01_cutadapt/run_02_optimized/trimmed_fastq/Z2.1t7_R1.trimmed.fastq.gz	/home/dani/descartes_exp2/custom_dada2_preprocessing/results/01_cutadapt/run_02_optimized/trimmed_fastq/Z2.1t7_R2.trimmed.fastq.gz	/home/dani/descartes_exp2/custom_dada2_preprocessing/results/01_cutadapt/run_02_optimized/sample_logs/Z2.1t7.cutadapt.log	70959	63623	70959	63623	61749	61643	55195	39604	89.6616355923844	77.7843543454671	55.8125114502741	21.971842895193	100	55.8125114502741
Z2.1t90	Intestine	yes	Z	90	Z.t90	66389	99.9	99.5	0	0	66389	100	/home/dani/descartes_exp2/custom_dada2_preprocessing/results/01_cutadapt/run_02_optimized/trimmed_fastq/Z2.1t90_R1.trimmed.fastq.gz	/home/dani/descartes_exp2/custom_dada2_preprocessing/results/01_cutadapt/run_02_optimized/trimmed_fastq/Z2.1t90_R2.trimmed.fastq.gz	/home/dani/descartes_exp2/custom_dada2_preprocessing/results/01_cutadapt/run_02_optimized/sample_logs/Z2.1t90.cutadapt.log	66389	59947	66389	59947	59864	59707	59613	58503	90.2965852776815	89.7934898853726	88.1215261564416	1.671963728931	100	88.1215261564416
Z2.2t30	Intestine	yes	Z	30	Z.t30	66371	98	92.1	0	0	66371	100	/home/dani/descartes_exp2/custom_dada2_preprocessing/results/01_cutadapt/run_02_optimized/trimmed_fastq/Z2.2t30_R1.trimmed.fastq.gz	/home/dani/descartes_exp2/custom_dada2_preprocessing/results/01_cutadapt/run_02_optimized/trimmed_fastq/Z2.2t30_R2.trimmed.fastq.gz	/home/dani/descartes_exp2/custom_dada2_preprocessing/results/01_cutadapt/run_02_optimized/sample_logs/Z2.2t30.cutadapt.log	66371	59135	66371	59135	59023	59003	58559	56907	89.0976480691869	88.2297991592714	85.7407602718055	2.48903888746591	100	85.7407602718055
Z2.2t7	Intestine	yes	Z	7	Z.t7	66454	99	40.3	0	0	66454	100	/home/dani/descartes_exp2/custom_dada2_preprocessing/results/01_cutadapt/run_02_optimized/trimmed_fastq/Z2.2t7_R1.trimmed.fastq.gz	/home/dani/descartes_exp2/custom_dada2_preprocessing/results/01_cutadapt/run_02_optimized/trimmed_fastq/Z2.2t7_R2.trimmed.fastq.gz	/home/dani/descartes_exp2/custom_dada2_preprocessing/results/01_cutadapt/run_02_optimized/sample_logs/Z2.2t7.cutadapt.log	66454	61064	66454	61064	60654	60639	55998	44944	91.8891263129383	84.2658079272881	67.631745267403	16.634062659885	100	67.631745267403
Z2.2t90	Intestine	yes	Z	90	Z.t90	71347	99.6	99.7	0	0	71347	100	/home/dani/descartes_exp2/custom_dada2_preprocessing/results/01_cutadapt/run_02_optimized/trimmed_fastq/Z2.2t90_R1.trimmed.fastq.gz	/home/dani/descartes_exp2/custom_dada2_preprocessing/results/01_cutadapt/run_02_optimized/trimmed_fastq/Z2.2t90_R2.trimmed.fastq.gz	/home/dani/descartes_exp2/custom_dada2_preprocessing/results/01_cutadapt/run_02_optimized/sample_logs/Z2.2t90.cutadapt.log	71347	65604	71347	65604	65514	65474	65353	62521	91.9506075938722	91.598805836265	87.6294728580039	3.96933297826117	100	87.6294728580039
Z2.3t30	Intestine	yes	Z	30	Z.t30	64454	99.9	99.6	0	0	64454	100	/home/dani/descartes_exp2/custom_dada2_preprocessing/results/01_cutadapt/run_02_optimized/trimmed_fastq/Z2.3t30_R1.trimmed.fastq.gz	/home/dani/descartes_exp2/custom_dada2_preprocessing/results/01_cutadapt/run_02_optimized/trimmed_fastq/Z2.3t30_R2.trimmed.fastq.gz	/home/dani/descartes_exp2/custom_dada2_preprocessing/results/01_cutadapt/run_02_optimized/sample_logs/Z2.3t30.cutadapt.log	64454	58506	64454	58506	58442	58465	58362	49021	90.7717131597729	90.5482980109846	76.0557917274335	14.4925062835511	100	76.0557917274335
Z2.3t7	Intestine	yes	Z	7	Z.t7	63308	99.7	97.9	0	0	63308	100	/home/dani/descartes_exp2/custom_dada2_preprocessing/results/01_cutadapt/run_02_optimized/trimmed_fastq/Z2.3t7_R1.trimmed.fastq.gz	/home/dani/descartes_exp2/custom_dada2_preprocessing/results/01_cutadapt/run_02_optimized/trimmed_fastq/Z2.3t7_R2.trimmed.fastq.gz	/home/dani/descartes_exp2/custom_dada2_preprocessing/results/01_cutadapt/run_02_optimized/sample_logs/Z2.3t7.cutadapt.log	63308	55834	63308	55834	54360	54419	49369	39576	88.1942250584444	77.9822455297909	62.5134264232009	15.46881910659	100	62.5134264232009
Z2.3t90	Intestine	yes	Z	90	Z.t90	62755	99.5	99.7	0	0	62755	100	/home/dani/descartes_exp2/custom_dada2_preprocessing/results/01_cutadapt/run_02_optimized/trimmed_fastq/Z2.3t90_R1.trimmed.fastq.gz	/home/dani/descartes_exp2/custom_dada2_preprocessing/results/01_cutadapt/run_02_optimized/trimmed_fastq/Z2.3t90_R2.trimmed.fastq.gz	/home/dani/descartes_exp2/custom_dada2_preprocessing/results/01_cutadapt/run_02_optimized/sample_logs/Z2.3t90.cutadapt.log	62755	56550	62755	56550	56503	56491	56470	56339	90.112341646084	89.9848617640029	89.7761134570951	0.208748306907816	100	89.7761134570951
Z2.4t30	Intestine	yes	Z	30	Z.t30	66441	99.6	98.7	0	0	66441	100	/home/dani/descartes_exp2/custom_dada2_preprocessing/results/01_cutadapt/run_02_optimized/trimmed_fastq/Z2.4t30_R1.trimmed.fastq.gz	/home/dani/descartes_exp2/custom_dada2_preprocessing/results/01_cutadapt/run_02_optimized/trimmed_fastq/Z2.4t30_R2.trimmed.fastq.gz	/home/dani/descartes_exp2/custom_dada2_preprocessing/results/01_cutadapt/run_02_optimized/sample_logs/Z2.4t30.cutadapt.log	66441	60041	66441	60041	59991	59991	59884	56783	90.3673936274289	90.1310937523517	85.4637949458919	4.66729880645987	100	85.4637949458919
Z2.4t7	Intestine	yes	Z	7	Z.t7	63178	99.8	99.6	0	0	63178	100	/home/dani/descartes_exp2/custom_dada2_preprocessing/results/01_cutadapt/run_02_optimized/trimmed_fastq/Z2.4t7_R1.trimmed.fastq.gz	/home/dani/descartes_exp2/custom_dada2_preprocessing/results/01_cutadapt/run_02_optimized/trimmed_fastq/Z2.4t7_R2.trimmed.fastq.gz	/home/dani/descartes_exp2/custom_dada2_preprocessing/results/01_cutadapt/run_02_optimized/sample_logs/Z2.4t7.cutadapt.log	63178	55238	63178	55238	53631	53676	48291	37792	87.4323340403305	76.4364177403527	59.8182911773086	16.6181265630441	100	59.8182911773086
Z2.4t90	Intestine	yes	Z	90	Z.t90	63774	99.7	99.4	0	0	63774	100	/home/dani/descartes_exp2/custom_dada2_preprocessing/results/01_cutadapt/run_02_optimized/trimmed_fastq/Z2.4t90_R1.trimmed.fastq.gz	/home/dani/descartes_exp2/custom_dada2_preprocessing/results/01_cutadapt/run_02_optimized/trimmed_fastq/Z2.4t90_R2.trimmed.fastq.gz	/home/dani/descartes_exp2/custom_dada2_preprocessing/results/01_cutadapt/run_02_optimized/sample_logs/Z2.4t90.cutadapt.log	63774	58967	63774	58967	58934	58953	58873	56773	92.4624455107097	92.3150500203845	89.022172045034	3.29287797535046	100	89.022172045034
Z2.5t30	Intestine	yes	Z	30	Z.t30	62269	99.5	99.7	0	0	62269	100	/home/dani/descartes_exp2/custom_dada2_preprocessing/results/01_cutadapt/run_02_optimized/trimmed_fastq/Z2.5t30_R1.trimmed.fastq.gz	/home/dani/descartes_exp2/custom_dada2_preprocessing/results/01_cutadapt/run_02_optimized/trimmed_fastq/Z2.5t30_R2.trimmed.fastq.gz	/home/dani/descartes_exp2/custom_dada2_preprocessing/results/01_cutadapt/run_02_optimized/sample_logs/Z2.5t30.cutadapt.log	62269	56499	62269	56499	56435	56418	56004	41498	90.7337519471968	89.9388138560118	66.6431129454464	23.2957009105655	100	66.6431129454464
Z2.5t7	Intestine	yes	Z	7	Z.t7	62910	99.7	98.5	0	0	62910	100	/home/dani/descartes_exp2/custom_dada2_preprocessing/results/01_cutadapt/run_02_optimized/trimmed_fastq/Z2.5t7_R1.trimmed.fastq.gz	/home/dani/descartes_exp2/custom_dada2_preprocessing/results/01_cutadapt/run_02_optimized/trimmed_fastq/Z2.5t7_R2.trimmed.fastq.gz	/home/dani/descartes_exp2/custom_dada2_preprocessing/results/01_cutadapt/run_02_optimized/sample_logs/Z2.5t7.cutadapt.log	62910	58618	62910	58618	58492	58268	57847	57166	93.1775552376411	91.9519949133683	90.8694961055476	1.0824988078207	100	90.8694961055476
Z2.5t90	Intestine	yes	Z	90	Z.t90	77731	99.7	99.3	0	0	77731	100	/home/dani/descartes_exp2/custom_dada2_preprocessing/results/01_cutadapt/run_02_optimized/trimmed_fastq/Z2.5t90_R1.trimmed.fastq.gz	/home/dani/descartes_exp2/custom_dada2_preprocessing/results/01_cutadapt/run_02_optimized/trimmed_fastq/Z2.5t90_R2.trimmed.fastq.gz	/home/dani/descartes_exp2/custom_dada2_preprocessing/results/01_cutadapt/run_02_optimized/sample_logs/Z2.5t90.cutadapt.log	77731	71678	77731	71678	71539	71653	71525	71412	92.2128880369479	92.0160553704442	91.8706822245951	0.145373145849146	100	91.8706822245951
Z3	Feed	no	Z	NA	Z.Feed	76678	99.6	99.8	0	0	76678	100	/home/dani/descartes_exp2/custom_dada2_preprocessing/results/01_cutadapt/run_02_optimized/trimmed_fastq/Z3_R1.trimmed.fastq.gz	/home/dani/descartes_exp2/custom_dada2_preprocessing/results/01_cutadapt/run_02_optimized/trimmed_fastq/Z3_R2.trimmed.fastq.gz	/home/dani/descartes_exp2/custom_dada2_preprocessing/results/01_cutadapt/run_02_optimized/sample_logs/Z3.cutadapt.log	76678	70025	76678	70025	69258	69231	65856	52571	91.3234565325126	85.8864341792952	68.5607345001174	17.3256996791779	100	68.5607345001174
Z3.1t30	Intestine	yes	Z	30	Z.t30	73011	99.7	97.1	0	0	73011	100	/home/dani/descartes_exp2/custom_dada2_preprocessing/results/01_cutadapt/run_02_optimized/trimmed_fastq/Z3.1t30_R1.trimmed.fastq.gz	/home/dani/descartes_exp2/custom_dada2_preprocessing/results/01_cutadapt/run_02_optimized/trimmed_fastq/Z3.1t30_R2.trimmed.fastq.gz	/home/dani/descartes_exp2/custom_dada2_preprocessing/results/01_cutadapt/run_02_optimized/sample_logs/Z3.1t30.cutadapt.log	73011	67148	73011	67148	67055	66956	66865	65664	91.9697031954089	91.5820903699443	89.9371327608169	1.64495760912739	100	89.9371327608169
Z3.1t7	Intestine	yes	Z	7	Z.t7	71460	99.7	99.1	0	0	71460	100	/home/dani/descartes_exp2/custom_dada2_preprocessing/results/01_cutadapt/run_02_optimized/trimmed_fastq/Z3.1t7_R1.trimmed.fastq.gz	/home/dani/descartes_exp2/custom_dada2_preprocessing/results/01_cutadapt/run_02_optimized/trimmed_fastq/Z3.1t7_R2.trimmed.fastq.gz	/home/dani/descartes_exp2/custom_dada2_preprocessing/results/01_cutadapt/run_02_optimized/sample_logs/Z3.1t7.cutadapt.log	71460	59746	71460	59746	58642	58554	54473	44782	83.6076126504338	76.2286593898685	62.667226420375	13.5614329694934	100	62.667226420375
Z3.1t90	Intestine	yes	Z	90	Z.t90	72859	99.8	99.4	0	0	72859	100	/home/dani/descartes_exp2/custom_dada2_preprocessing/results/01_cutadapt/run_02_optimized/trimmed_fastq/Z3.1t90_R1.trimmed.fastq.gz	/home/dani/descartes_exp2/custom_dada2_preprocessing/results/01_cutadapt/run_02_optimized/trimmed_fastq/Z3.1t90_R2.trimmed.fastq.gz	/home/dani/descartes_exp2/custom_dada2_preprocessing/results/01_cutadapt/run_02_optimized/sample_logs/Z3.1t90.cutadapt.log	72859	67596	72859	67596	67440	67451	66664	54049	92.7764586392896	91.4972755596426	74.1830110212877	17.3142645383549	100	74.1830110212877
Z3.2t30	Intestine	yes	Z	30	Z.t30	65062	99.6	99.5	0	0	65062	100	/home/dani/descartes_exp2/custom_dada2_preprocessing/results/01_cutadapt/run_02_optimized/trimmed_fastq/Z3.2t30_R1.trimmed.fastq.gz	/home/dani/descartes_exp2/custom_dada2_preprocessing/results/01_cutadapt/run_02_optimized/trimmed_fastq/Z3.2t30_R2.trimmed.fastq.gz	/home/dani/descartes_exp2/custom_dada2_preprocessing/results/01_cutadapt/run_02_optimized/sample_logs/Z3.2t30.cutadapt.log	65062	58620	65062	58620	58568	58596	58548	58321	90.0986751098952	89.9880114352464	89.6391134610064	0.348897974239956	100	89.6391134610064
Z3.2t7	Intestine	yes	Z	7	Z.t7	64233	99.6	99.5	0	0	64233	100	/home/dani/descartes_exp2/custom_dada2_preprocessing/results/01_cutadapt/run_02_optimized/trimmed_fastq/Z3.2t7_R1.trimmed.fastq.gz	/home/dani/descartes_exp2/custom_dada2_preprocessing/results/01_cutadapt/run_02_optimized/trimmed_fastq/Z3.2t7_R2.trimmed.fastq.gz	/home/dani/descartes_exp2/custom_dada2_preprocessing/results/01_cutadapt/run_02_optimized/sample_logs/Z3.2t7.cutadapt.log	64233	57928	64233	57928	57889	57880	57850	57604	90.1841732442825	90.0627403359644	89.6797596251148	0.382980710849563	100	89.6797596251148
Z3.2t90	Intestine	yes	Z	90	Z.t90	62131	99.6	99.2	0	0	62131	100	/home/dani/descartes_exp2/custom_dada2_preprocessing/results/01_cutadapt/run_02_optimized/trimmed_fastq/Z3.2t90_R1.trimmed.fastq.gz	/home/dani/descartes_exp2/custom_dada2_preprocessing/results/01_cutadapt/run_02_optimized/trimmed_fastq/Z3.2t90_R2.trimmed.fastq.gz	/home/dani/descartes_exp2/custom_dada2_preprocessing/results/01_cutadapt/run_02_optimized/sample_logs/Z3.2t90.cutadapt.log	62131	56139	62131	56139	56130	56131	56126	56118	90.3558610033639	90.3349374708278	90.3220614508056	0.0128760200222111	100	90.3220614508056
Z3.3t30	Intestine	yes	Z	30	Z.t30	64072	99.7	97.4	0	0	64072	100	/home/dani/descartes_exp2/custom_dada2_preprocessing/results/01_cutadapt/run_02_optimized/trimmed_fastq/Z3.3t30_R1.trimmed.fastq.gz	/home/dani/descartes_exp2/custom_dada2_preprocessing/results/01_cutadapt/run_02_optimized/trimmed_fastq/Z3.3t30_R2.trimmed.fastq.gz	/home/dani/descartes_exp2/custom_dada2_preprocessing/results/01_cutadapt/run_02_optimized/sample_logs/Z3.3t30.cutadapt.log	64072	59392	64072	59392	59321	59154	58961	58570	92.6957173180172	92.0230365838432	91.4127856161818	0.610250967661381	100	91.4127856161818
Z3.3t7	Intestine	yes	Z	7	Z.t7	65152	99.8	99.3	0	0	65152	100	/home/dani/descartes_exp2/custom_dada2_preprocessing/results/01_cutadapt/run_02_optimized/trimmed_fastq/Z3.3t7_R1.trimmed.fastq.gz	/home/dani/descartes_exp2/custom_dada2_preprocessing/results/01_cutadapt/run_02_optimized/trimmed_fastq/Z3.3t7_R2.trimmed.fastq.gz	/home/dani/descartes_exp2/custom_dada2_preprocessing/results/01_cutadapt/run_02_optimized/sample_logs/Z3.3t7.cutadapt.log	65152	59630	65152	59630	59556	59568	59503	58791	91.5244351669941	91.3295063850688	90.2366773084479	1.09282907662083	100	90.2366773084479
Z3.3t90	Intestine	yes	Z	90	Z.t90	72191	99.6	99.5	0	0	72191	100	/home/dani/descartes_exp2/custom_dada2_preprocessing/results/01_cutadapt/run_02_optimized/trimmed_fastq/Z3.3t90_R1.trimmed.fastq.gz	/home/dani/descartes_exp2/custom_dada2_preprocessing/results/01_cutadapt/run_02_optimized/trimmed_fastq/Z3.3t90_R2.trimmed.fastq.gz	/home/dani/descartes_exp2/custom_dada2_preprocessing/results/01_cutadapt/run_02_optimized/sample_logs/Z3.3t90.cutadapt.log	72191	66254	72191	66254	66213	66186	65984	65920	91.7759831557951	91.4019753154825	91.3133216051862	0.0886537102962973	100	91.3133216051862
Z3.4t30	Intestine	yes	Z	30	Z.t30	67564	99.6	97.3	0	0	67564	100	/home/dani/descartes_exp2/custom_dada2_preprocessing/results/01_cutadapt/run_02_optimized/trimmed_fastq/Z3.4t30_R1.trimmed.fastq.gz	/home/dani/descartes_exp2/custom_dada2_preprocessing/results/01_cutadapt/run_02_optimized/trimmed_fastq/Z3.4t30_R2.trimmed.fastq.gz	/home/dani/descartes_exp2/custom_dada2_preprocessing/results/01_cutadapt/run_02_optimized/sample_logs/Z3.4t30.cutadapt.log	67564	61778	67564	61778	61658	61636	61496	60530	91.4362678349417	91.0188857971701	89.5891303060802	1.42975549108993	100	89.5891303060802
Z3.4t7	Intestine	yes	Z	7	Z.t7	62127	100	79.5	0	0	62127	100	/home/dani/descartes_exp2/custom_dada2_preprocessing/results/01_cutadapt/run_02_optimized/trimmed_fastq/Z3.4t7_R1.trimmed.fastq.gz	/home/dani/descartes_exp2/custom_dada2_preprocessing/results/01_cutadapt/run_02_optimized/trimmed_fastq/Z3.4t7_R2.trimmed.fastq.gz	/home/dani/descartes_exp2/custom_dada2_preprocessing/results/01_cutadapt/run_02_optimized/sample_logs/Z3.4t7.cutadapt.log	62127	58271	62127	58271	58137	58101	57556	55727	93.7933587651102	92.6424903826034	89.6985207719671	2.94396961063628	100	89.6985207719671
Z3.4t90	Intestine	yes	Z	90	Z.t90	66550	99.6	99.4	0	0	66550	100	/home/dani/descartes_exp2/custom_dada2_preprocessing/results/01_cutadapt/run_02_optimized/trimmed_fastq/Z3.4t90_R1.trimmed.fastq.gz	/home/dani/descartes_exp2/custom_dada2_preprocessing/results/01_cutadapt/run_02_optimized/trimmed_fastq/Z3.4t90_R2.trimmed.fastq.gz	/home/dani/descartes_exp2/custom_dada2_preprocessing/results/01_cutadapt/run_02_optimized/sample_logs/Z3.4t90.cutadapt.log	66550	59759	66550	59759	59684	59685	59614	59583	89.7956423741548	89.5777610818933	89.5311795642374	0.0465815176558978	100	89.5311795642374
Z3.5t30	Intestine	yes	Z	30	Z.t30	63913	99.6	71.3	0	0	63913	100	/home/dani/descartes_exp2/custom_dada2_preprocessing/results/01_cutadapt/run_02_optimized/trimmed_fastq/Z3.5t30_R1.trimmed.fastq.gz	/home/dani/descartes_exp2/custom_dada2_preprocessing/results/01_cutadapt/run_02_optimized/trimmed_fastq/Z3.5t30_R2.trimmed.fastq.gz	/home/dani/descartes_exp2/custom_dada2_preprocessing/results/01_cutadapt/run_02_optimized/sample_logs/Z3.5t30.cutadapt.log	63913	59089	63913	59089	58836	58791	57854	51348	92.4522397634284	90.5199255237589	80.3404628166414	10.1794627071175	100	80.3404628166414
Z3.5t7	Intestine	yes	Z	7	Z.t7	66440	99.7	99.7	0	0	66440	100	/home/dani/descartes_exp2/custom_dada2_preprocessing/results/01_cutadapt/run_02_optimized/trimmed_fastq/Z3.5t7_R1.trimmed.fastq.gz	/home/dani/descartes_exp2/custom_dada2_preprocessing/results/01_cutadapt/run_02_optimized/trimmed_fastq/Z3.5t7_R2.trimmed.fastq.gz	/home/dani/descartes_exp2/custom_dada2_preprocessing/results/01_cutadapt/run_02_optimized/sample_logs/Z3.5t7.cutadapt.log	66440	59808	66440	59808	59791	59800	59634	48849	90.0180614087899	89.7561709813366	73.5234798314269	16.2326911499097	100	73.5234798314269
Z3.5t90	Intestine	yes	Z	90	Z.t90	69459	99.7	99.5	0	0	69459	100	/home/dani/descartes_exp2/custom_dada2_preprocessing/results/01_cutadapt/run_02_optimized/trimmed_fastq/Z3.5t90_R1.trimmed.fastq.gz	/home/dani/descartes_exp2/custom_dada2_preprocessing/results/01_cutadapt/run_02_optimized/trimmed_fastq/Z3.5t90_R2.trimmed.fastq.gz	/home/dani/descartes_exp2/custom_dada2_preprocessing/results/01_cutadapt/run_02_optimized/sample_logs/Z3.5t90.cutadapt.log	69459	63675	69459	63675	63659	63658	63657	63657	91.6727853841835	91.646870815877	91.646870815877	0	100	91.646870815877
