"sample_id","Axis1","Axis2","sample_id_clean","sample_type","include_qc","include_biological_analysis","diet_code","diet_label","hydrolysate_percent","fishmeal_percent","timepoint_day","tank","fish","group","forward_raw","reverse_raw","forward_symlink","reverse_symlink","treatment","treatment_label","timepoint_label","pairs_processed","pairs_written","reads.out","merged","nonchim","raw_to_nonchim_pct","timepoint","hydro_group","diet_label_short","diet_time","taxonomic_level","distance"
"X1.1t30",0.31027079746684,-0.00695601657103066,"Ctrl_D30_Tk1_F01","Intestine","yes","yes","Ctrl","control",0,30,30,1,1,"Ctrl_D30","/home/dani/descartes_exp2/result_X204SC25103850-Z01-F001/01.RawData/X1.1t30/X1.1t30.raw_1.fastq.gz","/home/dani/descartes_exp2/result_X204SC25103850-Z01-F001/01.RawData/X1.1t30/X1.1t30.raw_2.fastq.gz","/home/dani/descartes_exp2/custom_dada2_preprocessing/data/raw_reads/by_sample/X1.1t30/X1.1t30.raw_1.fastq.gz","/home/dani/descartes_exp2/custom_dada2_preprocessing/data/raw_reads/by_sample/X1.1t30/X1.1t30.raw_2.fastq.gz","Ctrl","control","D30",69656,69656,64833,64786,55037,79.0125760882049,"D30","Ctrl","Control","Ctrl_D30","ASV","bray"
"X1.1t7",-0.567825468651066,-0.227234858988617,"Ctrl_D07_Tk1_F01","Intestine","yes","yes","Ctrl","control",0,30,7,1,1,"Ctrl_D07","/home/dani/descartes_exp2/result_X204SC25103850-Z01-F001/01.RawData/X1.1t7/X1.1t7.raw_1.fastq.gz","/home/dani/descartes_exp2/result_X204SC25103850-Z01-F001/01.RawData/X1.1t7/X1.1t7.raw_2.fastq.gz","/home/dani/descartes_exp2/custom_dada2_preprocessing/data/raw_reads/by_sample/X1.1t7/X1.1t7.raw_1.fastq.gz","/home/dani/descartes_exp2/custom_dada2_preprocessing/data/raw_reads/by_sample/X1.1t7/X1.1t7.raw_2.fastq.gz","Ctrl","control","D07",81909,81909,77144,70326,70309,85.837942106484,"D07","Ctrl","Control","Ctrl_D07","ASV","bray"
"X1.1t90",-0.520805686784214,-0.246992581981246,"Ctrl_D90_Tk1_F01","Intestine","yes","yes","Ctrl","control",0,30,90,1,1,"Ctrl_D90","/home/dani/descartes_exp2/result_X204SC25103850-Z01-F001/01.RawData/X1.1t90/X1.1t90.raw_1.fastq.gz","/home/dani/descartes_exp2/result_X204SC25103850-Z01-F001/01.RawData/X1.1t90/X1.1t90.raw_2.fastq.gz","/home/dani/descartes_exp2/custom_dada2_preprocessing/data/raw_reads/by_sample/X1.1t90/X1.1t90.raw_1.fastq.gz","/home/dani/descartes_exp2/custom_dada2_preprocessing/data/raw_reads/by_sample/X1.1t90/X1.1t90.raw_2.fastq.gz","Ctrl","control","D90",65837,65837,61410,61212,59048,89.6881692665219,"D90","Ctrl","Control","Ctrl_D90","ASV","bray"
"X1.2t30",0.346736093662707,-0.0541266040238544,"Ctrl_D30_Tk1_F02","Intestine","yes","yes","Ctrl","control",0,30,30,1,2,"Ctrl_D30","/home/dani/descartes_exp2/result_X204SC25103850-Z01-F001/01.RawData/X1.2t30/X1.2t30.raw_1.fastq.gz","/home/dani/descartes_exp2/result_X204SC25103850-Z01-F001/01.RawData/X1.2t30/X1.2t30.raw_2.fastq.gz","/home/dani/descartes_exp2/custom_dada2_preprocessing/data/raw_reads/by_sample/X1.2t30/X1.2t30.raw_1.fastq.gz","/home/dani/descartes_exp2/custom_dada2_preprocessing/data/raw_reads/by_sample/X1.2t30/X1.2t30.raw_2.fastq.gz","Ctrl","control","D30",75345,75345,69058,68914,66628,88.4305527904971,"D30","Ctrl","Control","Ctrl_D30","ASV","bray"
"X1.2t7",0.382362454659996,-0.0980621949183142,"Ctrl_D07_Tk1_F02","Intestine","yes","yes","Ctrl","control",0,30,7,1,2,"Ctrl_D07","/home/dani/descartes_exp2/result_X204SC25103850-Z01-F001/01.RawData/X1.2t7/X1.2t7.raw_1.fastq.gz","/home/dani/descartes_exp2/result_X204SC25103850-Z01-F001/01.RawData/X1.2t7/X1.2t7.raw_2.fastq.gz","/home/dani/descartes_exp2/custom_dada2_preprocessing/data/raw_reads/by_sample/X1.2t7/X1.2t7.raw_1.fastq.gz","/home/dani/descartes_exp2/custom_dada2_preprocessing/data/raw_reads/by_sample/X1.2t7/X1.2t7.raw_2.fastq.gz","Ctrl","control","D07",62125,62125,57018,52422,52196,84.0177062374246,"D07","Ctrl","Control","Ctrl_D07","ASV","bray"
"X1.2t90",0.331109196367379,-0.139779601762188,"Ctrl_D90_Tk1_F02","Intestine","yes","yes","Ctrl","control",0,30,90,1,2,"Ctrl_D90","/home/dani/descartes_exp2/result_X204SC25103850-Z01-F001/01.RawData/X1.2t90/X1.2t90.raw_1.fastq.gz","/home/dani/descartes_exp2/result_X204SC25103850-Z01-F001/01.RawData/X1.2t90/X1.2t90.raw_2.fastq.gz","/home/dani/descartes_exp2/custom_dada2_preprocessing/data/raw_reads/by_sample/X1.2t90/X1.2t90.raw_1.fastq.gz","/home/dani/descartes_exp2/custom_dada2_preprocessing/data/raw_reads/by_sample/X1.2t90/X1.2t90.raw_2.fastq.gz","Ctrl","control","D90",64382,64382,58856,58769,56124,87.1734335683887,"D90","Ctrl","Control","Ctrl_D90","ASV","bray"
"X1.3t30",0.385069692568673,-0.0999777086197723,"Ctrl_D30_Tk1_F03","Intestine","yes","yes","Ctrl","control",0,30,30,1,3,"Ctrl_D30","/home/dani/descartes_exp2/result_X204SC25103850-Z01-F001/01.RawData/X1.3t30/X1.3t30.raw_1.fastq.gz","/home/dani/descartes_exp2/result_X204SC25103850-Z01-F001/01.RawData/X1.3t30/X1.3t30.raw_2.fastq.gz","/home/dani/descartes_exp2/custom_dada2_preprocessing/data/raw_reads/by_sample/X1.3t30/X1.3t30.raw_1.fastq.gz","/home/dani/descartes_exp2/custom_dada2_preprocessing/data/raw_reads/by_sample/X1.3t30/X1.3t30.raw_2.fastq.gz","Ctrl","control","D30",63556,63556,57927,57688,57242,90.0654540877337,"D30","Ctrl","Control","Ctrl_D30","ASV","bray"
"X1.3t7",-0.180585614075927,0.553040473224442,"Ctrl_D07_Tk1_F03","Intestine","yes","yes","Ctrl","control",0,30,7,1,3,"Ctrl_D07","/home/dani/descartes_exp2/result_X204SC25103850-Z01-F001/01.RawData/X1.3t7/X1.3t7.raw_1.fastq.gz","/home/dani/descartes_exp2/result_X204SC25103850-Z01-F001/01.RawData/X1.3t7/X1.3t7.raw_2.fastq.gz","/home/dani/descartes_exp2/custom_dada2_preprocessing/data/raw_reads/by_sample/X1.3t7/X1.3t7.raw_1.fastq.gz","/home/dani/descartes_exp2/custom_dada2_preprocessing/data/raw_reads/by_sample/X1.3t7/X1.3t7.raw_2.fastq.gz","Ctrl","control","D07",63569,63569,56825,54233,49561,77.9641019994022,"D07","Ctrl","Control","Ctrl_D07","ASV","bray"
"X1.3t90",-0.58808136179368,-0.24397620920864,"Ctrl_D90_Tk1_F03","Intestine","yes","yes","Ctrl","control",0,30,90,1,3,"Ctrl_D90","/home/dani/descartes_exp2/result_X204SC25103850-Z01-F001/01.RawData/X1.3t90/X1.3t90.raw_1.fastq.gz","/home/dani/descartes_exp2/result_X204SC25103850-Z01-F001/01.RawData/X1.3t90/X1.3t90.raw_2.fastq.gz","/home/dani/descartes_exp2/custom_dada2_preprocessing/data/raw_reads/by_sample/X1.3t90/X1.3t90.raw_1.fastq.gz","/home/dani/descartes_exp2/custom_dada2_preprocessing/data/raw_reads/by_sample/X1.3t90/X1.3t90.raw_2.fastq.gz","Ctrl","control","D90",63635,63635,58439,58305,57396,90.1956470495796,"D90","Ctrl","Control","Ctrl_D90","ASV","bray"
"X1.4t30",0.379014824134486,-0.0708434223050034,"Ctrl_D30_Tk1_F04","Intestine","yes","yes","Ctrl","control",0,30,30,1,4,"Ctrl_D30","/home/dani/descartes_exp2/result_X204SC25103850-Z01-F001/01.RawData/X1.4t30/X1.4t30.raw_1.fastq.gz","/home/dani/descartes_exp2/result_X204SC25103850-Z01-F001/01.RawData/X1.4t30/X1.4t30.raw_2.fastq.gz","/home/dani/descartes_exp2/custom_dada2_preprocessing/data/raw_reads/by_sample/X1.4t30/X1.4t30.raw_1.fastq.gz","/home/dani/descartes_exp2/custom_dada2_preprocessing/data/raw_reads/by_sample/X1.4t30/X1.4t30.raw_2.fastq.gz","Ctrl","control","D30",65358,65358,60625,60535,52099,79.7132715199363,"D30","Ctrl","Control","Ctrl_D30","ASV","bray"
"X1.4t7",-0.180334743249509,0.473236616524219,"Ctrl_D07_Tk1_F04","Intestine","yes","yes","Ctrl","control",0,30,7,1,4,"Ctrl_D07","/home/dani/descartes_exp2/result_X204SC25103850-Z01-F001/01.RawData/X1.4t7/X1.4t7.raw_1.fastq.gz","/home/dani/descartes_exp2/result_X204SC25103850-Z01-F001/01.RawData/X1.4t7/X1.4t7.raw_2.fastq.gz","/home/dani/descartes_exp2/custom_dada2_preprocessing/data/raw_reads/by_sample/X1.4t7/X1.4t7.raw_1.fastq.gz","/home/dani/descartes_exp2/custom_dada2_preprocessing/data/raw_reads/by_sample/X1.4t7/X1.4t7.raw_2.fastq.gz","Ctrl","control","D07",76027,76027,68881,67564,65525,86.1864863798387,"D07","Ctrl","Control","Ctrl_D07","ASV","bray"
"X1.4t90",0.338871942278653,-0.112417780274408,"Ctrl_D90_Tk1_F04","Intestine","yes","yes","Ctrl","control",0,30,90,1,4,"Ctrl_D90","/home/dani/descartes_exp2/result_X204SC25103850-Z01-F001/01.RawData/X1.4t90/X1.4t90.raw_1.fastq.gz","/home/dani/descartes_exp2/result_X204SC25103850-Z01-F001/01.RawData/X1.4t90/X1.4t90.raw_2.fastq.gz","/home/dani/descartes_exp2/custom_dada2_preprocessing/data/raw_reads/by_sample/X1.4t90/X1.4t90.raw_1.fastq.gz","/home/dani/descartes_exp2/custom_dada2_preprocessing/data/raw_reads/by_sample/X1.4t90/X1.4t90.raw_2.fastq.gz","Ctrl","control","D90",65964,65964,59942,59779,57543,87.233945788612,"D90","Ctrl","Control","Ctrl_D90","ASV","bray"
"X1.5t30",0.393394059433813,-0.0871910255676082,"Ctrl_D30_Tk1_F05","Intestine","yes","yes","Ctrl","control",0,30,30,1,5,"Ctrl_D30","/home/dani/descartes_exp2/result_X204SC25103850-Z01-F001/01.RawData/X1.5t30/X1.5t30.raw_1.fastq.gz","/home/dani/descartes_exp2/result_X204SC25103850-Z01-F001/01.RawData/X1.5t30/X1.5t30.raw_2.fastq.gz","/home/dani/descartes_exp2/custom_dada2_preprocessing/data/raw_reads/by_sample/X1.5t30/X1.5t30.raw_1.fastq.gz","/home/dani/descartes_exp2/custom_dada2_preprocessing/data/raw_reads/by_sample/X1.5t30/X1.5t30.raw_2.fastq.gz","Ctrl","control","D30",78607,78607,72906,72437,71077,90.4207004465251,"D30","Ctrl","Control","Ctrl_D30","ASV","bray"
"X1.5t7",-0.181474622441137,0.465106062593497,"Ctrl_D07_Tk1_F05","Intestine","yes","yes","Ctrl","control",0,30,7,1,5,"Ctrl_D07","/home/dani/descartes_exp2/result_X204SC25103850-Z01-F001/01.RawData/X1.5t7/X1.5t7.raw_1.fastq.gz","/home/dani/descartes_exp2/result_X204SC25103850-Z01-F001/01.RawData/X1.5t7/X1.5t7.raw_2.fastq.gz","/home/dani/descartes_exp2/custom_dada2_preprocessing/data/raw_reads/by_sample/X1.5t7/X1.5t7.raw_1.fastq.gz","/home/dani/descartes_exp2/custom_dada2_preprocessing/data/raw_reads/by_sample/X1.5t7/X1.5t7.raw_2.fastq.gz","Ctrl","control","D07",66218,66218,59708,57357,56215,84.8938355130025,"D07","Ctrl","Control","Ctrl_D07","ASV","bray"
"X1.5t90",0.276860619717058,-0.115879729612558,"Ctrl_D90_Tk1_F05","Intestine","yes","yes","Ctrl","control",0,30,90,1,5,"Ctrl_D90","/home/dani/descartes_exp2/result_X204SC25103850-Z01-F001/01.RawData/X1.5t90/X1.5t90.raw_1.fastq.gz","/home/dani/descartes_exp2/result_X204SC25103850-Z01-F001/01.RawData/X1.5t90/X1.5t90.raw_2.fastq.gz","/home/dani/descartes_exp2/custom_dada2_preprocessing/data/raw_reads/by_sample/X1.5t90/X1.5t90.raw_1.fastq.gz","/home/dani/descartes_exp2/custom_dada2_preprocessing/data/raw_reads/by_sample/X1.5t90/X1.5t90.raw_2.fastq.gz","Ctrl","control","D90",64173,64173,59591,59366,56855,88.5964502204977,"D90","Ctrl","Control","Ctrl_D90","ASV","bray"
"X2.1t30",0.387305795584126,-0.0715720920550166,"Ctrl_D30_Tk2_F01","Intestine","yes","yes","Ctrl","control",0,30,30,2,1,"Ctrl_D30","/home/dani/descartes_exp2/result_X204SC25103850-Z01-F001/01.RawData/X2.1t30/X2.1t30.raw_1.fastq.gz","/home/dani/descartes_exp2/result_X204SC25103850-Z01-F001/01.RawData/X2.1t30/X2.1t30.raw_2.fastq.gz","/home/dani/descartes_exp2/custom_dada2_preprocessing/data/raw_reads/by_sample/X2.1t30/X2.1t30.raw_1.fastq.gz","/home/dani/descartes_exp2/custom_dada2_preprocessing/data/raw_reads/by_sample/X2.1t30/X2.1t30.raw_2.fastq.gz","Ctrl","control","D30",64301,64301,59077,58925,53953,83.9069376837063,"D30","Ctrl","Control","Ctrl_D30","ASV","bray"
"X2.1t7",-0.208442471343093,0.612874427442834,"Ctrl_D07_Tk2_F01","Intestine","yes","yes","Ctrl","control",0,30,7,2,1,"Ctrl_D07","/home/dani/descartes_exp2/result_X204SC25103850-Z01-F001/01.RawData/X2.1t7/X2.1t7.raw_1.fastq.gz","/home/dani/descartes_exp2/result_X204SC25103850-Z01-F001/01.RawData/X2.1t7/X2.1t7.raw_2.fastq.gz","/home/dani/descartes_exp2/custom_dada2_preprocessing/data/raw_reads/by_sample/X2.1t7/X2.1t7.raw_1.fastq.gz","/home/dani/descartes_exp2/custom_dada2_preprocessing/data/raw_reads/by_sample/X2.1t7/X2.1t7.raw_2.fastq.gz","Ctrl","control","D07",62030,62030,54110,46426,43573,70.2450427212639,"D07","Ctrl","Control","Ctrl_D07","ASV","bray"
"X2.1t90",-0.163336434913685,0.207625864548688,"Ctrl_D90_Tk2_F01","Intestine","yes","yes","Ctrl","control",0,30,90,2,1,"Ctrl_D90","/home/dani/descartes_exp2/result_X204SC25103850-Z01-F001/01.RawData/X2.1t90/X2.1t90.raw_1.fastq.gz","/home/dani/descartes_exp2/result_X204SC25103850-Z01-F001/01.RawData/X2.1t90/X2.1t90.raw_2.fastq.gz","/home/dani/descartes_exp2/custom_dada2_preprocessing/data/raw_reads/by_sample/X2.1t90/X2.1t90.raw_1.fastq.gz","/home/dani/descartes_exp2/custom_dada2_preprocessing/data/raw_reads/by_sample/X2.1t90/X2.1t90.raw_2.fastq.gz","Ctrl","control","D90",63727,63727,59564,59477,57773,90.6570213567248,"D90","Ctrl","Control","Ctrl_D90","ASV","bray"
"X2.2t30",0.398990826854732,-0.103642071956748,"Ctrl_D30_Tk2_F02","Intestine","yes","yes","Ctrl","control",0,30,30,2,2,"Ctrl_D30","/home/dani/descartes_exp2/result_X204SC25103850-Z01-F001/01.RawData/X2.2t30/X2.2t30.raw_1.fastq.gz","/home/dani/descartes_exp2/result_X204SC25103850-Z01-F001/01.RawData/X2.2t30/X2.2t30.raw_2.fastq.gz","/home/dani/descartes_exp2/custom_dada2_preprocessing/data/raw_reads/by_sample/X2.2t30/X2.2t30.raw_1.fastq.gz","/home/dani/descartes_exp2/custom_dada2_preprocessing/data/raw_reads/by_sample/X2.2t30/X2.2t30.raw_2.fastq.gz","Ctrl","control","D30",62029,62029,55250,55199,54720,88.2168018185043,"D30","Ctrl","Control","Ctrl_D30","ASV","bray"
"X2.2t7",0.397082305448599,-0.0979912349304809,"Ctrl_D07_Tk2_F02","Intestine","yes","yes","Ctrl","control",0,30,7,2,2,"Ctrl_D07","/home/dani/descartes_exp2/result_X204SC25103850-Z01-F001/01.RawData/X2.2t7/X2.2t7.raw_1.fastq.gz","/home/dani/descartes_exp2/result_X204SC25103850-Z01-F001/01.RawData/X2.2t7/X2.2t7.raw_2.fastq.gz","/home/dani/descartes_exp2/custom_dada2_preprocessing/data/raw_reads/by_sample/X2.2t7/X2.2t7.raw_1.fastq.gz","/home/dani/descartes_exp2/custom_dada2_preprocessing/data/raw_reads/by_sample/X2.2t7/X2.2t7.raw_2.fastq.gz","Ctrl","control","D07",65290,65290,60049,60007,57825,88.566396079032,"D07","Ctrl","Control","Ctrl_D07","ASV","bray"
"X2.2t90",-0.370964836852847,-0.188891879321865,"Ctrl_D90_Tk2_F02","Intestine","yes","yes","Ctrl","control",0,30,90,2,2,"Ctrl_D90","/home/dani/descartes_exp2/result_X204SC25103850-Z01-F001/01.RawData/X2.2t90/X2.2t90.raw_1.fastq.gz","/home/dani/descartes_exp2/result_X204SC25103850-Z01-F001/01.RawData/X2.2t90/X2.2t90.raw_2.fastq.gz","/home/dani/descartes_exp2/custom_dada2_preprocessing/data/raw_reads/by_sample/X2.2t90/X2.2t90.raw_1.fastq.gz","/home/dani/descartes_exp2/custom_dada2_preprocessing/data/raw_reads/by_sample/X2.2t90/X2.2t90.raw_2.fastq.gz","Ctrl","control","D90",47463,47463,44008,43494,42420,89.3748814866317,"D90","Ctrl","Control","Ctrl_D90","ASV","bray"
"X2.3t30",0.393169224639244,-0.100043227858409,"Ctrl_D30_Tk2_F03","Intestine","yes","yes","Ctrl","control",0,30,30,2,3,"Ctrl_D30","/home/dani/descartes_exp2/result_X204SC25103850-Z01-F001/01.RawData/X2.3t30/X2.3t30.raw_1.fastq.gz","/home/dani/descartes_exp2/result_X204SC25103850-Z01-F001/01.RawData/X2.3t30/X2.3t30.raw_2.fastq.gz","/home/dani/descartes_exp2/custom_dada2_preprocessing/data/raw_reads/by_sample/X2.3t30/X2.3t30.raw_1.fastq.gz","/home/dani/descartes_exp2/custom_dada2_preprocessing/data/raw_reads/by_sample/X2.3t30/X2.3t30.raw_2.fastq.gz","Ctrl","control","D30",65270,65270,59527,59314,58075,88.9765589091466,"D30","Ctrl","Control","Ctrl_D30","ASV","bray"
"X2.3t7",0.257865892179733,-0.000461133660005563,"Ctrl_D07_Tk2_F03","Intestine","yes","yes","Ctrl","control",0,30,7,2,3,"Ctrl_D07","/home/dani/descartes_exp2/result_X204SC25103850-Z01-F001/01.RawData/X2.3t7/X2.3t7.raw_1.fastq.gz","/home/dani/descartes_exp2/result_X204SC25103850-Z01-F001/01.RawData/X2.3t7/X2.3t7.raw_2.fastq.gz","/home/dani/descartes_exp2/custom_dada2_preprocessing/data/raw_reads/by_sample/X2.3t7/X2.3t7.raw_1.fastq.gz","/home/dani/descartes_exp2/custom_dada2_preprocessing/data/raw_reads/by_sample/X2.3t7/X2.3t7.raw_2.fastq.gz","Ctrl","control","D07",63348,63348,58787,58697,56945,89.8923407210962,"D07","Ctrl","Control","Ctrl_D07","ASV","bray"
"X2.3t90",-0.324325550299478,-0.304595221860067,"Ctrl_D90_Tk2_F03","Intestine","yes","yes","Ctrl","control",0,30,90,2,3,"Ctrl_D90","/home/dani/descartes_exp2/result_X204SC25103850-Z01-F001/01.RawData/X2.3t90/X2.3t90.raw_1.fastq.gz","/home/dani/descartes_exp2/result_X204SC25103850-Z01-F001/01.RawData/X2.3t90/X2.3t90.raw_2.fastq.gz","/home/dani/descartes_exp2/custom_dada2_preprocessing/data/raw_reads/by_sample/X2.3t90/X2.3t90.raw_1.fastq.gz","/home/dani/descartes_exp2/custom_dada2_preprocessing/data/raw_reads/by_sample/X2.3t90/X2.3t90.raw_2.fastq.gz","Ctrl","control","D90",60140,60140,55623,55503,53666,89.235118057865,"D90","Ctrl","Control","Ctrl_D90","ASV","bray"
"X2.4t30",0.394237216327578,-0.0965771433479171,"Ctrl_D30_Tk2_F04","Intestine","yes","yes","Ctrl","control",0,30,30,2,4,"Ctrl_D30","/home/dani/descartes_exp2/result_X204SC25103850-Z01-F001/01.RawData/X2.4t30/X2.4t30.raw_1.fastq.gz","/home/dani/descartes_exp2/result_X204SC25103850-Z01-F001/01.RawData/X2.4t30/X2.4t30.raw_2.fastq.gz","/home/dani/descartes_exp2/custom_dada2_preprocessing/data/raw_reads/by_sample/X2.4t30/X2.4t30.raw_1.fastq.gz","/home/dani/descartes_exp2/custom_dada2_preprocessing/data/raw_reads/by_sample/X2.4t30/X2.4t30.raw_2.fastq.gz","Ctrl","control","D30",65068,65068,58373,58286,57890,88.9684637609885,"D30","Ctrl","Control","Ctrl_D30","ASV","bray"
"X2.4t7",-0.0698595085994855,0.370684027573216,"Ctrl_D07_Tk2_F04","Intestine","yes","yes","Ctrl","control",0,30,7,2,4,"Ctrl_D07","/home/dani/descartes_exp2/result_X204SC25103850-Z01-F001/01.RawData/X2.4t7/X2.4t7.raw_1.fastq.gz","/home/dani/descartes_exp2/result_X204SC25103850-Z01-F001/01.RawData/X2.4t7/X2.4t7.raw_2.fastq.gz","/home/dani/descartes_exp2/custom_dada2_preprocessing/data/raw_reads/by_sample/X2.4t7/X2.4t7.raw_1.fastq.gz","/home/dani/descartes_exp2/custom_dada2_preprocessing/data/raw_reads/by_sample/X2.4t7/X2.4t7.raw_2.fastq.gz","Ctrl","control","D07",79128,79128,72511,64535,63680,80.4772014963098,"D07","Ctrl","Control","Ctrl_D07","ASV","bray"
"X2.4t90",-0.573564603203018,-0.215799632074399,"Ctrl_D90_Tk2_F04","Intestine","yes","yes","Ctrl","control",0,30,90,2,4,"Ctrl_D90","/home/dani/descartes_exp2/result_X204SC25103850-Z01-F001/01.RawData/X2.4t90/X2.4t90.raw_1.fastq.gz","/home/dani/descartes_exp2/result_X204SC25103850-Z01-F001/01.RawData/X2.4t90/X2.4t90.raw_2.fastq.gz","/home/dani/descartes_exp2/custom_dada2_preprocessing/data/raw_reads/by_sample/X2.4t90/X2.4t90.raw_1.fastq.gz","/home/dani/descartes_exp2/custom_dada2_preprocessing/data/raw_reads/by_sample/X2.4t90/X2.4t90.raw_2.fastq.gz","Ctrl","control","D90",83523,83523,79340,79231,79207,94.832561090957,"D90","Ctrl","Control","Ctrl_D90","ASV","bray"
"X2.5t30",0.396871558735489,-0.102009426131115,"Ctrl_D30_Tk2_F05","Intestine","yes","yes","Ctrl","control",0,30,30,2,5,"Ctrl_D30","/home/dani/descartes_exp2/result_X204SC25103850-Z01-F001/01.RawData/X2.5t30/X2.5t30.raw_1.fastq.gz","/home/dani/descartes_exp2/result_X204SC25103850-Z01-F001/01.RawData/X2.5t30/X2.5t30.raw_2.fastq.gz","/home/dani/descartes_exp2/custom_dada2_preprocessing/data/raw_reads/by_sample/X2.5t30/X2.5t30.raw_1.fastq.gz","/home/dani/descartes_exp2/custom_dada2_preprocessing/data/raw_reads/by_sample/X2.5t30/X2.5t30.raw_2.fastq.gz","Ctrl","control","D30",63981,63981,58343,58293,57897,90.4909269939513,"D30","Ctrl","Control","Ctrl_D30","ASV","bray"
"X2.5t7",0.397460458872423,-0.100892251711717,"Ctrl_D07_Tk2_F05","Intestine","yes","yes","Ctrl","control",0,30,7,2,5,"Ctrl_D07","/home/dani/descartes_exp2/result_X204SC25103850-Z01-F001/01.RawData/X2.5t7/X2.5t7.raw_1.fastq.gz","/home/dani/descartes_exp2/result_X204SC25103850-Z01-F001/01.RawData/X2.5t7/X2.5t7.raw_2.fastq.gz","/home/dani/descartes_exp2/custom_dada2_preprocessing/data/raw_reads/by_sample/X2.5t7/X2.5t7.raw_1.fastq.gz","/home/dani/descartes_exp2/custom_dada2_preprocessing/data/raw_reads/by_sample/X2.5t7/X2.5t7.raw_2.fastq.gz","Ctrl","control","D07",65788,65788,59504,59134,58859,89.4676840761233,"D07","Ctrl","Control","Ctrl_D07","ASV","bray"
"X2.5t90",-0.527939118977329,-0.222582825106396,"Ctrl_D90_Tk2_F05","Intestine","yes","yes","Ctrl","control",0,30,90,2,5,"Ctrl_D90","/home/dani/descartes_exp2/result_X204SC25103850-Z01-F001/01.RawData/X2.5t90/X2.5t90.raw_1.fastq.gz","/home/dani/descartes_exp2/result_X204SC25103850-Z01-F001/01.RawData/X2.5t90/X2.5t90.raw_2.fastq.gz","/home/dani/descartes_exp2/custom_dada2_preprocessing/data/raw_reads/by_sample/X2.5t90/X2.5t90.raw_1.fastq.gz","/home/dani/descartes_exp2/custom_dada2_preprocessing/data/raw_reads/by_sample/X2.5t90/X2.5t90.raw_2.fastq.gz","Ctrl","control","D90",31070,31070,28762,28661,28644,92.1918249114902,"D90","Ctrl","Control","Ctrl_D90","ASV","bray"
"X3.1t30",-0.0974137563277869,0.212586442868019,"Ctrl_D30_Tk3_F01","Intestine","yes","yes","Ctrl","control",0,30,30,3,1,"Ctrl_D30","/home/dani/descartes_exp2/result_X204SC25103850-Z01-F001/01.RawData/X3.1t30/X3.1t30.raw_1.fastq.gz","/home/dani/descartes_exp2/result_X204SC25103850-Z01-F001/01.RawData/X3.1t30/X3.1t30.raw_2.fastq.gz","/home/dani/descartes_exp2/custom_dada2_preprocessing/data/raw_reads/by_sample/X3.1t30/X3.1t30.raw_1.fastq.gz","/home/dani/descartes_exp2/custom_dada2_preprocessing/data/raw_reads/by_sample/X3.1t30/X3.1t30.raw_2.fastq.gz","Ctrl","control","D30",69434,69434,63060,62100,60633,87.3246536279056,"D30","Ctrl","Control","Ctrl_D30","ASV","bray"
"X3.1t7",-0.201021557737934,0.607538416256552,"Ctrl_D07_Tk3_F01","Intestine","yes","yes","Ctrl","control",0,30,7,3,1,"Ctrl_D07","/home/dani/descartes_exp2/result_X204SC25103850-Z01-F001/01.RawData/X3.1t7/X3.1t7.raw_1.fastq.gz","/home/dani/descartes_exp2/result_X204SC25103850-Z01-F001/01.RawData/X3.1t7/X3.1t7.raw_2.fastq.gz","/home/dani/descartes_exp2/custom_dada2_preprocessing/data/raw_reads/by_sample/X3.1t7/X3.1t7.raw_1.fastq.gz","/home/dani/descartes_exp2/custom_dada2_preprocessing/data/raw_reads/by_sample/X3.1t7/X3.1t7.raw_2.fastq.gz","Ctrl","control","D07",62299,62299,55044,47055,35698,57.3010802741617,"D07","Ctrl","Control","Ctrl_D07","ASV","bray"
"X3.1t90",-0.550675632602451,-0.226210363758423,"Ctrl_D90_Tk3_F01","Intestine","yes","yes","Ctrl","control",0,30,90,3,1,"Ctrl_D90","/home/dani/descartes_exp2/result_X204SC25103850-Z01-F001/01.RawData/X3.1t90/X3.1t90.raw_1.fastq.gz","/home/dani/descartes_exp2/result_X204SC25103850-Z01-F001/01.RawData/X3.1t90/X3.1t90.raw_2.fastq.gz","/home/dani/descartes_exp2/custom_dada2_preprocessing/data/raw_reads/by_sample/X3.1t90/X3.1t90.raw_1.fastq.gz","/home/dani/descartes_exp2/custom_dada2_preprocessing/data/raw_reads/by_sample/X3.1t90/X3.1t90.raw_2.fastq.gz","Ctrl","control","D90",43001,43001,39579,39190,39087,90.8978860956722,"D90","Ctrl","Control","Ctrl_D90","ASV","bray"
"X3.2t30",0.327824584645117,-0.00161277639260165,"Ctrl_D30_Tk3_F02","Intestine","yes","yes","Ctrl","control",0,30,30,3,2,"Ctrl_D30","/home/dani/descartes_exp2/result_X204SC25103850-Z01-F001/01.RawData/X3.2t30/X3.2t30.raw_1.fastq.gz","/home/dani/descartes_exp2/result_X204SC25103850-Z01-F001/01.RawData/X3.2t30/X3.2t30.raw_2.fastq.gz","/home/dani/descartes_exp2/custom_dada2_preprocessing/data/raw_reads/by_sample/X3.2t30/X3.2t30.raw_1.fastq.gz","/home/dani/descartes_exp2/custom_dada2_preprocessing/data/raw_reads/by_sample/X3.2t30/X3.2t30.raw_2.fastq.gz","Ctrl","control","D30",64707,64707,58642,58576,48950,75.6486933407514,"D30","Ctrl","Control","Ctrl_D30","ASV","bray"
"X3.2t7",-0.0835088333916855,0.522614486292638,"Ctrl_D07_Tk3_F02","Intestine","yes","yes","Ctrl","control",0,30,7,3,2,"Ctrl_D07","/home/dani/descartes_exp2/result_X204SC25103850-Z01-F001/01.RawData/X3.2t7/X3.2t7.raw_1.fastq.gz","/home/dani/descartes_exp2/result_X204SC25103850-Z01-F001/01.RawData/X3.2t7/X3.2t7.raw_2.fastq.gz","/home/dani/descartes_exp2/custom_dada2_preprocessing/data/raw_reads/by_sample/X3.2t7/X3.2t7.raw_1.fastq.gz","/home/dani/descartes_exp2/custom_dada2_preprocessing/data/raw_reads/by_sample/X3.2t7/X3.2t7.raw_2.fastq.gz","Ctrl","control","D07",65614,65614,58277,53220,45721,69.6817752308959,"D07","Ctrl","Control","Ctrl_D07","ASV","bray"
"X3.2t90",0.234498791023731,-0.0975370383318833,"Ctrl_D90_Tk3_F02","Intestine","yes","yes","Ctrl","control",0,30,90,3,2,"Ctrl_D90","/home/dani/descartes_exp2/result_X204SC25103850-Z01-F001/01.RawData/X3.2t90/X3.2t90.raw_1.fastq.gz","/home/dani/descartes_exp2/result_X204SC25103850-Z01-F001/01.RawData/X3.2t90/X3.2t90.raw_2.fastq.gz","/home/dani/descartes_exp2/custom_dada2_preprocessing/data/raw_reads/by_sample/X3.2t90/X3.2t90.raw_1.fastq.gz","/home/dani/descartes_exp2/custom_dada2_preprocessing/data/raw_reads/by_sample/X3.2t90/X3.2t90.raw_2.fastq.gz","Ctrl","control","D90",34388,34388,32143,31849,30262,88.0016284750494,"D90","Ctrl","Control","Ctrl_D90","ASV","bray"
"X3.3t30",0.350677688428372,-0.0738479012034085,"Ctrl_D30_Tk3_F03","Intestine","yes","yes","Ctrl","control",0,30,30,3,3,"Ctrl_D30","/home/dani/descartes_exp2/result_X204SC25103850-Z01-F001/01.RawData/X3.3t30/X3.3t30.raw_1.fastq.gz","/home/dani/descartes_exp2/result_X204SC25103850-Z01-F001/01.RawData/X3.3t30/X3.3t30.raw_2.fastq.gz","/home/dani/descartes_exp2/custom_dada2_preprocessing/data/raw_reads/by_sample/X3.3t30/X3.3t30.raw_1.fastq.gz","/home/dani/descartes_exp2/custom_dada2_preprocessing/data/raw_reads/by_sample/X3.3t30/X3.3t30.raw_2.fastq.gz","Ctrl","control","D30",77303,77303,69847,69266,68941,89.182826022276,"D30","Ctrl","Control","Ctrl_D30","ASV","bray"
"X3.3t7",-0.213009665136921,0.602971836955928,"Ctrl_D07_Tk3_F03","Intestine","yes","yes","Ctrl","control",0,30,7,3,3,"Ctrl_D07","/home/dani/descartes_exp2/result_X204SC25103850-Z01-F001/01.RawData/X3.3t7/X3.3t7.raw_1.fastq.gz","/home/dani/descartes_exp2/result_X204SC25103850-Z01-F001/01.RawData/X3.3t7/X3.3t7.raw_2.fastq.gz","/home/dani/descartes_exp2/custom_dada2_preprocessing/data/raw_reads/by_sample/X3.3t7/X3.3t7.raw_1.fastq.gz","/home/dani/descartes_exp2/custom_dada2_preprocessing/data/raw_reads/by_sample/X3.3t7/X3.3t7.raw_2.fastq.gz","Ctrl","control","D07",66010,66010,56178,50575,38883,58.9047114073625,"D07","Ctrl","Control","Ctrl_D07","ASV","bray"
"X3.3t90",-0.574649057512746,-0.214089110693835,"Ctrl_D90_Tk3_F03","Intestine","yes","yes","Ctrl","control",0,30,90,3,3,"Ctrl_D90","/home/dani/descartes_exp2/result_X204SC25103850-Z01-F001/01.RawData/X3.3t90/X3.3t90.raw_1.fastq.gz","/home/dani/descartes_exp2/result_X204SC25103850-Z01-F001/01.RawData/X3.3t90/X3.3t90.raw_2.fastq.gz","/home/dani/descartes_exp2/custom_dada2_preprocessing/data/raw_reads/by_sample/X3.3t90/X3.3t90.raw_1.fastq.gz","/home/dani/descartes_exp2/custom_dada2_preprocessing/data/raw_reads/by_sample/X3.3t90/X3.3t90.raw_2.fastq.gz","Ctrl","control","D90",84403,84403,80062,79582,78950,93.5393291707641,"D90","Ctrl","Control","Ctrl_D90","ASV","bray"
"X3.4t30",0.374592160391848,-0.0825656287657934,"Ctrl_D30_Tk3_F04","Intestine","yes","yes","Ctrl","control",0,30,30,3,4,"Ctrl_D30","/home/dani/descartes_exp2/result_X204SC25103850-Z01-F001/01.RawData/X3.4t30/X3.4t30.raw_1.fastq.gz","/home/dani/descartes_exp2/result_X204SC25103850-Z01-F001/01.RawData/X3.4t30/X3.4t30.raw_2.fastq.gz","/home/dani/descartes_exp2/custom_dada2_preprocessing/data/raw_reads/by_sample/X3.4t30/X3.4t30.raw_1.fastq.gz","/home/dani/descartes_exp2/custom_dada2_preprocessing/data/raw_reads/by_sample/X3.4t30/X3.4t30.raw_2.fastq.gz","Ctrl","control","D30",64628,64628,58799,58618,57102,88.3548926162035,"D30","Ctrl","Control","Ctrl_D30","ASV","bray"
"X3.4t7",-0.211822607167042,0.586859518437001,"Ctrl_D07_Tk3_F04","Intestine","yes","yes","Ctrl","control",0,30,7,3,4,"Ctrl_D07","/home/dani/descartes_exp2/result_X204SC25103850-Z01-F001/01.RawData/X3.4t7/X3.4t7.raw_1.fastq.gz","/home/dani/descartes_exp2/result_X204SC25103850-Z01-F001/01.RawData/X3.4t7/X3.4t7.raw_2.fastq.gz","/home/dani/descartes_exp2/custom_dada2_preprocessing/data/raw_reads/by_sample/X3.4t7/X3.4t7.raw_1.fastq.gz","/home/dani/descartes_exp2/custom_dada2_preprocessing/data/raw_reads/by_sample/X3.4t7/X3.4t7.raw_2.fastq.gz","Ctrl","control","D07",73099,73099,61118,57176,48772,66.7204749722978,"D07","Ctrl","Control","Ctrl_D07","ASV","bray"
"X3.4t90",0.217730584247499,-0.216531014833691,"Ctrl_D90_Tk3_F04","Intestine","yes","yes","Ctrl","control",0,30,90,3,4,"Ctrl_D90","/home/dani/descartes_exp2/result_X204SC25103850-Z01-F001/01.RawData/X3.4t90/X3.4t90.raw_1.fastq.gz","/home/dani/descartes_exp2/result_X204SC25103850-Z01-F001/01.RawData/X3.4t90/X3.4t90.raw_2.fastq.gz","/home/dani/descartes_exp2/custom_dada2_preprocessing/data/raw_reads/by_sample/X3.4t90/X3.4t90.raw_1.fastq.gz","/home/dani/descartes_exp2/custom_dada2_preprocessing/data/raw_reads/by_sample/X3.4t90/X3.4t90.raw_2.fastq.gz","Ctrl","control","D90",79050,79050,72950,72841,70034,88.5945604048071,"D90","Ctrl","Control","Ctrl_D90","ASV","bray"
"X3.5t30",-0.0114733854563276,0.216713699446182,"Ctrl_D30_Tk3_F05","Intestine","yes","yes","Ctrl","control",0,30,30,3,5,"Ctrl_D30","/home/dani/descartes_exp2/result_X204SC25103850-Z01-F001/01.RawData/X3.5t30/X3.5t30.raw_1.fastq.gz","/home/dani/descartes_exp2/result_X204SC25103850-Z01-F001/01.RawData/X3.5t30/X3.5t30.raw_2.fastq.gz","/home/dani/descartes_exp2/custom_dada2_preprocessing/data/raw_reads/by_sample/X3.5t30/X3.5t30.raw_1.fastq.gz","/home/dani/descartes_exp2/custom_dada2_preprocessing/data/raw_reads/by_sample/X3.5t30/X3.5t30.raw_2.fastq.gz","Ctrl","control","D30",63142,63142,57632,57494,54847,86.8629438408666,"D30","Ctrl","Control","Ctrl_D30","ASV","bray"
"X3.5t7",-0.138555048362914,0.24109610393822,"Ctrl_D07_Tk3_F05","Intestine","yes","yes","Ctrl","control",0,30,7,3,5,"Ctrl_D07","/home/dani/descartes_exp2/result_X204SC25103850-Z01-F001/01.RawData/X3.5t7/X3.5t7.raw_1.fastq.gz","/home/dani/descartes_exp2/result_X204SC25103850-Z01-F001/01.RawData/X3.5t7/X3.5t7.raw_2.fastq.gz","/home/dani/descartes_exp2/custom_dada2_preprocessing/data/raw_reads/by_sample/X3.5t7/X3.5t7.raw_1.fastq.gz","/home/dani/descartes_exp2/custom_dada2_preprocessing/data/raw_reads/by_sample/X3.5t7/X3.5t7.raw_2.fastq.gz","Ctrl","control","D07",64719,64719,60580,59099,53675,82.9354594477665,"D07","Ctrl","Control","Ctrl_D07","ASV","bray"
"X3.5t90",0.141828643581237,-0.271018628688299,"Ctrl_D90_Tk3_F05","Intestine","yes","yes","Ctrl","control",0,30,90,3,5,"Ctrl_D90","/home/dani/descartes_exp2/result_X204SC25103850-Z01-F001/01.RawData/X3.5t90/X3.5t90.raw_1.fastq.gz","/home/dani/descartes_exp2/result_X204SC25103850-Z01-F001/01.RawData/X3.5t90/X3.5t90.raw_2.fastq.gz","/home/dani/descartes_exp2/custom_dada2_preprocessing/data/raw_reads/by_sample/X3.5t90/X3.5t90.raw_1.fastq.gz","/home/dani/descartes_exp2/custom_dada2_preprocessing/data/raw_reads/by_sample/X3.5t90/X3.5t90.raw_2.fastq.gz","Ctrl","control","D90",65591,65591,61466,61333,59852,91.250323977375,"D90","Ctrl","Control","Ctrl_D90","ASV","bray"
"Y1.1t30",0.383699423283686,-0.0776795287323407,"BL15_D30_Tk1_F01","Intestine","yes","yes","BL15","blue_whiting_hydrolysate_15",15,0,30,1,1,"BL15_D30","/home/dani/descartes_exp2/result_X204SC25103850-Z01-F001/01.RawData/Y1.1t30/Y1.1t30.raw_1.fastq.gz","/home/dani/descartes_exp2/result_X204SC25103850-Z01-F001/01.RawData/Y1.1t30/Y1.1t30.raw_2.fastq.gz","/home/dani/descartes_exp2/custom_dada2_preprocessing/data/raw_reads/by_sample/Y1.1t30/Y1.1t30.raw_1.fastq.gz","/home/dani/descartes_exp2/custom_dada2_preprocessing/data/raw_reads/by_sample/Y1.1t30/Y1.1t30.raw_2.fastq.gz","BL15","blue_whiting_hydrolysate_15","D30",63156,63156,57631,57526,56919,90.124453733612,"D30","Hydrolysate","Hydrolysate_15","BL15_D30","ASV","bray"
"Y1.1t7",-0.214934400704004,0.607756659021833,"BL15_D07_Tk1_F01","Intestine","yes","yes","BL15","blue_whiting_hydrolysate_15",15,0,7,1,1,"BL15_D07","/home/dani/descartes_exp2/result_X204SC25103850-Z01-F001/01.RawData/Y1.1t7/Y1.1t7.raw_1.fastq.gz","/home/dani/descartes_exp2/result_X204SC25103850-Z01-F001/01.RawData/Y1.1t7/Y1.1t7.raw_2.fastq.gz","/home/dani/descartes_exp2/custom_dada2_preprocessing/data/raw_reads/by_sample/Y1.1t7/Y1.1t7.raw_1.fastq.gz","/home/dani/descartes_exp2/custom_dada2_preprocessing/data/raw_reads/by_sample/Y1.1t7/Y1.1t7.raw_2.fastq.gz","BL15","blue_whiting_hydrolysate_15","D07",78919,78919,68081,64187,53130,67.3221911073379,"D07","Hydrolysate","Hydrolysate_15","BL15_D07","ASV","bray"
"Y1.1t90",-0.485954581351098,-0.197892098646756,"BL15_D90_Tk1_F01","Intestine","yes","yes","BL15","blue_whiting_hydrolysate_15",15,0,90,1,1,"BL15_D90","/home/dani/descartes_exp2/result_X204SC25103850-Z01-F001/01.RawData/Y1.1t90/Y1.1t90.raw_1.fastq.gz","/home/dani/descartes_exp2/result_X204SC25103850-Z01-F001/01.RawData/Y1.1t90/Y1.1t90.raw_2.fastq.gz","/home/dani/descartes_exp2/custom_dada2_preprocessing/data/raw_reads/by_sample/Y1.1t90/Y1.1t90.raw_1.fastq.gz","/home/dani/descartes_exp2/custom_dada2_preprocessing/data/raw_reads/by_sample/Y1.1t90/Y1.1t90.raw_2.fastq.gz","BL15","blue_whiting_hydrolysate_15","D90",31454,31454,29371,29222,28400,90.2905830736949,"D90","Hydrolysate","Hydrolysate_15","BL15_D90","ASV","bray"
"Y1.2t30",0.35220439023123,-0.0716086783445377,"BL15_D30_Tk1_F02","Intestine","yes","yes","BL15","blue_whiting_hydrolysate_15",15,0,30,1,2,"BL15_D30","/home/dani/descartes_exp2/result_X204SC25103850-Z01-F001/01.RawData/Y1.2t30/Y1.2t30.raw_1.fastq.gz","/home/dani/descartes_exp2/result_X204SC25103850-Z01-F001/01.RawData/Y1.2t30/Y1.2t30.raw_2.fastq.gz","/home/dani/descartes_exp2/custom_dada2_preprocessing/data/raw_reads/by_sample/Y1.2t30/Y1.2t30.raw_1.fastq.gz","/home/dani/descartes_exp2/custom_dada2_preprocessing/data/raw_reads/by_sample/Y1.2t30/Y1.2t30.raw_2.fastq.gz","BL15","blue_whiting_hydrolysate_15","D30",63660,63660,59265,59139,58689,92.191328934967,"D30","Hydrolysate","Hydrolysate_15","BL15_D30","ASV","bray"
"Y1.2t7",-0.210863841167202,0.616427335339261,"BL15_D07_Tk1_F02","Intestine","yes","yes","BL15","blue_whiting_hydrolysate_15",15,0,7,1,2,"BL15_D07","/home/dani/descartes_exp2/result_X204SC25103850-Z01-F001/01.RawData/Y1.2t7/Y1.2t7.raw_1.fastq.gz","/home/dani/descartes_exp2/result_X204SC25103850-Z01-F001/01.RawData/Y1.2t7/Y1.2t7.raw_2.fastq.gz","/home/dani/descartes_exp2/custom_dada2_preprocessing/data/raw_reads/by_sample/Y1.2t7/Y1.2t7.raw_1.fastq.gz","/home/dani/descartes_exp2/custom_dada2_preprocessing/data/raw_reads/by_sample/Y1.2t7/Y1.2t7.raw_2.fastq.gz","BL15","blue_whiting_hydrolysate_15","D07",66068,66068,58603,56571,52173,78.9686383725858,"D07","Hydrolysate","Hydrolysate_15","BL15_D07","ASV","bray"
"Y1.2t90",-0.575435239467532,-0.218354845293814,"BL15_D90_Tk1_F02","Intestine","yes","yes","BL15","blue_whiting_hydrolysate_15",15,0,90,1,2,"BL15_D90","/home/dani/descartes_exp2/result_X204SC25103850-Z01-F001/01.RawData/Y1.2t90/Y1.2t90.raw_1.fastq.gz","/home/dani/descartes_exp2/result_X204SC25103850-Z01-F001/01.RawData/Y1.2t90/Y1.2t90.raw_2.fastq.gz","/home/dani/descartes_exp2/custom_dada2_preprocessing/data/raw_reads/by_sample/Y1.2t90/Y1.2t90.raw_1.fastq.gz","/home/dani/descartes_exp2/custom_dada2_preprocessing/data/raw_reads/by_sample/Y1.2t90/Y1.2t90.raw_2.fastq.gz","BL15","blue_whiting_hydrolysate_15","D90",82559,82559,78650,78465,78182,94.6983369469107,"D90","Hydrolysate","Hydrolysate_15","BL15_D90","ASV","bray"
"Y1.3t30",0.241028817480667,0.0145552582611221,"BL15_D30_Tk1_F03","Intestine","yes","yes","BL15","blue_whiting_hydrolysate_15",15,0,30,1,3,"BL15_D30","/home/dani/descartes_exp2/result_X204SC25103850-Z01-F001/01.RawData/Y1.3t30/Y1.3t30.raw_1.fastq.gz","/home/dani/descartes_exp2/result_X204SC25103850-Z01-F001/01.RawData/Y1.3t30/Y1.3t30.raw_2.fastq.gz","/home/dani/descartes_exp2/custom_dada2_preprocessing/data/raw_reads/by_sample/Y1.3t30/Y1.3t30.raw_1.fastq.gz","/home/dani/descartes_exp2/custom_dada2_preprocessing/data/raw_reads/by_sample/Y1.3t30/Y1.3t30.raw_2.fastq.gz","BL15","blue_whiting_hydrolysate_15","D30",68961,68961,62758,62176,51303,74.3942228215948,"D30","Hydrolysate","Hydrolysate_15","BL15_D30","ASV","bray"
"Y1.3t7",0.243650554891133,0.135412817053496,"BL15_D07_Tk1_F03","Intestine","yes","yes","BL15","blue_whiting_hydrolysate_15",15,0,7,1,3,"BL15_D07","/home/dani/descartes_exp2/result_X204SC25103850-Z01-F001/01.RawData/Y1.3t7/Y1.3t7.raw_1.fastq.gz","/home/dani/descartes_exp2/result_X204SC25103850-Z01-F001/01.RawData/Y1.3t7/Y1.3t7.raw_2.fastq.gz","/home/dani/descartes_exp2/custom_dada2_preprocessing/data/raw_reads/by_sample/Y1.3t7/Y1.3t7.raw_1.fastq.gz","/home/dani/descartes_exp2/custom_dada2_preprocessing/data/raw_reads/by_sample/Y1.3t7/Y1.3t7.raw_2.fastq.gz","BL15","blue_whiting_hydrolysate_15","D07",64852,64852,58832,58151,56093,86.493862949485,"D07","Hydrolysate","Hydrolysate_15","BL15_D07","ASV","bray"
"Y1.3t90",-0.228168844330951,-0.327362801013395,"BL15_D90_Tk1_F03","Intestine","yes","yes","BL15","blue_whiting_hydrolysate_15",15,0,90,1,3,"BL15_D90","/home/dani/descartes_exp2/result_X204SC25103850-Z01-F001/01.RawData/Y1.3t90/Y1.3t90.raw_1.fastq.gz","/home/dani/descartes_exp2/result_X204SC25103850-Z01-F001/01.RawData/Y1.3t90/Y1.3t90.raw_2.fastq.gz","/home/dani/descartes_exp2/custom_dada2_preprocessing/data/raw_reads/by_sample/Y1.3t90/Y1.3t90.raw_1.fastq.gz","/home/dani/descartes_exp2/custom_dada2_preprocessing/data/raw_reads/by_sample/Y1.3t90/Y1.3t90.raw_2.fastq.gz","BL15","blue_whiting_hydrolysate_15","D90",91938,91938,87593,87345,86842,94.4571341556266,"D90","Hydrolysate","Hydrolysate_15","BL15_D90","ASV","bray"
"Y1.4t30",0.388513662686526,-0.0870949220056071,"BL15_D30_Tk1_F04","Intestine","yes","yes","BL15","blue_whiting_hydrolysate_15",15,0,30,1,4,"BL15_D30","/home/dani/descartes_exp2/result_X204SC25103850-Z01-F001/01.RawData/Y1.4t30/Y1.4t30.raw_1.fastq.gz","/home/dani/descartes_exp2/result_X204SC25103850-Z01-F001/01.RawData/Y1.4t30/Y1.4t30.raw_2.fastq.gz","/home/dani/descartes_exp2/custom_dada2_preprocessing/data/raw_reads/by_sample/Y1.4t30/Y1.4t30.raw_1.fastq.gz","/home/dani/descartes_exp2/custom_dada2_preprocessing/data/raw_reads/by_sample/Y1.4t30/Y1.4t30.raw_2.fastq.gz","BL15","blue_whiting_hydrolysate_15","D30",78161,78161,71820,71732,71135,91.0108621947007,"D30","Hydrolysate","Hydrolysate_15","BL15_D30","ASV","bray"
"Y1.4t7",-0.220680589609918,0.655646284617419,"BL15_D07_Tk1_F04","Intestine","yes","yes","BL15","blue_whiting_hydrolysate_15",15,0,7,1,4,"BL15_D07","/home/dani/descartes_exp2/result_X204SC25103850-Z01-F001/01.RawData/Y1.4t7/Y1.4t7.raw_1.fastq.gz","/home/dani/descartes_exp2/result_X204SC25103850-Z01-F001/01.RawData/Y1.4t7/Y1.4t7.raw_2.fastq.gz","/home/dani/descartes_exp2/custom_dada2_preprocessing/data/raw_reads/by_sample/Y1.4t7/Y1.4t7.raw_1.fastq.gz","/home/dani/descartes_exp2/custom_dada2_preprocessing/data/raw_reads/by_sample/Y1.4t7/Y1.4t7.raw_2.fastq.gz","BL15","blue_whiting_hydrolysate_15","D07",79008,79008,69861,68645,62251,78.7907553665452,"D07","Hydrolysate","Hydrolysate_15","BL15_D07","ASV","bray"
"Y1.4t90",-0.248715435182406,-0.25384581308103,"BL15_D90_Tk1_F04","Intestine","yes","yes","BL15","blue_whiting_hydrolysate_15",15,0,90,1,4,"BL15_D90","/home/dani/descartes_exp2/result_X204SC25103850-Z01-F001/01.RawData/Y1.4t90/Y1.4t90.raw_1.fastq.gz","/home/dani/descartes_exp2/result_X204SC25103850-Z01-F001/01.RawData/Y1.4t90/Y1.4t90.raw_2.fastq.gz","/home/dani/descartes_exp2/custom_dada2_preprocessing/data/raw_reads/by_sample/Y1.4t90/Y1.4t90.raw_1.fastq.gz","/home/dani/descartes_exp2/custom_dada2_preprocessing/data/raw_reads/by_sample/Y1.4t90/Y1.4t90.raw_2.fastq.gz","BL15","blue_whiting_hydrolysate_15","D90",37066,37066,34427,34176,33421,90.1661900393892,"D90","Hydrolysate","Hydrolysate_15","BL15_D90","ASV","bray"
"Y1.5t30",0.342893796212292,-0.0518737078617119,"BL15_D30_Tk1_F05","Intestine","yes","yes","BL15","blue_whiting_hydrolysate_15",15,0,30,1,5,"BL15_D30","/home/dani/descartes_exp2/result_X204SC25103850-Z01-F001/01.RawData/Y1.5t30/Y1.5t30.raw_1.fastq.gz","/home/dani/descartes_exp2/result_X204SC25103850-Z01-F001/01.RawData/Y1.5t30/Y1.5t30.raw_2.fastq.gz","/home/dani/descartes_exp2/custom_dada2_preprocessing/data/raw_reads/by_sample/Y1.5t30/Y1.5t30.raw_1.fastq.gz","/home/dani/descartes_exp2/custom_dada2_preprocessing/data/raw_reads/by_sample/Y1.5t30/Y1.5t30.raw_2.fastq.gz","BL15","blue_whiting_hydrolysate_15","D30",67121,67121,61458,61202,50278,74.9065121199029,"D30","Hydrolysate","Hydrolysate_15","BL15_D30","ASV","bray"
"Y1.5t7",0.040182645683569,0.194560369502037,"BL15_D07_Tk1_F05","Intestine","yes","yes","BL15","blue_whiting_hydrolysate_15",15,0,7,1,5,"BL15_D07","/home/dani/descartes_exp2/result_X204SC25103850-Z01-F001/01.RawData/Y1.5t7/Y1.5t7.raw_1.fastq.gz","/home/dani/descartes_exp2/result_X204SC25103850-Z01-F001/01.RawData/Y1.5t7/Y1.5t7.raw_2.fastq.gz","/home/dani/descartes_exp2/custom_dada2_preprocessing/data/raw_reads/by_sample/Y1.5t7/Y1.5t7.raw_1.fastq.gz","/home/dani/descartes_exp2/custom_dada2_preprocessing/data/raw_reads/by_sample/Y1.5t7/Y1.5t7.raw_2.fastq.gz","BL15","blue_whiting_hydrolysate_15","D07",62899,62899,58342,58094,54959,87.3765878630821,"D07","Hydrolysate","Hydrolysate_15","BL15_D07","ASV","bray"
"Y1.5t90",0.172320240997503,-0.239274203419519,"BL15_D90_Tk1_F05","Intestine","yes","yes","BL15","blue_whiting_hydrolysate_15",15,0,90,1,5,"BL15_D90","/home/dani/descartes_exp2/result_X204SC25103850-Z01-F001/01.RawData/Y1.5t90/Y1.5t90.raw_1.fastq.gz","/home/dani/descartes_exp2/result_X204SC25103850-Z01-F001/01.RawData/Y1.5t90/Y1.5t90.raw_2.fastq.gz","/home/dani/descartes_exp2/custom_dada2_preprocessing/data/raw_reads/by_sample/Y1.5t90/Y1.5t90.raw_1.fastq.gz","/home/dani/descartes_exp2/custom_dada2_preprocessing/data/raw_reads/by_sample/Y1.5t90/Y1.5t90.raw_2.fastq.gz","BL15","blue_whiting_hydrolysate_15","D90",65348,65348,60249,60124,55312,84.6422231743894,"D90","Hydrolysate","Hydrolysate_15","BL15_D90","ASV","bray"
"Y2.1t30",0.275943715313543,-0.0605312010869659,"BL15_D30_Tk2_F01","Intestine","yes","yes","BL15","blue_whiting_hydrolysate_15",15,0,30,2,1,"BL15_D30","/home/dani/descartes_exp2/result_X204SC25103850-Z01-F001/01.RawData/Y2.1t30/Y2.1t30.raw_1.fastq.gz","/home/dani/descartes_exp2/result_X204SC25103850-Z01-F001/01.RawData/Y2.1t30/Y2.1t30.raw_2.fastq.gz","/home/dani/descartes_exp2/custom_dada2_preprocessing/data/raw_reads/by_sample/Y2.1t30/Y2.1t30.raw_1.fastq.gz","/home/dani/descartes_exp2/custom_dada2_preprocessing/data/raw_reads/by_sample/Y2.1t30/Y2.1t30.raw_2.fastq.gz","BL15","blue_whiting_hydrolysate_15","D30",79583,79583,72212,72008,51511,64.7261349785758,"D30","Hydrolysate","Hydrolysate_15","BL15_D30","ASV","bray"
"Y2.1t7",-0.180623717517322,0.459107276984464,"BL15_D07_Tk2_F01","Intestine","yes","yes","BL15","blue_whiting_hydrolysate_15",15,0,7,2,1,"BL15_D07","/home/dani/descartes_exp2/result_X204SC25103850-Z01-F001/01.RawData/Y2.1t7/Y2.1t7.raw_1.fastq.gz","/home/dani/descartes_exp2/result_X204SC25103850-Z01-F001/01.RawData/Y2.1t7/Y2.1t7.raw_2.fastq.gz","/home/dani/descartes_exp2/custom_dada2_preprocessing/data/raw_reads/by_sample/Y2.1t7/Y2.1t7.raw_1.fastq.gz","/home/dani/descartes_exp2/custom_dada2_preprocessing/data/raw_reads/by_sample/Y2.1t7/Y2.1t7.raw_2.fastq.gz","BL15","blue_whiting_hydrolysate_15","D07",65806,65806,62071,61520,57090,86.7550071422059,"D07","Hydrolysate","Hydrolysate_15","BL15_D07","ASV","bray"
"Y2.1t90",-0.579589441973155,-0.237920062921691,"BL15_D90_Tk2_F01","Intestine","yes","yes","BL15","blue_whiting_hydrolysate_15",15,0,90,2,1,"BL15_D90","/home/dani/descartes_exp2/result_X204SC25103850-Z01-F001/01.RawData/Y2.1t90/Y2.1t90.raw_1.fastq.gz","/home/dani/descartes_exp2/result_X204SC25103850-Z01-F001/01.RawData/Y2.1t90/Y2.1t90.raw_2.fastq.gz","/home/dani/descartes_exp2/custom_dada2_preprocessing/data/raw_reads/by_sample/Y2.1t90/Y2.1t90.raw_1.fastq.gz","/home/dani/descartes_exp2/custom_dada2_preprocessing/data/raw_reads/by_sample/Y2.1t90/Y2.1t90.raw_2.fastq.gz","BL15","blue_whiting_hydrolysate_15","D90",64702,64702,58438,58382,58329,90.1502271954499,"D90","Hydrolysate","Hydrolysate_15","BL15_D90","ASV","bray"
"Y2.2t30",-0.461039636192173,-0.271130506415231,"BL15_D30_Tk2_F02","Intestine","yes","yes","BL15","blue_whiting_hydrolysate_15",15,0,30,2,2,"BL15_D30","/home/dani/descartes_exp2/result_X204SC25103850-Z01-F001/01.RawData/Y2.2t30/Y2.2t30.raw_1.fastq.gz","/home/dani/descartes_exp2/result_X204SC25103850-Z01-F001/01.RawData/Y2.2t30/Y2.2t30.raw_2.fastq.gz","/home/dani/descartes_exp2/custom_dada2_preprocessing/data/raw_reads/by_sample/Y2.2t30/Y2.2t30.raw_1.fastq.gz","/home/dani/descartes_exp2/custom_dada2_preprocessing/data/raw_reads/by_sample/Y2.2t30/Y2.2t30.raw_2.fastq.gz","BL15","blue_whiting_hydrolysate_15","D30",65354,65354,60972,60797,59583,91.1696300149953,"D30","Hydrolysate","Hydrolysate_15","BL15_D30","ASV","bray"
"Y2.2t7",0.389264298514867,-0.100744154800824,"BL15_D07_Tk2_F02","Intestine","yes","yes","BL15","blue_whiting_hydrolysate_15",15,0,7,2,2,"BL15_D07","/home/dani/descartes_exp2/result_X204SC25103850-Z01-F001/01.RawData/Y2.2t7/Y2.2t7.raw_1.fastq.gz","/home/dani/descartes_exp2/result_X204SC25103850-Z01-F001/01.RawData/Y2.2t7/Y2.2t7.raw_2.fastq.gz","/home/dani/descartes_exp2/custom_dada2_preprocessing/data/raw_reads/by_sample/Y2.2t7/Y2.2t7.raw_1.fastq.gz","/home/dani/descartes_exp2/custom_dada2_preprocessing/data/raw_reads/by_sample/Y2.2t7/Y2.2t7.raw_2.fastq.gz","BL15","blue_whiting_hydrolysate_15","D07",65628,65628,59548,59348,58828,89.6385689035168,"D07","Hydrolysate","Hydrolysate_15","BL15_D07","ASV","bray"
"Y2.2t90",0.204810963774551,0.0278353234216038,"BL15_D90_Tk2_F02","Intestine","yes","yes","BL15","blue_whiting_hydrolysate_15",15,0,90,2,2,"BL15_D90","/home/dani/descartes_exp2/result_X204SC25103850-Z01-F001/01.RawData/Y2.2t90/Y2.2t90.raw_1.fastq.gz","/home/dani/descartes_exp2/result_X204SC25103850-Z01-F001/01.RawData/Y2.2t90/Y2.2t90.raw_2.fastq.gz","/home/dani/descartes_exp2/custom_dada2_preprocessing/data/raw_reads/by_sample/Y2.2t90/Y2.2t90.raw_1.fastq.gz","/home/dani/descartes_exp2/custom_dada2_preprocessing/data/raw_reads/by_sample/Y2.2t90/Y2.2t90.raw_2.fastq.gz","BL15","blue_whiting_hydrolysate_15","D90",68529,68529,63695,63580,45421,66.2799690641918,"D90","Hydrolysate","Hydrolysate_15","BL15_D90","ASV","bray"
"Y2.3t30",-0.103220513274483,0.225328946040979,"BL15_D30_Tk2_F03","Intestine","yes","yes","BL15","blue_whiting_hydrolysate_15",15,0,30,2,3,"BL15_D30","/home/dani/descartes_exp2/result_X204SC25103850-Z01-F001/01.RawData/Y2.3t30/Y2.3t30.raw_1.fastq.gz","/home/dani/descartes_exp2/result_X204SC25103850-Z01-F001/01.RawData/Y2.3t30/Y2.3t30.raw_2.fastq.gz","/home/dani/descartes_exp2/custom_dada2_preprocessing/data/raw_reads/by_sample/Y2.3t30/Y2.3t30.raw_1.fastq.gz","/home/dani/descartes_exp2/custom_dada2_preprocessing/data/raw_reads/by_sample/Y2.3t30/Y2.3t30.raw_2.fastq.gz","BL15","blue_whiting_hydrolysate_15","D30",65453,65453,59236,58694,56601,86.4757917895284,"D30","Hydrolysate","Hydrolysate_15","BL15_D30","ASV","bray"
"Y2.3t7",0.396364570019159,-0.0930683552610007,"BL15_D07_Tk2_F03","Intestine","yes","yes","BL15","blue_whiting_hydrolysate_15",15,0,7,2,3,"BL15_D07","/home/dani/descartes_exp2/result_X204SC25103850-Z01-F001/01.RawData/Y2.3t7/Y2.3t7.raw_1.fastq.gz","/home/dani/descartes_exp2/result_X204SC25103850-Z01-F001/01.RawData/Y2.3t7/Y2.3t7.raw_2.fastq.gz","/home/dani/descartes_exp2/custom_dada2_preprocessing/data/raw_reads/by_sample/Y2.3t7/Y2.3t7.raw_1.fastq.gz","/home/dani/descartes_exp2/custom_dada2_preprocessing/data/raw_reads/by_sample/Y2.3t7/Y2.3t7.raw_2.fastq.gz","BL15","blue_whiting_hydrolysate_15","D07",63835,63835,58451,57855,56968,89.242578522754,"D07","Hydrolysate","Hydrolysate_15","BL15_D07","ASV","bray"
"Y2.3t90",-0.219644132922601,-0.291717046231935,"BL15_D90_Tk2_F03","Intestine","yes","yes","BL15","blue_whiting_hydrolysate_15",15,0,90,2,3,"BL15_D90","/home/dani/descartes_exp2/result_X204SC25103850-Z01-F001/01.RawData/Y2.3t90/Y2.3t90.raw_1.fastq.gz","/home/dani/descartes_exp2/result_X204SC25103850-Z01-F001/01.RawData/Y2.3t90/Y2.3t90.raw_2.fastq.gz","/home/dani/descartes_exp2/custom_dada2_preprocessing/data/raw_reads/by_sample/Y2.3t90/Y2.3t90.raw_1.fastq.gz","/home/dani/descartes_exp2/custom_dada2_preprocessing/data/raw_reads/by_sample/Y2.3t90/Y2.3t90.raw_2.fastq.gz","BL15","blue_whiting_hydrolysate_15","D90",63367,63367,57845,57575,54299,85.6897123108243,"D90","Hydrolysate","Hydrolysate_15","BL15_D90","ASV","bray"
"Y2.4t30",0.0261361705132612,0.146350379367663,"BL15_D30_Tk2_F04","Intestine","yes","yes","BL15","blue_whiting_hydrolysate_15",15,0,30,2,4,"BL15_D30","/home/dani/descartes_exp2/result_X204SC25103850-Z01-F001/01.RawData/Y2.4t30/Y2.4t30.raw_1.fastq.gz","/home/dani/descartes_exp2/result_X204SC25103850-Z01-F001/01.RawData/Y2.4t30/Y2.4t30.raw_2.fastq.gz","/home/dani/descartes_exp2/custom_dada2_preprocessing/data/raw_reads/by_sample/Y2.4t30/Y2.4t30.raw_1.fastq.gz","/home/dani/descartes_exp2/custom_dada2_preprocessing/data/raw_reads/by_sample/Y2.4t30/Y2.4t30.raw_2.fastq.gz","BL15","blue_whiting_hydrolysate_15","D30",77397,77397,69935,69656,61433,79.3738775404732,"D30","Hydrolysate","Hydrolysate_15","BL15_D30","ASV","bray"
"Y2.4t7",0.170530590358481,0.0536961336644381,"BL15_D07_Tk2_F04","Intestine","yes","yes","BL15","blue_whiting_hydrolysate_15",15,0,7,2,4,"BL15_D07","/home/dani/descartes_exp2/result_X204SC25103850-Z01-F001/01.RawData/Y2.4t7/Y2.4t7.raw_1.fastq.gz","/home/dani/descartes_exp2/result_X204SC25103850-Z01-F001/01.RawData/Y2.4t7/Y2.4t7.raw_2.fastq.gz","/home/dani/descartes_exp2/custom_dada2_preprocessing/data/raw_reads/by_sample/Y2.4t7/Y2.4t7.raw_1.fastq.gz","/home/dani/descartes_exp2/custom_dada2_preprocessing/data/raw_reads/by_sample/Y2.4t7/Y2.4t7.raw_2.fastq.gz","BL15","blue_whiting_hydrolysate_15","D07",65042,65042,60745,59357,57655,88.6427231634944,"D07","Hydrolysate","Hydrolysate_15","BL15_D07","ASV","bray"
"Y2.4t90",-0.570498230395041,-0.232766646243318,"BL15_D90_Tk2_F04","Intestine","yes","yes","BL15","blue_whiting_hydrolysate_15",15,0,90,2,4,"BL15_D90","/home/dani/descartes_exp2/result_X204SC25103850-Z01-F001/01.RawData/Y2.4t90/Y2.4t90.raw_1.fastq.gz","/home/dani/descartes_exp2/result_X204SC25103850-Z01-F001/01.RawData/Y2.4t90/Y2.4t90.raw_2.fastq.gz","/home/dani/descartes_exp2/custom_dada2_preprocessing/data/raw_reads/by_sample/Y2.4t90/Y2.4t90.raw_1.fastq.gz","/home/dani/descartes_exp2/custom_dada2_preprocessing/data/raw_reads/by_sample/Y2.4t90/Y2.4t90.raw_2.fastq.gz","BL15","blue_whiting_hydrolysate_15","D90",69179,69179,63056,62777,62173,89.872649214357,"D90","Hydrolysate","Hydrolysate_15","BL15_D90","ASV","bray"
"Y2.5t30",0.365347374038163,-0.07939112201185,"BL15_D30_Tk2_F05","Intestine","yes","yes","BL15","blue_whiting_hydrolysate_15",15,0,30,2,5,"BL15_D30","/home/dani/descartes_exp2/result_X204SC25103850-Z01-F001/01.RawData/Y2.5t30/Y2.5t30.raw_1.fastq.gz","/home/dani/descartes_exp2/result_X204SC25103850-Z01-F001/01.RawData/Y2.5t30/Y2.5t30.raw_2.fastq.gz","/home/dani/descartes_exp2/custom_dada2_preprocessing/data/raw_reads/by_sample/Y2.5t30/Y2.5t30.raw_1.fastq.gz","/home/dani/descartes_exp2/custom_dada2_preprocessing/data/raw_reads/by_sample/Y2.5t30/Y2.5t30.raw_2.fastq.gz","BL15","blue_whiting_hydrolysate_15","D30",71995,71995,61548,61472,59687,82.9043683589138,"D30","Hydrolysate","Hydrolysate_15","BL15_D30","ASV","bray"
"Y2.5t7",0.383917599958295,-0.0984858003980349,"BL15_D07_Tk2_F05","Intestine","yes","yes","BL15","blue_whiting_hydrolysate_15",15,0,7,2,5,"BL15_D07","/home/dani/descartes_exp2/result_X204SC25103850-Z01-F001/01.RawData/Y2.5t7/Y2.5t7.raw_1.fastq.gz","/home/dani/descartes_exp2/result_X204SC25103850-Z01-F001/01.RawData/Y2.5t7/Y2.5t7.raw_2.fastq.gz","/home/dani/descartes_exp2/custom_dada2_preprocessing/data/raw_reads/by_sample/Y2.5t7/Y2.5t7.raw_1.fastq.gz","/home/dani/descartes_exp2/custom_dada2_preprocessing/data/raw_reads/by_sample/Y2.5t7/Y2.5t7.raw_2.fastq.gz","BL15","blue_whiting_hydrolysate_15","D07",62618,62618,57262,57145,55725,88.9919831358395,"D07","Hydrolysate","Hydrolysate_15","BL15_D07","ASV","bray"
"Y2.5t90",0.0154767795237558,-0.29440135047224,"BL15_D90_Tk2_F05","Intestine","yes","yes","BL15","blue_whiting_hydrolysate_15",15,0,90,2,5,"BL15_D90","/home/dani/descartes_exp2/result_X204SC25103850-Z01-F001/01.RawData/Y2.5t90/Y2.5t90.raw_1.fastq.gz","/home/dani/descartes_exp2/result_X204SC25103850-Z01-F001/01.RawData/Y2.5t90/Y2.5t90.raw_2.fastq.gz","/home/dani/descartes_exp2/custom_dada2_preprocessing/data/raw_reads/by_sample/Y2.5t90/Y2.5t90.raw_1.fastq.gz","/home/dani/descartes_exp2/custom_dada2_preprocessing/data/raw_reads/by_sample/Y2.5t90/Y2.5t90.raw_2.fastq.gz","BL15","blue_whiting_hydrolysate_15","D90",62601,62601,57614,56582,52457,83.7957860098082,"D90","Hydrolysate","Hydrolysate_15","BL15_D90","ASV","bray"
"Y3.1t30",0.238115641683149,0.0166278582695523,"BL15_D30_Tk3_F01","Intestine","yes","yes","BL15","blue_whiting_hydrolysate_15",15,0,30,3,1,"BL15_D30","/home/dani/descartes_exp2/result_X204SC25103850-Z01-F001/01.RawData/Y3.1t30/Y3.1t30.raw_1.fastq.gz","/home/dani/descartes_exp2/result_X204SC25103850-Z01-F001/01.RawData/Y3.1t30/Y3.1t30.raw_2.fastq.gz","/home/dani/descartes_exp2/custom_dada2_preprocessing/data/raw_reads/by_sample/Y3.1t30/Y3.1t30.raw_1.fastq.gz","/home/dani/descartes_exp2/custom_dada2_preprocessing/data/raw_reads/by_sample/Y3.1t30/Y3.1t30.raw_2.fastq.gz","BL15","blue_whiting_hydrolysate_15","D30",73076,73076,66086,65304,48603,66.5102085500027,"D30","Hydrolysate","Hydrolysate_15","BL15_D30","ASV","bray"
"Y3.1t7",0.376508357377285,-0.0785777136858789,"BL15_D07_Tk3_F01","Intestine","yes","yes","BL15","blue_whiting_hydrolysate_15",15,0,7,3,1,"BL15_D07","/home/dani/descartes_exp2/result_X204SC25103850-Z01-F001/01.RawData/Y3.1t7/Y3.1t7.raw_1.fastq.gz","/home/dani/descartes_exp2/result_X204SC25103850-Z01-F001/01.RawData/Y3.1t7/Y3.1t7.raw_2.fastq.gz","/home/dani/descartes_exp2/custom_dada2_preprocessing/data/raw_reads/by_sample/Y3.1t7/Y3.1t7.raw_1.fastq.gz","/home/dani/descartes_exp2/custom_dada2_preprocessing/data/raw_reads/by_sample/Y3.1t7/Y3.1t7.raw_2.fastq.gz","BL15","blue_whiting_hydrolysate_15","D07",64861,64861,60297,57805,57583,88.779081420268,"D07","Hydrolysate","Hydrolysate_15","BL15_D07","ASV","bray"
"Y3.1t90",-0.586548318716086,-0.237195315930033,"BL15_D90_Tk3_F01","Intestine","yes","yes","BL15","blue_whiting_hydrolysate_15",15,0,90,3,1,"BL15_D90","/home/dani/descartes_exp2/result_X204SC25103850-Z01-F001/01.RawData/Y3.1t90/Y3.1t90.raw_1.fastq.gz","/home/dani/descartes_exp2/result_X204SC25103850-Z01-F001/01.RawData/Y3.1t90/Y3.1t90.raw_2.fastq.gz","/home/dani/descartes_exp2/custom_dada2_preprocessing/data/raw_reads/by_sample/Y3.1t90/Y3.1t90.raw_1.fastq.gz","/home/dani/descartes_exp2/custom_dada2_preprocessing/data/raw_reads/by_sample/Y3.1t90/Y3.1t90.raw_2.fastq.gz","BL15","blue_whiting_hydrolysate_15","D90",66711,66711,61439,61402,61393,92.0283011797155,"D90","Hydrolysate","Hydrolysate_15","BL15_D90","ASV","bray"
"Y3.2t30",-0.136694896733802,0.239320087012047,"BL15_D30_Tk3_F02","Intestine","yes","yes","BL15","blue_whiting_hydrolysate_15",15,0,30,3,2,"BL15_D30","/home/dani/descartes_exp2/result_X204SC25103850-Z01-F001/01.RawData/Y3.2t30/Y3.2t30.raw_1.fastq.gz","/home/dani/descartes_exp2/result_X204SC25103850-Z01-F001/01.RawData/Y3.2t30/Y3.2t30.raw_2.fastq.gz","/home/dani/descartes_exp2/custom_dada2_preprocessing/data/raw_reads/by_sample/Y3.2t30/Y3.2t30.raw_1.fastq.gz","/home/dani/descartes_exp2/custom_dada2_preprocessing/data/raw_reads/by_sample/Y3.2t30/Y3.2t30.raw_2.fastq.gz","BL15","blue_whiting_hydrolysate_15","D30",62486,62486,56882,56761,55868,89.4088275773773,"D30","Hydrolysate","Hydrolysate_15","BL15_D30","ASV","bray"
"Y3.2t7",-0.121142486598949,0.381725292179773,"BL15_D07_Tk3_F02","Intestine","yes","yes","BL15","blue_whiting_hydrolysate_15",15,0,7,3,2,"BL15_D07","/home/dani/descartes_exp2/result_X204SC25103850-Z01-F001/01.RawData/Y3.2t7/Y3.2t7.raw_1.fastq.gz","/home/dani/descartes_exp2/result_X204SC25103850-Z01-F001/01.RawData/Y3.2t7/Y3.2t7.raw_2.fastq.gz","/home/dani/descartes_exp2/custom_dada2_preprocessing/data/raw_reads/by_sample/Y3.2t7/Y3.2t7.raw_1.fastq.gz","/home/dani/descartes_exp2/custom_dada2_preprocessing/data/raw_reads/by_sample/Y3.2t7/Y3.2t7.raw_2.fastq.gz","BL15","blue_whiting_hydrolysate_15","D07",78800,78800,74167,73476,71002,90.1040609137056,"D07","Hydrolysate","Hydrolysate_15","BL15_D07","ASV","bray"
"Y3.2t90",-0.584904136235796,-0.237250233750389,"BL15_D90_Tk3_F02","Intestine","yes","yes","BL15","blue_whiting_hydrolysate_15",15,0,90,3,2,"BL15_D90","/home/dani/descartes_exp2/result_X204SC25103850-Z01-F001/01.RawData/Y3.2t90/Y3.2t90.raw_1.fastq.gz","/home/dani/descartes_exp2/result_X204SC25103850-Z01-F001/01.RawData/Y3.2t90/Y3.2t90.raw_2.fastq.gz","/home/dani/descartes_exp2/custom_dada2_preprocessing/data/raw_reads/by_sample/Y3.2t90/Y3.2t90.raw_1.fastq.gz","/home/dani/descartes_exp2/custom_dada2_preprocessing/data/raw_reads/by_sample/Y3.2t90/Y3.2t90.raw_2.fastq.gz","BL15","blue_whiting_hydrolysate_15","D90",66727,66727,60919,60846,60822,91.1505087895455,"D90","Hydrolysate","Hydrolysate_15","BL15_D90","ASV","bray"
"Y3.3t30",-0.0506527847453561,0.18122562653328,"BL15_D30_Tk3_F03","Intestine","yes","yes","BL15","blue_whiting_hydrolysate_15",15,0,30,3,3,"BL15_D30","/home/dani/descartes_exp2/result_X204SC25103850-Z01-F001/01.RawData/Y3.3t30/Y3.3t30.raw_1.fastq.gz","/home/dani/descartes_exp2/result_X204SC25103850-Z01-F001/01.RawData/Y3.3t30/Y3.3t30.raw_2.fastq.gz","/home/dani/descartes_exp2/custom_dada2_preprocessing/data/raw_reads/by_sample/Y3.3t30/Y3.3t30.raw_1.fastq.gz","/home/dani/descartes_exp2/custom_dada2_preprocessing/data/raw_reads/by_sample/Y3.3t30/Y3.3t30.raw_2.fastq.gz","BL15","blue_whiting_hydrolysate_15","D30",66736,66736,61410,59539,57810,86.6249100935028,"D30","Hydrolysate","Hydrolysate_15","BL15_D30","ASV","bray"
"Y3.3t7",0.367942792050769,-0.0868250289060452,"BL15_D07_Tk3_F03","Intestine","yes","yes","BL15","blue_whiting_hydrolysate_15",15,0,7,3,3,"BL15_D07","/home/dani/descartes_exp2/result_X204SC25103850-Z01-F001/01.RawData/Y3.3t7/Y3.3t7.raw_1.fastq.gz","/home/dani/descartes_exp2/result_X204SC25103850-Z01-F001/01.RawData/Y3.3t7/Y3.3t7.raw_2.fastq.gz","/home/dani/descartes_exp2/custom_dada2_preprocessing/data/raw_reads/by_sample/Y3.3t7/Y3.3t7.raw_1.fastq.gz","/home/dani/descartes_exp2/custom_dada2_preprocessing/data/raw_reads/by_sample/Y3.3t7/Y3.3t7.raw_2.fastq.gz","BL15","blue_whiting_hydrolysate_15","D07",64727,64727,58181,57873,56770,87.7068302254083,"D07","Hydrolysate","Hydrolysate_15","BL15_D07","ASV","bray"
"Y3.3t90",0.118431791831306,-0.285454698368481,"BL15_D90_Tk3_F03","Intestine","yes","yes","BL15","blue_whiting_hydrolysate_15",15,0,90,3,3,"BL15_D90","/home/dani/descartes_exp2/result_X204SC25103850-Z01-F001/01.RawData/Y3.3t90/Y3.3t90.raw_1.fastq.gz","/home/dani/descartes_exp2/result_X204SC25103850-Z01-F001/01.RawData/Y3.3t90/Y3.3t90.raw_2.fastq.gz","/home/dani/descartes_exp2/custom_dada2_preprocessing/data/raw_reads/by_sample/Y3.3t90/Y3.3t90.raw_1.fastq.gz","/home/dani/descartes_exp2/custom_dada2_preprocessing/data/raw_reads/by_sample/Y3.3t90/Y3.3t90.raw_2.fastq.gz","BL15","blue_whiting_hydrolysate_15","D90",64145,64145,59151,59090,57303,89.3335411957284,"D90","Hydrolysate","Hydrolysate_15","BL15_D90","ASV","bray"
"Y3.4t30",0.261955602793843,0.0365780338379425,"BL15_D30_Tk3_F04","Intestine","yes","yes","BL15","blue_whiting_hydrolysate_15",15,0,30,3,4,"BL15_D30","/home/dani/descartes_exp2/result_X204SC25103850-Z01-F001/01.RawData/Y3.4t30/Y3.4t30.raw_1.fastq.gz","/home/dani/descartes_exp2/result_X204SC25103850-Z01-F001/01.RawData/Y3.4t30/Y3.4t30.raw_2.fastq.gz","/home/dani/descartes_exp2/custom_dada2_preprocessing/data/raw_reads/by_sample/Y3.4t30/Y3.4t30.raw_1.fastq.gz","/home/dani/descartes_exp2/custom_dada2_preprocessing/data/raw_reads/by_sample/Y3.4t30/Y3.4t30.raw_2.fastq.gz","BL15","blue_whiting_hydrolysate_15","D30",63363,63363,57892,57701,54952,86.7256916497009,"D30","Hydrolysate","Hydrolysate_15","BL15_D30","ASV","bray"
"Y3.4t7",0.366130592329959,-0.0818847193719154,"BL15_D07_Tk3_F04","Intestine","yes","yes","BL15","blue_whiting_hydrolysate_15",15,0,7,3,4,"BL15_D07","/home/dani/descartes_exp2/result_X204SC25103850-Z01-F001/01.RawData/Y3.4t7/Y3.4t7.raw_1.fastq.gz","/home/dani/descartes_exp2/result_X204SC25103850-Z01-F001/01.RawData/Y3.4t7/Y3.4t7.raw_2.fastq.gz","/home/dani/descartes_exp2/custom_dada2_preprocessing/data/raw_reads/by_sample/Y3.4t7/Y3.4t7.raw_1.fastq.gz","/home/dani/descartes_exp2/custom_dada2_preprocessing/data/raw_reads/by_sample/Y3.4t7/Y3.4t7.raw_2.fastq.gz","BL15","blue_whiting_hydrolysate_15","D07",64954,64954,59284,59038,58719,90.4008990978231,"D07","Hydrolysate","Hydrolysate_15","BL15_D07","ASV","bray"
"Y3.4t90",-0.587116260678378,-0.239059972284597,"BL15_D90_Tk3_F04","Intestine","yes","yes","BL15","blue_whiting_hydrolysate_15",15,0,90,3,4,"BL15_D90","/home/dani/descartes_exp2/result_X204SC25103850-Z01-F001/01.RawData/Y3.4t90/Y3.4t90.raw_1.fastq.gz","/home/dani/descartes_exp2/result_X204SC25103850-Z01-F001/01.RawData/Y3.4t90/Y3.4t90.raw_2.fastq.gz","/home/dani/descartes_exp2/custom_dada2_preprocessing/data/raw_reads/by_sample/Y3.4t90/Y3.4t90.raw_1.fastq.gz","/home/dani/descartes_exp2/custom_dada2_preprocessing/data/raw_reads/by_sample/Y3.4t90/Y3.4t90.raw_2.fastq.gz","BL15","blue_whiting_hydrolysate_15","D90",65469,65469,59834,59694,59691,91.1744489758512,"D90","Hydrolysate","Hydrolysate_15","BL15_D90","ASV","bray"
"Y3.5t30",0.389236920764853,-0.0727385488726012,"BL15_D30_Tk3_F05","Intestine","yes","yes","BL15","blue_whiting_hydrolysate_15",15,0,30,3,5,"BL15_D30","/home/dani/descartes_exp2/result_X204SC25103850-Z01-F001/01.RawData/Y3.5t30/Y3.5t30.raw_1.fastq.gz","/home/dani/descartes_exp2/result_X204SC25103850-Z01-F001/01.RawData/Y3.5t30/Y3.5t30.raw_2.fastq.gz","/home/dani/descartes_exp2/custom_dada2_preprocessing/data/raw_reads/by_sample/Y3.5t30/Y3.5t30.raw_1.fastq.gz","/home/dani/descartes_exp2/custom_dada2_preprocessing/data/raw_reads/by_sample/Y3.5t30/Y3.5t30.raw_2.fastq.gz","BL15","blue_whiting_hydrolysate_15","D30",65217,65217,59293,59237,54429,83.4583007498045,"D30","Hydrolysate","Hydrolysate_15","BL15_D30","ASV","bray"
"Y3.5t7",0.360719854248594,-0.0743519014967932,"BL15_D07_Tk3_F05","Intestine","yes","yes","BL15","blue_whiting_hydrolysate_15",15,0,7,3,5,"BL15_D07","/home/dani/descartes_exp2/result_X204SC25103850-Z01-F001/01.RawData/Y3.5t7/Y3.5t7.raw_1.fastq.gz","/home/dani/descartes_exp2/result_X204SC25103850-Z01-F001/01.RawData/Y3.5t7/Y3.5t7.raw_2.fastq.gz","/home/dani/descartes_exp2/custom_dada2_preprocessing/data/raw_reads/by_sample/Y3.5t7/Y3.5t7.raw_1.fastq.gz","/home/dani/descartes_exp2/custom_dada2_preprocessing/data/raw_reads/by_sample/Y3.5t7/Y3.5t7.raw_2.fastq.gz","BL15","blue_whiting_hydrolysate_15","D07",79328,79328,73204,71886,70259,88.5677188382412,"D07","Hydrolysate","Hydrolysate_15","BL15_D07","ASV","bray"
"Y3.5t90",0.113835337982439,-0.289870710760437,"BL15_D90_Tk3_F05","Intestine","yes","yes","BL15","blue_whiting_hydrolysate_15",15,0,90,3,5,"BL15_D90","/home/dani/descartes_exp2/result_X204SC25103850-Z01-F001/01.RawData/Y3.5t90/Y3.5t90.raw_1.fastq.gz","/home/dani/descartes_exp2/result_X204SC25103850-Z01-F001/01.RawData/Y3.5t90/Y3.5t90.raw_2.fastq.gz","/home/dani/descartes_exp2/custom_dada2_preprocessing/data/raw_reads/by_sample/Y3.5t90/Y3.5t90.raw_1.fastq.gz","/home/dani/descartes_exp2/custom_dada2_preprocessing/data/raw_reads/by_sample/Y3.5t90/Y3.5t90.raw_2.fastq.gz","BL15","blue_whiting_hydrolysate_15","D90",66095,66095,60572,60485,58794,88.9537786519404,"D90","Hydrolysate","Hydrolysate_15","BL15_D90","ASV","bray"
"Z1.1t30",-0.00711570909037474,-0.0431098240780886,"BL30_D30_Tk1_F01","Intestine","yes","yes","BL30","blue_whiting_hydrolysate_30",30,0,30,1,1,"BL30_D30","/home/dani/descartes_exp2/result_X204SC25103850-Z01-F001/01.RawData/Z1.1t30/Z1.1t30.raw_1.fastq.gz","/home/dani/descartes_exp2/result_X204SC25103850-Z01-F001/01.RawData/Z1.1t30/Z1.1t30.raw_2.fastq.gz","/home/dani/descartes_exp2/custom_dada2_preprocessing/data/raw_reads/by_sample/Z1.1t30/Z1.1t30.raw_1.fastq.gz","/home/dani/descartes_exp2/custom_dada2_preprocessing/data/raw_reads/by_sample/Z1.1t30/Z1.1t30.raw_2.fastq.gz","BL30","blue_whiting_hydrolysate_30","D30",72440,72440,66229,65929,47500,65.5715074544451,"D30","Hydrolysate","Hydrolysate_30","BL30_D30","ASV","bray"
"Z1.1t7",-0.0589285925065909,0.423526171120004,"BL30_D07_Tk1_F01","Intestine","yes","yes","BL30","blue_whiting_hydrolysate_30",30,0,7,1,1,"BL30_D07","/home/dani/descartes_exp2/result_X204SC25103850-Z01-F001/01.RawData/Z1.1t7/Z1.1t7.raw_1.fastq.gz","/home/dani/descartes_exp2/result_X204SC25103850-Z01-F001/01.RawData/Z1.1t7/Z1.1t7.raw_2.fastq.gz","/home/dani/descartes_exp2/custom_dada2_preprocessing/data/raw_reads/by_sample/Z1.1t7/Z1.1t7.raw_1.fastq.gz","/home/dani/descartes_exp2/custom_dada2_preprocessing/data/raw_reads/by_sample/Z1.1t7/Z1.1t7.raw_2.fastq.gz","BL30","blue_whiting_hydrolysate_30","D07",64747,64747,59323,58638,56550,87.3399539747015,"D07","Hydrolysate","Hydrolysate_30","BL30_D07","ASV","bray"
"Z1.1t90",0.350404010979565,-0.137349248138672,"BL30_D90_Tk1_F01","Intestine","yes","yes","BL30","blue_whiting_hydrolysate_30",30,0,90,1,1,"BL30_D90","/home/dani/descartes_exp2/result_X204SC25103850-Z01-F001/01.RawData/Z1.1t90/Z1.1t90.raw_1.fastq.gz","/home/dani/descartes_exp2/result_X204SC25103850-Z01-F001/01.RawData/Z1.1t90/Z1.1t90.raw_2.fastq.gz","/home/dani/descartes_exp2/custom_dada2_preprocessing/data/raw_reads/by_sample/Z1.1t90/Z1.1t90.raw_1.fastq.gz","/home/dani/descartes_exp2/custom_dada2_preprocessing/data/raw_reads/by_sample/Z1.1t90/Z1.1t90.raw_2.fastq.gz","BL30","blue_whiting_hydrolysate_30","D90",64893,64893,59935,59864,58954,90.8480113417472,"D90","Hydrolysate","Hydrolysate_30","BL30_D90","ASV","bray"
"Z1.2t30",-0.0952978578017984,0.208835202656889,"BL30_D30_Tk1_F02","Intestine","yes","yes","BL30","blue_whiting_hydrolysate_30",30,0,30,1,2,"BL30_D30","/home/dani/descartes_exp2/result_X204SC25103850-Z01-F001/01.RawData/Z1.2t30/Z1.2t30.raw_1.fastq.gz","/home/dani/descartes_exp2/result_X204SC25103850-Z01-F001/01.RawData/Z1.2t30/Z1.2t30.raw_2.fastq.gz","/home/dani/descartes_exp2/custom_dada2_preprocessing/data/raw_reads/by_sample/Z1.2t30/Z1.2t30.raw_1.fastq.gz","/home/dani/descartes_exp2/custom_dada2_preprocessing/data/raw_reads/by_sample/Z1.2t30/Z1.2t30.raw_2.fastq.gz","BL30","blue_whiting_hydrolysate_30","D30",79921,79921,71797,71607,64993,81.3215550355977,"D30","Hydrolysate","Hydrolysate_30","BL30_D30","ASV","bray"
"Z1.2t7",-0.148913943867485,0.439181359698378,"BL30_D07_Tk1_F02","Intestine","yes","yes","BL30","blue_whiting_hydrolysate_30",30,0,7,1,2,"BL30_D07","/home/dani/descartes_exp2/result_X204SC25103850-Z01-F001/01.RawData/Z1.2t7/Z1.2t7.raw_1.fastq.gz","/home/dani/descartes_exp2/result_X204SC25103850-Z01-F001/01.RawData/Z1.2t7/Z1.2t7.raw_2.fastq.gz","/home/dani/descartes_exp2/custom_dada2_preprocessing/data/raw_reads/by_sample/Z1.2t7/Z1.2t7.raw_1.fastq.gz","/home/dani/descartes_exp2/custom_dada2_preprocessing/data/raw_reads/by_sample/Z1.2t7/Z1.2t7.raw_2.fastq.gz","BL30","blue_whiting_hydrolysate_30","D07",64607,64607,59761,58731,51747,80.0950361415946,"D07","Hydrolysate","Hydrolysate_30","BL30_D07","ASV","bray"
"Z1.2t90",-0.588658155060829,-0.241945667134029,"BL30_D90_Tk1_F02","Intestine","yes","yes","BL30","blue_whiting_hydrolysate_30",30,0,90,1,2,"BL30_D90","/home/dani/descartes_exp2/result_X204SC25103850-Z01-F001/01.RawData/Z1.2t90/Z1.2t90.raw_1.fastq.gz","/home/dani/descartes_exp2/result_X204SC25103850-Z01-F001/01.RawData/Z1.2t90/Z1.2t90.raw_2.fastq.gz","/home/dani/descartes_exp2/custom_dada2_preprocessing/data/raw_reads/by_sample/Z1.2t90/Z1.2t90.raw_1.fastq.gz","/home/dani/descartes_exp2/custom_dada2_preprocessing/data/raw_reads/by_sample/Z1.2t90/Z1.2t90.raw_2.fastq.gz","BL30","blue_whiting_hydrolysate_30","D90",64338,64338,57398,57368,57368,89.1665889520967,"D90","Hydrolysate","Hydrolysate_30","BL30_D90","ASV","bray"
"Z1.3t30",0.381589449106604,-0.0776439571212576,"BL30_D30_Tk1_F03","Intestine","yes","yes","BL30","blue_whiting_hydrolysate_30",30,0,30,1,3,"BL30_D30","/home/dani/descartes_exp2/result_X204SC25103850-Z01-F001/01.RawData/Z1.3t30/Z1.3t30.raw_1.fastq.gz","/home/dani/descartes_exp2/result_X204SC25103850-Z01-F001/01.RawData/Z1.3t30/Z1.3t30.raw_2.fastq.gz","/home/dani/descartes_exp2/custom_dada2_preprocessing/data/raw_reads/by_sample/Z1.3t30/Z1.3t30.raw_1.fastq.gz","/home/dani/descartes_exp2/custom_dada2_preprocessing/data/raw_reads/by_sample/Z1.3t30/Z1.3t30.raw_2.fastq.gz","BL30","blue_whiting_hydrolysate_30","D30",62088,62088,56409,56255,51157,82.394343512434,"D30","Hydrolysate","Hydrolysate_30","BL30_D30","ASV","bray"
"Z1.3t7",0.391368091105561,-0.097004519242899,"BL30_D07_Tk1_F03","Intestine","yes","yes","BL30","blue_whiting_hydrolysate_30",30,0,7,1,3,"BL30_D07","/home/dani/descartes_exp2/result_X204SC25103850-Z01-F001/01.RawData/Z1.3t7/Z1.3t7.raw_1.fastq.gz","/home/dani/descartes_exp2/result_X204SC25103850-Z01-F001/01.RawData/Z1.3t7/Z1.3t7.raw_2.fastq.gz","/home/dani/descartes_exp2/custom_dada2_preprocessing/data/raw_reads/by_sample/Z1.3t7/Z1.3t7.raw_1.fastq.gz","/home/dani/descartes_exp2/custom_dada2_preprocessing/data/raw_reads/by_sample/Z1.3t7/Z1.3t7.raw_2.fastq.gz","BL30","blue_whiting_hydrolysate_30","D07",68442,68442,61359,61318,60788,88.8168083925075,"D07","Hydrolysate","Hydrolysate_30","BL30_D07","ASV","bray"
"Z1.3t90",-0.58673894590408,-0.240171265494453,"BL30_D90_Tk1_F03","Intestine","yes","yes","BL30","blue_whiting_hydrolysate_30",30,0,90,1,3,"BL30_D90","/home/dani/descartes_exp2/result_X204SC25103850-Z01-F001/01.RawData/Z1.3t90/Z1.3t90.raw_1.fastq.gz","/home/dani/descartes_exp2/result_X204SC25103850-Z01-F001/01.RawData/Z1.3t90/Z1.3t90.raw_2.fastq.gz","/home/dani/descartes_exp2/custom_dada2_preprocessing/data/raw_reads/by_sample/Z1.3t90/Z1.3t90.raw_1.fastq.gz","/home/dani/descartes_exp2/custom_dada2_preprocessing/data/raw_reads/by_sample/Z1.3t90/Z1.3t90.raw_2.fastq.gz","BL30","blue_whiting_hydrolysate_30","D90",63616,63616,58209,58183,58176,91.4486921529175,"D90","Hydrolysate","Hydrolysate_30","BL30_D90","ASV","bray"
"Z1.4t30",-0.185565238088228,0.0624761876811628,"BL30_D30_Tk1_F04","Intestine","yes","yes","BL30","blue_whiting_hydrolysate_30",30,0,30,1,4,"BL30_D30","/home/dani/descartes_exp2/result_X204SC25103850-Z01-F001/01.RawData/Z1.4t30/Z1.4t30.raw_1.fastq.gz","/home/dani/descartes_exp2/result_X204SC25103850-Z01-F001/01.RawData/Z1.4t30/Z1.4t30.raw_2.fastq.gz","/home/dani/descartes_exp2/custom_dada2_preprocessing/data/raw_reads/by_sample/Z1.4t30/Z1.4t30.raw_1.fastq.gz","/home/dani/descartes_exp2/custom_dada2_preprocessing/data/raw_reads/by_sample/Z1.4t30/Z1.4t30.raw_2.fastq.gz","BL30","blue_whiting_hydrolysate_30","D30",64809,64809,59789,59267,45234,69.795861685877,"D30","Hydrolysate","Hydrolysate_30","BL30_D30","ASV","bray"
"Z1.4t7",0.388037202370912,-0.0715679901038735,"BL30_D07_Tk1_F04","Intestine","yes","yes","BL30","blue_whiting_hydrolysate_30",30,0,7,1,4,"BL30_D07","/home/dani/descartes_exp2/result_X204SC25103850-Z01-F001/01.RawData/Z1.4t7/Z1.4t7.raw_1.fastq.gz","/home/dani/descartes_exp2/result_X204SC25103850-Z01-F001/01.RawData/Z1.4t7/Z1.4t7.raw_2.fastq.gz","/home/dani/descartes_exp2/custom_dada2_preprocessing/data/raw_reads/by_sample/Z1.4t7/Z1.4t7.raw_1.fastq.gz","/home/dani/descartes_exp2/custom_dada2_preprocessing/data/raw_reads/by_sample/Z1.4t7/Z1.4t7.raw_2.fastq.gz","BL30","blue_whiting_hydrolysate_30","D07",65483,65483,59680,59424,56791,86.7263259166501,"D07","Hydrolysate","Hydrolysate_30","BL30_D07","ASV","bray"
"Z1.4t90",-0.520256688970283,-0.247430652591379,"BL30_D90_Tk1_F04","Intestine","yes","yes","BL30","blue_whiting_hydrolysate_30",30,0,90,1,4,"BL30_D90","/home/dani/descartes_exp2/result_X204SC25103850-Z01-F001/01.RawData/Z1.4t90/Z1.4t90.raw_1.fastq.gz","/home/dani/descartes_exp2/result_X204SC25103850-Z01-F001/01.RawData/Z1.4t90/Z1.4t90.raw_2.fastq.gz","/home/dani/descartes_exp2/custom_dada2_preprocessing/data/raw_reads/by_sample/Z1.4t90/Z1.4t90.raw_1.fastq.gz","/home/dani/descartes_exp2/custom_dada2_preprocessing/data/raw_reads/by_sample/Z1.4t90/Z1.4t90.raw_2.fastq.gz","BL30","blue_whiting_hydrolysate_30","D90",65836,65836,59853,59761,59546,90.4459566194787,"D90","Hydrolysate","Hydrolysate_30","BL30_D90","ASV","bray"
"Z1.5t30",0.308090902090903,-0.0338959690306244,"BL30_D30_Tk1_F05","Intestine","yes","yes","BL30","blue_whiting_hydrolysate_30",30,0,30,1,5,"BL30_D30","/home/dani/descartes_exp2/result_X204SC25103850-Z01-F001/01.RawData/Z1.5t30/Z1.5t30.raw_1.fastq.gz","/home/dani/descartes_exp2/result_X204SC25103850-Z01-F001/01.RawData/Z1.5t30/Z1.5t30.raw_2.fastq.gz","/home/dani/descartes_exp2/custom_dada2_preprocessing/data/raw_reads/by_sample/Z1.5t30/Z1.5t30.raw_1.fastq.gz","/home/dani/descartes_exp2/custom_dada2_preprocessing/data/raw_reads/by_sample/Z1.5t30/Z1.5t30.raw_2.fastq.gz","BL30","blue_whiting_hydrolysate_30","D30",79288,79288,71572,71404,58466,73.7387750983756,"D30","Hydrolysate","Hydrolysate_30","BL30_D30","ASV","bray"
"Z1.5t7",0.386457901865063,-0.10056130169083,"BL30_D07_Tk1_F05","Intestine","yes","yes","BL30","blue_whiting_hydrolysate_30",30,0,7,1,5,"BL30_D07","/home/dani/descartes_exp2/result_X204SC25103850-Z01-F001/01.RawData/Z1.5t7/Z1.5t7.raw_1.fastq.gz","/home/dani/descartes_exp2/result_X204SC25103850-Z01-F001/01.RawData/Z1.5t7/Z1.5t7.raw_2.fastq.gz","/home/dani/descartes_exp2/custom_dada2_preprocessing/data/raw_reads/by_sample/Z1.5t7/Z1.5t7.raw_1.fastq.gz","/home/dani/descartes_exp2/custom_dada2_preprocessing/data/raw_reads/by_sample/Z1.5t7/Z1.5t7.raw_2.fastq.gz","BL30","blue_whiting_hydrolysate_30","D07",62610,62610,57139,57107,56601,90.402491614758,"D07","Hydrolysate","Hydrolysate_30","BL30_D07","ASV","bray"
"Z2.1t7",-0.191184228200689,0.585641780299707,"BL30_D07_Tk2_F01","Intestine","yes","yes","BL30","blue_whiting_hydrolysate_30",30,0,7,2,1,"BL30_D07","/home/dani/descartes_exp2/result_X204SC25103850-Z01-F001/01.RawData/Z2.1t7/Z2.1t7.raw_1.fastq.gz","/home/dani/descartes_exp2/result_X204SC25103850-Z01-F001/01.RawData/Z2.1t7/Z2.1t7.raw_2.fastq.gz","/home/dani/descartes_exp2/custom_dada2_preprocessing/data/raw_reads/by_sample/Z2.1t7/Z2.1t7.raw_1.fastq.gz","/home/dani/descartes_exp2/custom_dada2_preprocessing/data/raw_reads/by_sample/Z2.1t7/Z2.1t7.raw_2.fastq.gz","BL30","blue_whiting_hydrolysate_30","D07",70959,70959,63623,55195,39604,55.8125114502741,"D07","Hydrolysate","Hydrolysate_30","BL30_D07","ASV","bray"
"Z2.1t90",-0.547445555476675,-0.230760215760896,"BL30_D90_Tk2_F01","Intestine","yes","yes","BL30","blue_whiting_hydrolysate_30",30,0,90,2,1,"BL30_D90","/home/dani/descartes_exp2/result_X204SC25103850-Z01-F001/01.RawData/Z2.1t90/Z2.1t90.raw_1.fastq.gz","/home/dani/descartes_exp2/result_X204SC25103850-Z01-F001/01.RawData/Z2.1t90/Z2.1t90.raw_2.fastq.gz","/home/dani/descartes_exp2/custom_dada2_preprocessing/data/raw_reads/by_sample/Z2.1t90/Z2.1t90.raw_1.fastq.gz","/home/dani/descartes_exp2/custom_dada2_preprocessing/data/raw_reads/by_sample/Z2.1t90/Z2.1t90.raw_2.fastq.gz","BL30","blue_whiting_hydrolysate_30","D90",66389,66389,59947,59613,58503,88.1215261564416,"D90","Hydrolysate","Hydrolysate_30","BL30_D90","ASV","bray"
"Z2.2t30",0.15468432925917,0.077265152021139,"BL30_D30_Tk2_F02","Intestine","yes","yes","BL30","blue_whiting_hydrolysate_30",30,0,30,2,2,"BL30_D30","/home/dani/descartes_exp2/result_X204SC25103850-Z01-F001/01.RawData/Z2.2t30/Z2.2t30.raw_1.fastq.gz","/home/dani/descartes_exp2/result_X204SC25103850-Z01-F001/01.RawData/Z2.2t30/Z2.2t30.raw_2.fastq.gz","/home/dani/descartes_exp2/custom_dada2_preprocessing/data/raw_reads/by_sample/Z2.2t30/Z2.2t30.raw_1.fastq.gz","/home/dani/descartes_exp2/custom_dada2_preprocessing/data/raw_reads/by_sample/Z2.2t30/Z2.2t30.raw_2.fastq.gz","BL30","blue_whiting_hydrolysate_30","D30",66371,66371,59135,58559,56907,85.7407602718055,"D30","Hydrolysate","Hydrolysate_30","BL30_D30","ASV","bray"
"Z2.2t7",-0.101640597534847,-0.0976040589659397,"BL30_D07_Tk2_F02","Intestine","yes","yes","BL30","blue_whiting_hydrolysate_30",30,0,7,2,2,"BL30_D07","/home/dani/descartes_exp2/result_X204SC25103850-Z01-F001/01.RawData/Z2.2t7/Z2.2t7.raw_1.fastq.gz","/home/dani/descartes_exp2/result_X204SC25103850-Z01-F001/01.RawData/Z2.2t7/Z2.2t7.raw_2.fastq.gz","/home/dani/descartes_exp2/custom_dada2_preprocessing/data/raw_reads/by_sample/Z2.2t7/Z2.2t7.raw_1.fastq.gz","/home/dani/descartes_exp2/custom_dada2_preprocessing/data/raw_reads/by_sample/Z2.2t7/Z2.2t7.raw_2.fastq.gz","BL30","blue_whiting_hydrolysate_30","D07",66454,66454,61064,55998,44944,67.631745267403,"D07","Hydrolysate","Hydrolysate_30","BL30_D07","ASV","bray"
"Z2.2t90",-0.0765033480530558,-0.345510027881439,"BL30_D90_Tk2_F02","Intestine","yes","yes","BL30","blue_whiting_hydrolysate_30",30,0,90,2,2,"BL30_D90","/home/dani/descartes_exp2/result_X204SC25103850-Z01-F001/01.RawData/Z2.2t90/Z2.2t90.raw_1.fastq.gz","/home/dani/descartes_exp2/result_X204SC25103850-Z01-F001/01.RawData/Z2.2t90/Z2.2t90.raw_2.fastq.gz","/home/dani/descartes_exp2/custom_dada2_preprocessing/data/raw_reads/by_sample/Z2.2t90/Z2.2t90.raw_1.fastq.gz","/home/dani/descartes_exp2/custom_dada2_preprocessing/data/raw_reads/by_sample/Z2.2t90/Z2.2t90.raw_2.fastq.gz","BL30","blue_whiting_hydrolysate_30","D90",71347,71347,65604,65353,62521,87.6294728580039,"D90","Hydrolysate","Hydrolysate_30","BL30_D90","ASV","bray"
"Z2.3t30",0.131747274184832,0.118938259745359,"BL30_D30_Tk2_F03","Intestine","yes","yes","BL30","blue_whiting_hydrolysate_30",30,0,30,2,3,"BL30_D30","/home/dani/descartes_exp2/result_X204SC25103850-Z01-F001/01.RawData/Z2.3t30/Z2.3t30.raw_1.fastq.gz","/home/dani/descartes_exp2/result_X204SC25103850-Z01-F001/01.RawData/Z2.3t30/Z2.3t30.raw_2.fastq.gz","/home/dani/descartes_exp2/custom_dada2_preprocessing/data/raw_reads/by_sample/Z2.3t30/Z2.3t30.raw_1.fastq.gz","/home/dani/descartes_exp2/custom_dada2_preprocessing/data/raw_reads/by_sample/Z2.3t30/Z2.3t30.raw_2.fastq.gz","BL30","blue_whiting_hydrolysate_30","D30",64454,64454,58506,58362,49021,76.0557917274335,"D30","Hydrolysate","Hydrolysate_30","BL30_D30","ASV","bray"
"Z2.3t7",-0.215687271666949,0.619672919947348,"BL30_D07_Tk2_F03","Intestine","yes","yes","BL30","blue_whiting_hydrolysate_30",30,0,7,2,3,"BL30_D07","/home/dani/descartes_exp2/result_X204SC25103850-Z01-F001/01.RawData/Z2.3t7/Z2.3t7.raw_1.fastq.gz","/home/dani/descartes_exp2/result_X204SC25103850-Z01-F001/01.RawData/Z2.3t7/Z2.3t7.raw_2.fastq.gz","/home/dani/descartes_exp2/custom_dada2_preprocessing/data/raw_reads/by_sample/Z2.3t7/Z2.3t7.raw_1.fastq.gz","/home/dani/descartes_exp2/custom_dada2_preprocessing/data/raw_reads/by_sample/Z2.3t7/Z2.3t7.raw_2.fastq.gz","BL30","blue_whiting_hydrolysate_30","D07",63308,63308,55834,49369,39576,62.5134264232009,"D07","Hydrolysate","Hydrolysate_30","BL30_D07","ASV","bray"
"Z2.3t90",-0.588832705069239,-0.242011245369127,"BL30_D90_Tk2_F03","Intestine","yes","yes","BL30","blue_whiting_hydrolysate_30",30,0,90,2,3,"BL30_D90","/home/dani/descartes_exp2/result_X204SC25103850-Z01-F001/01.RawData/Z2.3t90/Z2.3t90.raw_1.fastq.gz","/home/dani/descartes_exp2/result_X204SC25103850-Z01-F001/01.RawData/Z2.3t90/Z2.3t90.raw_2.fastq.gz","/home/dani/descartes_exp2/custom_dada2_preprocessing/data/raw_reads/by_sample/Z2.3t90/Z2.3t90.raw_1.fastq.gz","/home/dani/descartes_exp2/custom_dada2_preprocessing/data/raw_reads/by_sample/Z2.3t90/Z2.3t90.raw_2.fastq.gz","BL30","blue_whiting_hydrolysate_30","D90",62755,62755,56550,56470,56339,89.7761134570951,"D90","Hydrolysate","Hydrolysate_30","BL30_D90","ASV","bray"
"Z2.4t30",0.00057856252301287,0.205077863414014,"BL30_D30_Tk2_F04","Intestine","yes","yes","BL30","blue_whiting_hydrolysate_30",30,0,30,2,4,"BL30_D30","/home/dani/descartes_exp2/result_X204SC25103850-Z01-F001/01.RawData/Z2.4t30/Z2.4t30.raw_1.fastq.gz","/home/dani/descartes_exp2/result_X204SC25103850-Z01-F001/01.RawData/Z2.4t30/Z2.4t30.raw_2.fastq.gz","/home/dani/descartes_exp2/custom_dada2_preprocessing/data/raw_reads/by_sample/Z2.4t30/Z2.4t30.raw_1.fastq.gz","/home/dani/descartes_exp2/custom_dada2_preprocessing/data/raw_reads/by_sample/Z2.4t30/Z2.4t30.raw_2.fastq.gz","BL30","blue_whiting_hydrolysate_30","D30",66441,66441,60041,59884,56783,85.4637949458919,"D30","Hydrolysate","Hydrolysate_30","BL30_D30","ASV","bray"
"Z2.4t7",-0.216070877069647,0.610982507908139,"BL30_D07_Tk2_F04","Intestine","yes","yes","BL30","blue_whiting_hydrolysate_30",30,0,7,2,4,"BL30_D07","/home/dani/descartes_exp2/result_X204SC25103850-Z01-F001/01.RawData/Z2.4t7/Z2.4t7.raw_1.fastq.gz","/home/dani/descartes_exp2/result_X204SC25103850-Z01-F001/01.RawData/Z2.4t7/Z2.4t7.raw_2.fastq.gz","/home/dani/descartes_exp2/custom_dada2_preprocessing/data/raw_reads/by_sample/Z2.4t7/Z2.4t7.raw_1.fastq.gz","/home/dani/descartes_exp2/custom_dada2_preprocessing/data/raw_reads/by_sample/Z2.4t7/Z2.4t7.raw_2.fastq.gz","BL30","blue_whiting_hydrolysate_30","D07",63178,63178,55238,48291,37792,59.8182911773086,"D07","Hydrolysate","Hydrolysate_30","BL30_D07","ASV","bray"
"Z2.4t90",0.0952373803027478,-0.287190033801436,"BL30_D90_Tk2_F04","Intestine","yes","yes","BL30","blue_whiting_hydrolysate_30",30,0,90,2,4,"BL30_D90","/home/dani/descartes_exp2/result_X204SC25103850-Z01-F001/01.RawData/Z2.4t90/Z2.4t90.raw_1.fastq.gz","/home/dani/descartes_exp2/result_X204SC25103850-Z01-F001/01.RawData/Z2.4t90/Z2.4t90.raw_2.fastq.gz","/home/dani/descartes_exp2/custom_dada2_preprocessing/data/raw_reads/by_sample/Z2.4t90/Z2.4t90.raw_1.fastq.gz","/home/dani/descartes_exp2/custom_dada2_preprocessing/data/raw_reads/by_sample/Z2.4t90/Z2.4t90.raw_2.fastq.gz","BL30","blue_whiting_hydrolysate_30","D90",63774,63774,58967,58873,56773,89.022172045034,"D90","Hydrolysate","Hydrolysate_30","BL30_D90","ASV","bray"
"Z2.5t30",0.310829869015589,-0.017717109175112,"BL30_D30_Tk2_F05","Intestine","yes","yes","BL30","blue_whiting_hydrolysate_30",30,0,30,2,5,"BL30_D30","/home/dani/descartes_exp2/result_X204SC25103850-Z01-F001/01.RawData/Z2.5t30/Z2.5t30.raw_1.fastq.gz","/home/dani/descartes_exp2/result_X204SC25103850-Z01-F001/01.RawData/Z2.5t30/Z2.5t30.raw_2.fastq.gz","/home/dani/descartes_exp2/custom_dada2_preprocessing/data/raw_reads/by_sample/Z2.5t30/Z2.5t30.raw_1.fastq.gz","/home/dani/descartes_exp2/custom_dada2_preprocessing/data/raw_reads/by_sample/Z2.5t30/Z2.5t30.raw_2.fastq.gz","BL30","blue_whiting_hydrolysate_30","D30",62269,62269,56499,56004,41498,66.6431129454464,"D30","Hydrolysate","Hydrolysate_30","BL30_D30","ASV","bray"
"Z2.5t7",0.376514142745349,-0.0761632787442059,"BL30_D07_Tk2_F05","Intestine","yes","yes","BL30","blue_whiting_hydrolysate_30",30,0,7,2,5,"BL30_D07","/home/dani/descartes_exp2/result_X204SC25103850-Z01-F001/01.RawData/Z2.5t7/Z2.5t7.raw_1.fastq.gz","/home/dani/descartes_exp2/result_X204SC25103850-Z01-F001/01.RawData/Z2.5t7/Z2.5t7.raw_2.fastq.gz","/home/dani/descartes_exp2/custom_dada2_preprocessing/data/raw_reads/by_sample/Z2.5t7/Z2.5t7.raw_1.fastq.gz","/home/dani/descartes_exp2/custom_dada2_preprocessing/data/raw_reads/by_sample/Z2.5t7/Z2.5t7.raw_2.fastq.gz","BL30","blue_whiting_hydrolysate_30","D07",62910,62910,58618,57847,57166,90.8694961055476,"D07","Hydrolysate","Hydrolysate_30","BL30_D07","ASV","bray"
"Z2.5t90",-0.568816977440906,-0.223937456790594,"BL30_D90_Tk2_F05","Intestine","yes","yes","BL30","blue_whiting_hydrolysate_30",30,0,90,2,5,"BL30_D90","/home/dani/descartes_exp2/result_X204SC25103850-Z01-F001/01.RawData/Z2.5t90/Z2.5t90.raw_1.fastq.gz","/home/dani/descartes_exp2/result_X204SC25103850-Z01-F001/01.RawData/Z2.5t90/Z2.5t90.raw_2.fastq.gz","/home/dani/descartes_exp2/custom_dada2_preprocessing/data/raw_reads/by_sample/Z2.5t90/Z2.5t90.raw_1.fastq.gz","/home/dani/descartes_exp2/custom_dada2_preprocessing/data/raw_reads/by_sample/Z2.5t90/Z2.5t90.raw_2.fastq.gz","BL30","blue_whiting_hydrolysate_30","D90",77731,77731,71678,71525,71412,91.8706822245951,"D90","Hydrolysate","Hydrolysate_30","BL30_D90","ASV","bray"
"Z3.1t30",0.246140681543463,-0.134845811787714,"BL30_D30_Tk3_F01","Intestine","yes","yes","BL30","blue_whiting_hydrolysate_30",30,0,30,3,1,"BL30_D30","/home/dani/descartes_exp2/result_X204SC25103850-Z01-F001/01.RawData/Z3.1t30/Z3.1t30.raw_1.fastq.gz","/home/dani/descartes_exp2/result_X204SC25103850-Z01-F001/01.RawData/Z3.1t30/Z3.1t30.raw_2.fastq.gz","/home/dani/descartes_exp2/custom_dada2_preprocessing/data/raw_reads/by_sample/Z3.1t30/Z3.1t30.raw_1.fastq.gz","/home/dani/descartes_exp2/custom_dada2_preprocessing/data/raw_reads/by_sample/Z3.1t30/Z3.1t30.raw_2.fastq.gz","BL30","blue_whiting_hydrolysate_30","D30",73011,73011,67148,66865,65664,89.9371327608169,"D30","Hydrolysate","Hydrolysate_30","BL30_D30","ASV","bray"
"Z3.1t7",-0.211826598768818,0.593767443212462,"BL30_D07_Tk3_F01","Intestine","yes","yes","BL30","blue_whiting_hydrolysate_30",30,0,7,3,1,"BL30_D07","/home/dani/descartes_exp2/result_X204SC25103850-Z01-F001/01.RawData/Z3.1t7/Z3.1t7.raw_1.fastq.gz","/home/dani/descartes_exp2/result_X204SC25103850-Z01-F001/01.RawData/Z3.1t7/Z3.1t7.raw_2.fastq.gz","/home/dani/descartes_exp2/custom_dada2_preprocessing/data/raw_reads/by_sample/Z3.1t7/Z3.1t7.raw_1.fastq.gz","/home/dani/descartes_exp2/custom_dada2_preprocessing/data/raw_reads/by_sample/Z3.1t7/Z3.1t7.raw_2.fastq.gz","BL30","blue_whiting_hydrolysate_30","D07",71460,71460,59746,54473,44782,62.667226420375,"D07","Hydrolysate","Hydrolysate_30","BL30_D07","ASV","bray"
"Z3.1t90",-0.10121088645456,0.00403090814496358,"BL30_D90_Tk3_F01","Intestine","yes","yes","BL30","blue_whiting_hydrolysate_30",30,0,90,3,1,"BL30_D90","/home/dani/descartes_exp2/result_X204SC25103850-Z01-F001/01.RawData/Z3.1t90/Z3.1t90.raw_1.fastq.gz","/home/dani/descartes_exp2/result_X204SC25103850-Z01-F001/01.RawData/Z3.1t90/Z3.1t90.raw_2.fastq.gz","/home/dani/descartes_exp2/custom_dada2_preprocessing/data/raw_reads/by_sample/Z3.1t90/Z3.1t90.raw_1.fastq.gz","/home/dani/descartes_exp2/custom_dada2_preprocessing/data/raw_reads/by_sample/Z3.1t90/Z3.1t90.raw_2.fastq.gz","BL30","blue_whiting_hydrolysate_30","D90",72859,72859,67596,66664,54049,74.1830110212877,"D90","Hydrolysate","Hydrolysate_30","BL30_D90","ASV","bray"
"Z3.2t30",0.348928245458356,-0.0517783074896982,"BL30_D30_Tk3_F02","Intestine","yes","yes","BL30","blue_whiting_hydrolysate_30",30,0,30,3,2,"BL30_D30","/home/dani/descartes_exp2/result_X204SC25103850-Z01-F001/01.RawData/Z3.2t30/Z3.2t30.raw_1.fastq.gz","/home/dani/descartes_exp2/result_X204SC25103850-Z01-F001/01.RawData/Z3.2t30/Z3.2t30.raw_2.fastq.gz","/home/dani/descartes_exp2/custom_dada2_preprocessing/data/raw_reads/by_sample/Z3.2t30/Z3.2t30.raw_1.fastq.gz","/home/dani/descartes_exp2/custom_dada2_preprocessing/data/raw_reads/by_sample/Z3.2t30/Z3.2t30.raw_2.fastq.gz","BL30","blue_whiting_hydrolysate_30","D30",65062,65062,58620,58548,58321,89.6391134610064,"D30","Hydrolysate","Hydrolysate_30","BL30_D30","ASV","bray"
"Z3.2t7",0.368751102801354,-0.0819251308738465,"BL30_D07_Tk3_F02","Intestine","yes","yes","BL30","blue_whiting_hydrolysate_30",30,0,7,3,2,"BL30_D07","/home/dani/descartes_exp2/result_X204SC25103850-Z01-F001/01.RawData/Z3.2t7/Z3.2t7.raw_1.fastq.gz","/home/dani/descartes_exp2/result_X204SC25103850-Z01-F001/01.RawData/Z3.2t7/Z3.2t7.raw_2.fastq.gz","/home/dani/descartes_exp2/custom_dada2_preprocessing/data/raw_reads/by_sample/Z3.2t7/Z3.2t7.raw_1.fastq.gz","/home/dani/descartes_exp2/custom_dada2_preprocessing/data/raw_reads/by_sample/Z3.2t7/Z3.2t7.raw_2.fastq.gz","BL30","blue_whiting_hydrolysate_30","D07",64233,64233,57928,57850,57604,89.6797596251148,"D07","Hydrolysate","Hydrolysate_30","BL30_D07","ASV","bray"
"Z3.2t90",-0.588467690036918,-0.242865594011697,"BL30_D90_Tk3_F02","Intestine","yes","yes","BL30","blue_whiting_hydrolysate_30",30,0,90,3,2,"BL30_D90","/home/dani/descartes_exp2/result_X204SC25103850-Z01-F001/01.RawData/Z3.2t90/Z3.2t90.raw_1.fastq.gz","/home/dani/descartes_exp2/result_X204SC25103850-Z01-F001/01.RawData/Z3.2t90/Z3.2t90.raw_2.fastq.gz","/home/dani/descartes_exp2/custom_dada2_preprocessing/data/raw_reads/by_sample/Z3.2t90/Z3.2t90.raw_1.fastq.gz","/home/dani/descartes_exp2/custom_dada2_preprocessing/data/raw_reads/by_sample/Z3.2t90/Z3.2t90.raw_2.fastq.gz","BL30","blue_whiting_hydrolysate_30","D90",62131,62131,56139,56126,56118,90.3220614508056,"D90","Hydrolysate","Hydrolysate_30","BL30_D90","ASV","bray"
"Z3.3t30",0.350835855094029,-0.0998333387681528,"BL30_D30_Tk3_F03","Intestine","yes","yes","BL30","blue_whiting_hydrolysate_30",30,0,30,3,3,"BL30_D30","/home/dani/descartes_exp2/result_X204SC25103850-Z01-F001/01.RawData/Z3.3t30/Z3.3t30.raw_1.fastq.gz","/home/dani/descartes_exp2/result_X204SC25103850-Z01-F001/01.RawData/Z3.3t30/Z3.3t30.raw_2.fastq.gz","/home/dani/descartes_exp2/custom_dada2_preprocessing/data/raw_reads/by_sample/Z3.3t30/Z3.3t30.raw_1.fastq.gz","/home/dani/descartes_exp2/custom_dada2_preprocessing/data/raw_reads/by_sample/Z3.3t30/Z3.3t30.raw_2.fastq.gz","BL30","blue_whiting_hydrolysate_30","D30",64072,64072,59392,58961,58570,91.4127856161818,"D30","Hydrolysate","Hydrolysate_30","BL30_D30","ASV","bray"
"Z3.3t7",0.289225583010138,0.0212853524476977,"BL30_D07_Tk3_F03","Intestine","yes","yes","BL30","blue_whiting_hydrolysate_30",30,0,7,3,3,"BL30_D07","/home/dani/descartes_exp2/result_X204SC25103850-Z01-F001/01.RawData/Z3.3t7/Z3.3t7.raw_1.fastq.gz","/home/dani/descartes_exp2/result_X204SC25103850-Z01-F001/01.RawData/Z3.3t7/Z3.3t7.raw_2.fastq.gz","/home/dani/descartes_exp2/custom_dada2_preprocessing/data/raw_reads/by_sample/Z3.3t7/Z3.3t7.raw_1.fastq.gz","/home/dani/descartes_exp2/custom_dada2_preprocessing/data/raw_reads/by_sample/Z3.3t7/Z3.3t7.raw_2.fastq.gz","BL30","blue_whiting_hydrolysate_30","D07",65152,65152,59630,59503,58791,90.2366773084479,"D07","Hydrolysate","Hydrolysate_30","BL30_D07","ASV","bray"
"Z3.3t90",-0.570464903891871,-0.220716738842569,"BL30_D90_Tk3_F03","Intestine","yes","yes","BL30","blue_whiting_hydrolysate_30",30,0,90,3,3,"BL30_D90","/home/dani/descartes_exp2/result_X204SC25103850-Z01-F001/01.RawData/Z3.3t90/Z3.3t90.raw_1.fastq.gz","/home/dani/descartes_exp2/result_X204SC25103850-Z01-F001/01.RawData/Z3.3t90/Z3.3t90.raw_2.fastq.gz","/home/dani/descartes_exp2/custom_dada2_preprocessing/data/raw_reads/by_sample/Z3.3t90/Z3.3t90.raw_1.fastq.gz","/home/dani/descartes_exp2/custom_dada2_preprocessing/data/raw_reads/by_sample/Z3.3t90/Z3.3t90.raw_2.fastq.gz","BL30","blue_whiting_hydrolysate_30","D90",72191,72191,66254,65984,65920,91.3133216051862,"D90","Hydrolysate","Hydrolysate_30","BL30_D90","ASV","bray"
"Z3.4t30",0.201052300525515,-0.231901482611001,"BL30_D30_Tk3_F04","Intestine","yes","yes","BL30","blue_whiting_hydrolysate_30",30,0,30,3,4,"BL30_D30","/home/dani/descartes_exp2/result_X204SC25103850-Z01-F001/01.RawData/Z3.4t30/Z3.4t30.raw_1.fastq.gz","/home/dani/descartes_exp2/result_X204SC25103850-Z01-F001/01.RawData/Z3.4t30/Z3.4t30.raw_2.fastq.gz","/home/dani/descartes_exp2/custom_dada2_preprocessing/data/raw_reads/by_sample/Z3.4t30/Z3.4t30.raw_1.fastq.gz","/home/dani/descartes_exp2/custom_dada2_preprocessing/data/raw_reads/by_sample/Z3.4t30/Z3.4t30.raw_2.fastq.gz","BL30","blue_whiting_hydrolysate_30","D30",67564,67564,61778,61496,60530,89.5891303060802,"D30","Hydrolysate","Hydrolysate_30","BL30_D30","ASV","bray"
"Z3.4t7",0.354970730487473,-0.0550712477702398,"BL30_D07_Tk3_F04","Intestine","yes","yes","BL30","blue_whiting_hydrolysate_30",30,0,7,3,4,"BL30_D07","/home/dani/descartes_exp2/result_X204SC25103850-Z01-F001/01.RawData/Z3.4t7/Z3.4t7.raw_1.fastq.gz","/home/dani/descartes_exp2/result_X204SC25103850-Z01-F001/01.RawData/Z3.4t7/Z3.4t7.raw_2.fastq.gz","/home/dani/descartes_exp2/custom_dada2_preprocessing/data/raw_reads/by_sample/Z3.4t7/Z3.4t7.raw_1.fastq.gz","/home/dani/descartes_exp2/custom_dada2_preprocessing/data/raw_reads/by_sample/Z3.4t7/Z3.4t7.raw_2.fastq.gz","BL30","blue_whiting_hydrolysate_30","D07",62127,62127,58271,57556,55727,89.6985207719671,"D07","Hydrolysate","Hydrolysate_30","BL30_D07","ASV","bray"
"Z3.4t90",-0.586167813955115,-0.238777924870325,"BL30_D90_Tk3_F04","Intestine","yes","yes","BL30","blue_whiting_hydrolysate_30",30,0,90,3,4,"BL30_D90","/home/dani/descartes_exp2/result_X204SC25103850-Z01-F001/01.RawData/Z3.4t90/Z3.4t90.raw_1.fastq.gz","/home/dani/descartes_exp2/result_X204SC25103850-Z01-F001/01.RawData/Z3.4t90/Z3.4t90.raw_2.fastq.gz","/home/dani/descartes_exp2/custom_dada2_preprocessing/data/raw_reads/by_sample/Z3.4t90/Z3.4t90.raw_1.fastq.gz","/home/dani/descartes_exp2/custom_dada2_preprocessing/data/raw_reads/by_sample/Z3.4t90/Z3.4t90.raw_2.fastq.gz","BL30","blue_whiting_hydrolysate_30","D90",66550,66550,59759,59614,59583,89.5311795642374,"D90","Hydrolysate","Hydrolysate_30","BL30_D90","ASV","bray"
"Z3.5t30",-0.169619059852107,-0.063803052860329,"BL30_D30_Tk3_F05","Intestine","yes","yes","BL30","blue_whiting_hydrolysate_30",30,0,30,3,5,"BL30_D30","/home/dani/descartes_exp2/result_X204SC25103850-Z01-F001/01.RawData/Z3.5t30/Z3.5t30.raw_1.fastq.gz","/home/dani/descartes_exp2/result_X204SC25103850-Z01-F001/01.RawData/Z3.5t30/Z3.5t30.raw_2.fastq.gz","/home/dani/descartes_exp2/custom_dada2_preprocessing/data/raw_reads/by_sample/Z3.5t30/Z3.5t30.raw_1.fastq.gz","/home/dani/descartes_exp2/custom_dada2_preprocessing/data/raw_reads/by_sample/Z3.5t30/Z3.5t30.raw_2.fastq.gz","BL30","blue_whiting_hydrolysate_30","D30",63913,63913,59089,57854,51348,80.3404628166414,"D30","Hydrolysate","Hydrolysate_30","BL30_D30","ASV","bray"
"Z3.5t7",0.183322892294177,0.0929039533572617,"BL30_D07_Tk3_F05","Intestine","yes","yes","BL30","blue_whiting_hydrolysate_30",30,0,7,3,5,"BL30_D07","/home/dani/descartes_exp2/result_X204SC25103850-Z01-F001/01.RawData/Z3.5t7/Z3.5t7.raw_1.fastq.gz","/home/dani/descartes_exp2/result_X204SC25103850-Z01-F001/01.RawData/Z3.5t7/Z3.5t7.raw_2.fastq.gz","/home/dani/descartes_exp2/custom_dada2_preprocessing/data/raw_reads/by_sample/Z3.5t7/Z3.5t7.raw_1.fastq.gz","/home/dani/descartes_exp2/custom_dada2_preprocessing/data/raw_reads/by_sample/Z3.5t7/Z3.5t7.raw_2.fastq.gz","BL30","blue_whiting_hydrolysate_30","D07",66440,66440,59808,59634,48849,73.5234798314269,"D07","Hydrolysate","Hydrolysate_30","BL30_D07","ASV","bray"
"Z3.5t90",-0.586243705118428,-0.235334243678159,"BL30_D90_Tk3_F05","Intestine","yes","yes","BL30","blue_whiting_hydrolysate_30",30,0,90,3,5,"BL30_D90","/home/dani/descartes_exp2/result_X204SC25103850-Z01-F001/01.RawData/Z3.5t90/Z3.5t90.raw_1.fastq.gz","/home/dani/descartes_exp2/result_X204SC25103850-Z01-F001/01.RawData/Z3.5t90/Z3.5t90.raw_2.fastq.gz","/home/dani/descartes_exp2/custom_dada2_preprocessing/data/raw_reads/by_sample/Z3.5t90/Z3.5t90.raw_1.fastq.gz","/home/dani/descartes_exp2/custom_dada2_preprocessing/data/raw_reads/by_sample/Z3.5t90/Z3.5t90.raw_2.fastq.gz","BL30","blue_whiting_hydrolysate_30","D90",69459,69459,63675,63657,63657,91.646870815877,"D90","Hydrolysate","Hydrolysate_30","BL30_D90","ASV","bray"
