"feature_type","feature_id","prevalence_fraction","mean_relative_abundance","retained_for_stats","kegg_aggregation","feature_name","annotation_source","kegg_pathways","kegg_processes","kegg_modules","kegg_process_category","feature_label","feature_label_plot"
"kegg_pathway","ko00010",1,0.0821814686272369,TRUE,"KO abundance divided equally across all assigned KEGG pathways before summing","Glycolysis / Gluconeogenesis","Normalized aggregation from KO to KEGG pathway using PICRUSt2 maps",,,,"Metabolism","Glycolysis / Gluconeogenesis [ko00010]","Glycolysis / Gluconeogenesis"
"kegg_pathway","ko00061",1,0.0227928279193015,TRUE,"KO abundance divided equally across all assigned KEGG pathways before summing","Fatty acid biosynthesis","Normalized aggregation from KO to KEGG pathway using PICRUSt2 maps",,,,"Metabolism","Fatty acid biosynthesis [ko00061]","Fatty acid biosynthesis"
"kegg_pathway","ko00062",0.169117647058824,2.54278202866102e-05,TRUE,"KO abundance divided equally across all assigned KEGG pathways before summing","Fatty acid elongation in mitochondria","Normalized aggregation from KO to KEGG pathway using PICRUSt2 maps",,,,"Metabolism","Fatty acid elongation in mitochondria [ko00062]","Fatty acid elongation in mitochondria"
"kegg_pathway","ko00071",1,0.0105912716689821,TRUE,"KO abundance divided equally across all assigned KEGG pathways before summing","Fatty acid metabolism","Normalized aggregation from KO to KEGG pathway using PICRUSt2 maps",,,,"Metabolism","Fatty acid metabolism [ko00071]","Fatty acid metabolism"
"kegg_pathway","ko00072",1,0.00176333362219525,TRUE,"KO abundance divided equally across all assigned KEGG pathways before summing","Synthesis and degradation of ketone bodies","Normalized aggregation from KO to KEGG pathway using PICRUSt2 maps",,,,"Metabolism","Synthesis and degradation of ketone bodies [ko00072]","Synthesis and degradation of ketone bodies"
"kegg_pathway","ko00100",0.301470588235294,2.76562248659856e-05,TRUE,"KO abundance divided equally across all assigned KEGG pathways before summing","Steroid biosynthesis","Normalized aggregation from KO to KEGG pathway using PICRUSt2 maps",,,,"Metabolism","Steroid biosynthesis [ko00100]","Steroid biosynthesis"
"kegg_pathway","ko00121",0.992647058823529,0.00182235350158069,TRUE,"KO abundance divided equally across all assigned KEGG pathways before summing","Secondary bile acid biosynthesis","Normalized aggregation from KO to KEGG pathway using PICRUSt2 maps",,,,"Metabolism","Secondary bile acid biosynthesis [ko00121]","Secondary bile acid biosynthesis"
"kegg_pathway","ko00190",1,0.0562776017314009,TRUE,"KO abundance divided equally across all assigned KEGG pathways before summing","Oxidative phosphorylation","Normalized aggregation from KO to KEGG pathway using PICRUSt2 maps",,,,"Metabolism","Oxidative phosphorylation [ko00190]","Oxidative phosphorylation"
"kegg_pathway","ko00195",1,0.0158191561495666,TRUE,"KO abundance divided equally across all assigned KEGG pathways before summing","Photosynthesis","Normalized aggregation from KO to KEGG pathway using PICRUSt2 maps",,,,"Metabolism","Photosynthesis [ko00195]","Photosynthesis"
"kegg_pathway","ko00250",1,0.0512871316500464,TRUE,"KO abundance divided equally across all assigned KEGG pathways before summing","Alanine, aspartate and glutamate metabolism","Normalized aggregation from KO to KEGG pathway using PICRUSt2 maps",,,,"Metabolism","Alanine, aspartate and glutamate metabolism [ko00250]","Alanine, aspartate and glutamate metabolism"
"kegg_pathway","ko00253",1,0.00261083983920279,TRUE,"KO abundance divided equally across all assigned KEGG pathways before summing","Tetracycline biosynthesis","Normalized aggregation from KO to KEGG pathway using PICRUSt2 maps",,,,"Metabolism","Tetracycline biosynthesis [ko00253]","Tetracycline biosynthesis"
"kegg_pathway","ko00260",1,0.0362157799780404,TRUE,"KO abundance divided equally across all assigned KEGG pathways before summing","Glycine, serine and threonine metabolism","Normalized aggregation from KO to KEGG pathway using PICRUSt2 maps",,,,"Metabolism","Glycine, serine and threonine metabolism [ko00260]","Glycine, serine and threonine metabolism"
"kegg_pathway","ko00270",1,0.0406505517953936,TRUE,"KO abundance divided equally across all assigned KEGG pathways before summing","Cysteine and methionine metabolism","Normalized aggregation from KO to KEGG pathway using PICRUSt2 maps",,,,"Metabolism","Cysteine and methionine metabolism [ko00270]","Cysteine and methionine metabolism"
"kegg_pathway","ko00300",1,0.0263338390084274,TRUE,"KO abundance divided equally across all assigned KEGG pathways before summing","Lysine biosynthesis","Normalized aggregation from KO to KEGG pathway using PICRUSt2 maps",,,,"Metabolism","Lysine biosynthesis [ko00300]","Lysine biosynthesis"
"kegg_pathway","ko00310",1,0.00515452410199655,TRUE,"KO abundance divided equally across all assigned KEGG pathways before summing","Lysine degradation","Normalized aggregation from KO to KEGG pathway using PICRUSt2 maps",,,,"Metabolism","Lysine degradation [ko00310]","Lysine degradation"
"kegg_pathway","ko00311",0.764705882352941,0.000195629453968938,TRUE,"KO abundance divided equally across all assigned KEGG pathways before summing","Penicillin and cephalosporin biosynthesis","Normalized aggregation from KO to KEGG pathway using PICRUSt2 maps",,,,"Metabolism","Penicillin and cephalosporin biosynthesis [ko00311]","Penicillin and cephalosporin biosynthesis"
"kegg_pathway","ko00360",1,0.00887133878710284,TRUE,"KO abundance divided equally across all assigned KEGG pathways before summing","Phenylalanine metabolism","Normalized aggregation from KO to KEGG pathway using PICRUSt2 maps",,,,"Metabolism","Phenylalanine metabolism [ko00360]","Phenylalanine metabolism"
"kegg_pathway","ko00363",0.801470588235294,0.00025575517657666,TRUE,"KO abundance divided equally across all assigned KEGG pathways before summing","Bisphenol degradation","Normalized aggregation from KO to KEGG pathway using PICRUSt2 maps",,,,"Metabolism","Bisphenol degradation [ko00363]","Bisphenol degradation"
"kegg_pathway","ko00364",0.970588235294118,0.000450875451909409,TRUE,"KO abundance divided equally across all assigned KEGG pathways before summing","Fluorobenzoate degradation","Normalized aggregation from KO to KEGG pathway using PICRUSt2 maps",,,,"Metabolism","Fluorobenzoate degradation [ko00364]","Fluorobenzoate degradation"
"kegg_pathway","ko00380",1,0.00866589264919806,TRUE,"KO abundance divided equally across all assigned KEGG pathways before summing","Tryptophan metabolism","Normalized aggregation from KO to KEGG pathway using PICRUSt2 maps",,,,"Metabolism","Tryptophan metabolism [ko00380]","Tryptophan metabolism"
"kegg_pathway","ko00430",1,0.00543318255289554,TRUE,"KO abundance divided equally across all assigned KEGG pathways before summing","Taurine and hypotaurine metabolism","Normalized aggregation from KO to KEGG pathway using PICRUSt2 maps",,,,"Metabolism","Taurine and hypotaurine metabolism [ko00430]","Taurine and hypotaurine metabolism"
"kegg_pathway","ko00440",1,0.00532598025011101,TRUE,"KO abundance divided equally across all assigned KEGG pathways before summing","Phosphonate and phosphinate metabolism","Normalized aggregation from KO to KEGG pathway using PICRUSt2 maps",,,,"Metabolism","Phosphonate and phosphinate metabolism [ko00440]","Phosphonate and phosphinate metabolism"
"kegg_pathway","ko00450",1,0.0219064020749827,TRUE,"KO abundance divided equally across all assigned KEGG pathways before summing","Selenocompound metabolism","Normalized aggregation from KO to KEGG pathway using PICRUSt2 maps",,,,"Metabolism","Selenocompound metabolism [ko00450]","Selenocompound metabolism"
"kegg_pathway","ko00500",1,0.0496113581069844,TRUE,"KO abundance divided equally across all assigned KEGG pathways before summing","Starch and sucrose metabolism","Normalized aggregation from KO to KEGG pathway using PICRUSt2 maps",,,,"Metabolism","Starch and sucrose metabolism [ko00500]","Starch and sucrose metabolism"
"kegg_pathway","ko00510",0.529411764705882,5.542189295545e-05,TRUE,"KO abundance divided equally across all assigned KEGG pathways before summing","N-Glycan biosynthesis","Normalized aggregation from KO to KEGG pathway using PICRUSt2 maps",,,,"Metabolism","N-Glycan biosynthesis [ko00510]","N-Glycan biosynthesis"
"kegg_pathway","ko00513",0.139705882352941,1.78003117411882e-06,TRUE,"KO abundance divided equally across all assigned KEGG pathways before summing","Various types of N-glycan biosynthesis","Normalized aggregation from KO to KEGG pathway using PICRUSt2 maps",,,,"Metabolism","Various types of N-glycan biosynthesis [ko00513]","Various types of N-glycan biosynthesis"
"kegg_pathway","ko00514",0.522058823529412,1.9968168016219e-05,TRUE,"KO abundance divided equally across all assigned KEGG pathways before summing","Other types of O-glycan biosynthesis","Normalized aggregation from KO to KEGG pathway using PICRUSt2 maps",,,,"Metabolism","Other types of O-glycan biosynthesis [ko00514]","Other types of O-glycan biosynthesis"
"kegg_pathway","ko00524",0.948529411764706,0.000770077720024483,TRUE,"KO abundance divided equally across all assigned KEGG pathways before summing","Butirosin and neomycin biosynthesis","Normalized aggregation from KO to KEGG pathway using PICRUSt2 maps",,,,"Metabolism","Butirosin and neomycin biosynthesis [ko00524]","Butirosin and neomycin biosynthesis"
"kegg_pathway","ko00531",1,0.00121736561817925,TRUE,"KO abundance divided equally across all assigned KEGG pathways before summing","Glycosaminoglycan degradation","Normalized aggregation from KO to KEGG pathway using PICRUSt2 maps",,,,"Metabolism","Glycosaminoglycan degradation [ko00531]","Glycosaminoglycan degradation"
"kegg_pathway","ko00561",1,0.0151514133658572,TRUE,"KO abundance divided equally across all assigned KEGG pathways before summing","Glycerolipid metabolism","Normalized aggregation from KO to KEGG pathway using PICRUSt2 maps",,,,"Metabolism","Glycerolipid metabolism [ko00561]","Glycerolipid metabolism"
"kegg_pathway","ko00562",1,0.0101624330527812,TRUE,"KO abundance divided equally across all assigned KEGG pathways before summing","Inositol phosphate metabolism","Normalized aggregation from KO to KEGG pathway using PICRUSt2 maps",,,,"Metabolism","Inositol phosphate metabolism [ko00562]","Inositol phosphate metabolism"
"kegg_pathway","ko00564",1,0.039916790942713,TRUE,"KO abundance divided equally across all assigned KEGG pathways before summing","Glycerophospholipid metabolism","Normalized aggregation from KO to KEGG pathway using PICRUSt2 maps",,,,"Metabolism","Glycerophospholipid metabolism [ko00564]","Glycerophospholipid metabolism"
"kegg_pathway","ko00565",0.536764705882353,6.20610873386734e-05,TRUE,"KO abundance divided equally across all assigned KEGG pathways before summing","Ether lipid metabolism","Normalized aggregation from KO to KEGG pathway using PICRUSt2 maps",,,,"Metabolism","Ether lipid metabolism [ko00565]","Ether lipid metabolism"
"kegg_pathway","ko00590",0.992647058823529,0.000639723338907868,TRUE,"KO abundance divided equally across all assigned KEGG pathways before summing","Arachidonic acid metabolism","Normalized aggregation from KO to KEGG pathway using PICRUSt2 maps",,,,"Metabolism","Arachidonic acid metabolism [ko00590]","Arachidonic acid metabolism"
"kegg_pathway","ko00591",0.705882352941177,6.26310097140758e-05,TRUE,"KO abundance divided equally across all assigned KEGG pathways before summing","Linoleic acid metabolism","Normalized aggregation from KO to KEGG pathway using PICRUSt2 maps",,,,"Metabolism","Linoleic acid metabolism [ko00591]","Linoleic acid metabolism"
"kegg_pathway","ko00592",0.992647058823529,0.00236680476176741,TRUE,"KO abundance divided equally across all assigned KEGG pathways before summing","alpha-Linolenic acid metabolism","Normalized aggregation from KO to KEGG pathway using PICRUSt2 maps",,,,"Metabolism","alpha-Linolenic acid metabolism [ko00592]","alpha-Linolenic acid metabolism"
"kegg_pathway","ko00600",1,0.00219543114954546,TRUE,"KO abundance divided equally across all assigned KEGG pathways before summing","Sphingolipid metabolism","Normalized aggregation from KO to KEGG pathway using PICRUSt2 maps",,,,"Metabolism","Sphingolipid metabolism [ko00600]","Sphingolipid metabolism"
"kegg_pathway","ko00604",0.992647058823529,0.000968513539974045,TRUE,"KO abundance divided equally across all assigned KEGG pathways before summing","Glycosphingolipid biosynthesis - ganglio series","Normalized aggregation from KO to KEGG pathway using PICRUSt2 maps",,,,"Metabolism","Glycosphingolipid biosynthesis - ganglio series [ko00604]","Glycosphingolipid biosynthesis - ganglio series"
"kegg_pathway","ko00620",1,0.0502810426193084,TRUE,"KO abundance divided equally across all assigned KEGG pathways before summing","Pyruvate metabolism","Normalized aggregation from KO to KEGG pathway using PICRUSt2 maps",,,,"Metabolism","Pyruvate metabolism [ko00620]","Pyruvate metabolism"
"kegg_pathway","ko00621",1,0.000754235893049546,TRUE,"KO abundance divided equally across all assigned KEGG pathways before summing","Dioxin degradation","Normalized aggregation from KO to KEGG pathway using PICRUSt2 maps",,,,"Metabolism","Dioxin degradation [ko00621]","Dioxin degradation"
"kegg_pathway","ko00622",1,0.0004531436347324,TRUE,"KO abundance divided equally across all assigned KEGG pathways before summing","Xylene degradation","Normalized aggregation from KO to KEGG pathway using PICRUSt2 maps",,,,"Metabolism","Xylene degradation [ko00622]","Xylene degradation"
"kegg_pathway","ko00623",1,0.00691878636482249,TRUE,"KO abundance divided equally across all assigned KEGG pathways before summing","Toluene degradation","Normalized aggregation from KO to KEGG pathway using PICRUSt2 maps",,,,"Metabolism","Toluene degradation [ko00623]","Toluene degradation"
"kegg_pathway","ko00624",0.948529411764706,0.000598288117231996,TRUE,"KO abundance divided equally across all assigned KEGG pathways before summing","Polycyclic aromatic hydrocarbon degradation","Normalized aggregation from KO to KEGG pathway using PICRUSt2 maps",,,,"Metabolism","Polycyclic aromatic hydrocarbon degradation [ko00624]","Polycyclic aromatic hydrocarbon degradation"
"kegg_pathway","ko00625",1,0.0016694073598199,TRUE,"KO abundance divided equally across all assigned KEGG pathways before summing","Chloroalkane and chloroalkene degradation","Normalized aggregation from KO to KEGG pathway using PICRUSt2 maps",,,,"Metabolism","Chloroalkane and chloroalkene degradation [ko00625]","Chloroalkane and chloroalkene degradation"
"kegg_pathway","ko00626",1,0.00108141236705282,TRUE,"KO abundance divided equally across all assigned KEGG pathways before summing","Naphthalene degradation","Normalized aggregation from KO to KEGG pathway using PICRUSt2 maps",,,,"Metabolism","Naphthalene degradation [ko00626]","Naphthalene degradation"
"kegg_pathway","ko00627",1,0.00490777441716882,TRUE,"KO abundance divided equally across all assigned KEGG pathways before summing","Aminobenzoate degradation","Normalized aggregation from KO to KEGG pathway using PICRUSt2 maps",,,,"Metabolism","Aminobenzoate degradation [ko00627]","Aminobenzoate degradation"
"kegg_pathway","ko00630",1,0.0246401979692328,TRUE,"KO abundance divided equally across all assigned KEGG pathways before summing","Glyoxylate and dicarboxylate metabolism","Normalized aggregation from KO to KEGG pathway using PICRUSt2 maps",,,,"Metabolism","Glyoxylate and dicarboxylate metabolism [ko00630]","Glyoxylate and dicarboxylate metabolism"
"kegg_pathway","ko00633",1,0.0043374210698278,TRUE,"KO abundance divided equally across all assigned KEGG pathways before summing","Nitrotoluene degradation","Normalized aggregation from KO to KEGG pathway using PICRUSt2 maps",,,,"Metabolism","Nitrotoluene degradation [ko00633]","Nitrotoluene degradation"
"kegg_pathway","ko00680",1,0.0351724129186669,TRUE,"KO abundance divided equally across all assigned KEGG pathways before summing","Methane metabolism","Normalized aggregation from KO to KEGG pathway using PICRUSt2 maps",,,,"Metabolism","Methane metabolism [ko00680]","Methane metabolism"
"kegg_pathway","ko00740",1,0.016671855280001,TRUE,"KO abundance divided equally across all assigned KEGG pathways before summing","Riboflavin metabolism","Normalized aggregation from KO to KEGG pathway using PICRUSt2 maps",,,,"Metabolism","Riboflavin metabolism [ko00740]","Riboflavin metabolism"
"kegg_pathway","ko00750",1,0.0107291977230366,TRUE,"KO abundance divided equally across all assigned KEGG pathways before summing","Vitamin B6 metabolism","Normalized aggregation from KO to KEGG pathway using PICRUSt2 maps",,,,"Metabolism","Vitamin B6 metabolism [ko00750]","Vitamin B6 metabolism"
"kegg_pathway","ko00760",1,0.0378490131090833,TRUE,"KO abundance divided equally across all assigned KEGG pathways before summing","Nicotinate and nicotinamide metabolism","Normalized aggregation from KO to KEGG pathway using PICRUSt2 maps",,,,"Metabolism","Nicotinate and nicotinamide metabolism [ko00760]","Nicotinate and nicotinamide metabolism"
"kegg_pathway","ko00909",0.0808823529411765,9.17788400416909e-06,FALSE,"KO abundance divided equally across all assigned KEGG pathways before summing","Sesquiterpenoid biosynthesis","Normalized aggregation from KO to KEGG pathway using PICRUSt2 maps",,,,"Metabolism","Sesquiterpenoid biosynthesis [ko00909]","Sesquiterpenoid biosynthesis"
"kegg_pathway","ko00920",1,0.0141749698882726,TRUE,"KO abundance divided equally across all assigned KEGG pathways before summing","Sulfur metabolism","Normalized aggregation from KO to KEGG pathway using PICRUSt2 maps",,,,"Metabolism","Sulfur metabolism [ko00920]","Sulfur metabolism"
"kegg_pathway","ko00940",1,0.00137720444368495,TRUE,"KO abundance divided equally across all assigned KEGG pathways before summing","Phenylpropanoid biosynthesis","Normalized aggregation from KO to KEGG pathway using PICRUSt2 maps",,,,"Metabolism","Phenylpropanoid biosynthesis [ko00940]","Phenylpropanoid biosynthesis"
"kegg_pathway","ko00941",0.830882352941176,0.000128167147180993,TRUE,"KO abundance divided equally across all assigned KEGG pathways before summing","Flavonoid biosynthesis","Normalized aggregation from KO to KEGG pathway using PICRUSt2 maps",,,,"Metabolism","Flavonoid biosynthesis [ko00941]","Flavonoid biosynthesis"
"kegg_pathway","ko00943",0.205882352941176,2.53783358495604e-06,TRUE,"KO abundance divided equally across all assigned KEGG pathways before summing","Isoflavonoid biosynthesis","Normalized aggregation from KO to KEGG pathway using PICRUSt2 maps",,,,"Metabolism","Isoflavonoid biosynthesis [ko00943]","Isoflavonoid biosynthesis"
"kegg_pathway","ko00945",0.830882352941176,5.86426105210149e-05,TRUE,"KO abundance divided equally across all assigned KEGG pathways before summing","Stilbenoid, diarylheptanoid and gingerol biosynthesis","Normalized aggregation from KO to KEGG pathway using PICRUSt2 maps",,,,"Metabolism","Stilbenoid, diarylheptanoid and gingerol biosynthesis [ko00945]","Stilbenoid, diarylheptanoid and gingerol biosynthesis"
"kegg_pathway","ko00950",1,0.00115212497373937,TRUE,"KO abundance divided equally across all assigned KEGG pathways before summing","Isoquinoline alkaloid biosynthesis","Normalized aggregation from KO to KEGG pathway using PICRUSt2 maps",,,,"Metabolism","Isoquinoline alkaloid biosynthesis [ko00950]","Isoquinoline alkaloid biosynthesis"
"kegg_pathway","ko01051",1,0.00881508736213935,TRUE,"KO abundance divided equally across all assigned KEGG pathways before summing","Biosynthesis of ansamycins","Normalized aggregation from KO to KEGG pathway using PICRUSt2 maps",,,,"Metabolism","Biosynthesis of ansamycins [ko01051]","Biosynthesis of ansamycins"
"kegg_pathway","ko01053",1,0.00225274961323903,TRUE,"KO abundance divided equally across all assigned KEGG pathways before summing","Biosynthesis of siderophore group nonribosomal peptides","Normalized aggregation from KO to KEGG pathway using PICRUSt2 maps",,,,"Metabolism","Biosynthesis of siderophore group nonribosomal peptides [ko01053]","Biosynthesis of siderophore group nonribosomal peptides"
"kegg_pathway","ko01055",1,0.00192751820984521,TRUE,"KO abundance divided equally across all assigned KEGG pathways before summing","Biosynthesis of vancomycin group antibiotics","Normalized aggregation from KO to KEGG pathway using PICRUSt2 maps",,,,"Metabolism","Biosynthesis of vancomycin group antibiotics [ko01055]","Biosynthesis of vancomycin group antibiotics"
"kegg_pathway","ko01056",0.0808823529411765,1.5152798081244e-05,FALSE,"KO abundance divided equally across all assigned KEGG pathways before summing","Biosynthesis of type II polyketide backbone","Normalized aggregation from KO to KEGG pathway using PICRUSt2 maps",,,,"Metabolism","Biosynthesis of type II polyketide backbone [ko01056]","Biosynthesis of type II polyketide backbone"
"kegg_pathway","ko03030",1,0.0520506605932362,TRUE,"KO abundance divided equally across all assigned KEGG pathways before summing","DNA replication","Normalized aggregation from KO to KEGG pathway using PICRUSt2 maps",,,,"Genetic information processing","DNA replication [ko03030]","DNA replication"
"kegg_pathway","ko03040",0.198529411764706,5.10368275359152e-05,TRUE,"KO abundance divided equally across all assigned KEGG pathways before summing","Spliceosome","Normalized aggregation from KO to KEGG pathway using PICRUSt2 maps",,,,"Genetic information processing","Spliceosome [ko03040]","Spliceosome"
"kegg_pathway","ko03060",1,0.0301445575847621,TRUE,"KO abundance divided equally across all assigned KEGG pathways before summing","Protein export","Normalized aggregation from KO to KEGG pathway using PICRUSt2 maps",,,,"Genetic information processing","Protein export [ko03060]","Protein export"
"kegg_pathway","ko03070",1,0.0582968192620492,TRUE,"KO abundance divided equally across all assigned KEGG pathways before summing","Bacterial secretion system","Normalized aggregation from KO to KEGG pathway using PICRUSt2 maps",,,,"Genetic information processing","Bacterial secretion system [ko03070]","Bacterial secretion system"
"kegg_pathway","ko03440",1,0.0601655578352432,TRUE,"KO abundance divided equally across all assigned KEGG pathways before summing","Homologous recombination","Normalized aggregation from KO to KEGG pathway using PICRUSt2 maps",,,,"Genetic information processing","Homologous recombination [ko03440]","Homologous recombination"
"kegg_pathway","ko03450",0.433823529411765,0.000257212586313481,TRUE,"KO abundance divided equally across all assigned KEGG pathways before summing","Non-homologous end-joining","Normalized aggregation from KO to KEGG pathway using PICRUSt2 maps",,,,"Genetic information processing","Non-homologous end-joining [ko03450]","Non-homologous end-joining"
"kegg_pathway","ko04115",0.441176470588235,0.00013136500889592,TRUE,"KO abundance divided equally across all assigned KEGG pathways before summing","p53 signaling pathway","Normalized aggregation from KO to KEGG pathway using PICRUSt2 maps",,,,"Cellular processes","p53 signaling pathway [ko04115]","p53 signaling pathway"
"kegg_pathway","ko04141",1,0.00110990238850228,TRUE,"KO abundance divided equally across all assigned KEGG pathways before summing","Protein processing in endoplasmic reticulum","Normalized aggregation from KO to KEGG pathway using PICRUSt2 maps",,,,"Cellular processes","Protein processing in endoplasmic reticulum [ko04141]","Protein processing in endoplasmic reticulum"
"kegg_pathway","ko04142",1,0.00264884843578575,TRUE,"KO abundance divided equally across all assigned KEGG pathways before summing","Lysosome","Normalized aggregation from KO to KEGG pathway using PICRUSt2 maps",,,,"Cellular processes","Lysosome [ko04142]","Lysosome"
"kegg_pathway","ko04146",1,0.00866731432716957,TRUE,"KO abundance divided equally across all assigned KEGG pathways before summing","Peroxisome","Normalized aggregation from KO to KEGG pathway using PICRUSt2 maps",,,,"Cellular processes","Peroxisome [ko04146]","Peroxisome"
"kegg_pathway","ko04260",0.977941176470588,0.00142927131602192,TRUE,"KO abundance divided equally across all assigned KEGG pathways before summing","Cardiac muscle contraction","Normalized aggregation from KO to KEGG pathway using PICRUSt2 maps",,,,"Cellular processes","Cardiac muscle contraction [ko04260]","Cardiac muscle contraction"
"kegg_pathway","ko04380",0.191176470588235,1.25276779665255e-05,TRUE,"KO abundance divided equally across all assigned KEGG pathways before summing","Osteoclast differentiation","Normalized aggregation from KO to KEGG pathway using PICRUSt2 maps",,,,"Cellular processes","Osteoclast differentiation [ko04380]","Osteoclast differentiation"
"kegg_pathway","ko04666",0.110294117647059,4.9043521661752e-07,FALSE,"KO abundance divided equally across all assigned KEGG pathways before summing","Fc gamma R-mediated phagocytosis","Normalized aggregation from KO to KEGG pathway using PICRUSt2 maps",,,,"Organismal systems","Fc gamma R-mediated phagocytosis [ko04666]","Fc gamma R-mediated phagocytosis"
"kegg_pathway","ko04712",1,0.00383781564592615,TRUE,"KO abundance divided equally across all assigned KEGG pathways before summing","Circadian rhythm - plant","Normalized aggregation from KO to KEGG pathway using PICRUSt2 maps",,,,"Organismal systems","Circadian rhythm - plant [ko04712]","Circadian rhythm - plant"
"kegg_pathway","ko04910",1,0.00158583642334539,TRUE,"KO abundance divided equally across all assigned KEGG pathways before summing","Insulin signaling pathway","Normalized aggregation from KO to KEGG pathway using PICRUSt2 maps",,,,"Organismal systems","Insulin signaling pathway [ko04910]","Insulin signaling pathway"
"kegg_pathway","ko04914",1,0.000596825505534605,TRUE,"KO abundance divided equally across all assigned KEGG pathways before summing","Progesterone-mediated oocyte maturation","Normalized aggregation from KO to KEGG pathway using PICRUSt2 maps",,,,"Organismal systems","Progesterone-mediated oocyte maturation [ko04914]","Progesterone-mediated oocyte maturation"
"kegg_pathway","ko04916",0.205882352941176,3.50458790489447e-05,TRUE,"KO abundance divided equally across all assigned KEGG pathways before summing","Melanogenesis","Normalized aggregation from KO to KEGG pathway using PICRUSt2 maps",,,,"Organismal systems","Melanogenesis [ko04916]","Melanogenesis"
"kegg_pathway","ko04940",1,0.00289238912160797,TRUE,"KO abundance divided equally across all assigned KEGG pathways before summing","Type I diabetes mellitus","Normalized aggregation from KO to KEGG pathway using PICRUSt2 maps",,,,"Organismal systems","Type I diabetes mellitus [ko04940]","Type I diabetes mellitus"
"kegg_pathway","ko04964",1,0.00166649792702225,TRUE,"KO abundance divided equally across all assigned KEGG pathways before summing","Proximal tubule bicarbonate reclamation","Normalized aggregation from KO to KEGG pathway using PICRUSt2 maps",,,,"Organismal systems","Proximal tubule bicarbonate reclamation [ko04964]","Proximal tubule bicarbonate reclamation"
"kegg_pathway","ko04973",0.992647058823529,0.000751958747978934,TRUE,"KO abundance divided equally across all assigned KEGG pathways before summing","Carbohydrate digestion and absorption","Normalized aggregation from KO to KEGG pathway using PICRUSt2 maps",,,,"Organismal systems","Carbohydrate digestion and absorption [ko04973]","Carbohydrate digestion and absorption"
"kegg_pathway","ko04974",0.558823529411765,7.3749792262635e-05,TRUE,"KO abundance divided equally across all assigned KEGG pathways before summing","Protein digestion and absorption","Normalized aggregation from KO to KEGG pathway using PICRUSt2 maps",,,,"Organismal systems","Protein digestion and absorption [ko04974]","Protein digestion and absorption"
"kegg_pathway","ko04976",0.970588235294118,0.00126510435989181,TRUE,"KO abundance divided equally across all assigned KEGG pathways before summing","Bile secretion","Normalized aggregation from KO to KEGG pathway using PICRUSt2 maps",,,,"Organismal systems","Bile secretion [ko04976]","Bile secretion"
"kegg_pathway","ko05016",1,0.00312741597226297,TRUE,"KO abundance divided equally across all assigned KEGG pathways before summing","Huntington's disease","Normalized aggregation from KO to KEGG pathway using PICRUSt2 maps",,,,"Human diseases","Huntington's disease [ko05016]","Huntington's disease"
"kegg_pathway","ko05110",0.875,0.000286409224467362,TRUE,"KO abundance divided equally across all assigned KEGG pathways before summing","Vibrio cholerae infection","Normalized aggregation from KO to KEGG pathway using PICRUSt2 maps",,,,"Human diseases","Vibrio cholerae infection [ko05110]","Vibrio cholerae infection"
"kegg_pathway","ko05120",1,0.00546083461646492,TRUE,"KO abundance divided equally across all assigned KEGG pathways before summing","Epithelial cell signaling in Helicobacter pylori infection","Normalized aggregation from KO to KEGG pathway using PICRUSt2 maps",,,,"Human diseases","Epithelial cell signaling in Helicobacter pylori infection [ko05120]","Epithelial cell signaling in Helicobacter pylori infection"
"kegg_pathway","ko05142",0.955882352941176,0.000193415320976311,TRUE,"KO abundance divided equally across all assigned KEGG pathways before summing","Chagas disease (American trypanosomiasis)","Normalized aggregation from KO to KEGG pathway using PICRUSt2 maps",,,,"Human diseases","Chagas disease (American trypanosomiasis) [ko05142]","Chagas disease (American trypanosomiasis)"
"kegg_pathway","ko05210",0.441176470588235,2.96537277494794e-05,TRUE,"KO abundance divided equally across all assigned KEGG pathways before summing","Colorectal cancer","Normalized aggregation from KO to KEGG pathway using PICRUSt2 maps",,,,"Human diseases","Colorectal cancer [ko05210]","Colorectal cancer"
"kegg_pathway","ko05211",0.992647058823529,0.000557286823041667,TRUE,"KO abundance divided equally across all assigned KEGG pathways before summing","Renal cell carcinoma","Normalized aggregation from KO to KEGG pathway using PICRUSt2 maps",,,,"Human diseases","Renal cell carcinoma [ko05211]","Renal cell carcinoma"
"kegg_pathway","ko05215",1,0.000596825505534605,TRUE,"KO abundance divided equally across all assigned KEGG pathways before summing","Prostate cancer","Normalized aggregation from KO to KEGG pathway using PICRUSt2 maps",,,,"Human diseases","Prostate cancer [ko05215]","Prostate cancer"
"kegg_pathway","ko05219",1,0.00292343918584332,TRUE,"KO abundance divided equally across all assigned KEGG pathways before summing","Bladder cancer","Normalized aggregation from KO to KEGG pathway using PICRUSt2 maps",,,,"Human diseases","Bladder cancer [ko05219]","Bladder cancer"
"kegg_pathway","ko05222",0.441176470588235,2.96537277494794e-05,TRUE,"KO abundance divided equally across all assigned KEGG pathways before summing","Small cell lung cancer","Normalized aggregation from KO to KEGG pathway using PICRUSt2 maps",,,,"Human diseases","Small cell lung cancer [ko05222]","Small cell lung cancer"
"kegg_pathway","ko05322",0.117647058823529,3.85249184339442e-07,FALSE,"KO abundance divided equally across all assigned KEGG pathways before summing","Systemic lupus erythematosus","Normalized aggregation from KO to KEGG pathway using PICRUSt2 maps",,,,"Human diseases","Systemic lupus erythematosus [ko05322]","Systemic lupus erythematosus"
"kegg_pathway","ko05340",1,0.00525612380912933,TRUE,"KO abundance divided equally across all assigned KEGG pathways before summing","Primary immunodeficiency","Normalized aggregation from KO to KEGG pathway using PICRUSt2 maps",,,,"Human diseases","Primary immunodeficiency [ko05340]","Primary immunodeficiency"
"kegg_pathway","ko05416",0.441176470588235,2.96537277494794e-05,TRUE,"KO abundance divided equally across all assigned KEGG pathways before summing","Viral myocarditis","Normalized aggregation from KO to KEGG pathway using PICRUSt2 maps",,,,"Human diseases","Viral myocarditis [ko05416]","Viral myocarditis"
