"feature_type","feature_id","comparison","family","group_var","reference","contrast","logFC","AveExpr","t","p_value","q_value","B","n_reference","n_contrast","adjusted_by","significant","feature_name","annotation_source","kegg_pathways","kegg_processes","kegg_modules","kegg_process_category","feature_label","feature_label_plot"
"kegg_pathway","ko00010","global_BL15_vs_Ctrl","global_diet_adjusted_time","diet_code","Ctrl","BL15",0.157546352672191,5.54912694238708,0.660202953069323,0.510807202743576,0.965958536082947,-4.64408650037197,45,45,"timepoint",FALSE,"Glycolysis / Gluconeogenesis","Normalized aggregation from KO to KEGG pathway using PICRUSt2 maps",,,,"Metabolism","Glycolysis / Gluconeogenesis [ko00010]","Glycolysis / Gluconeogenesis"
"kegg_pathway","ko00061","global_BL15_vs_Ctrl","global_diet_adjusted_time","diet_code","Ctrl","BL15",-0.0386142520143725,3.96625011750442,-0.19182548412878,0.848310387987739,0.965958536082947,-4.67453596192368,45,45,"timepoint",FALSE,"Fatty acid biosynthesis","Normalized aggregation from KO to KEGG pathway using PICRUSt2 maps",,,,"Metabolism","Fatty acid biosynthesis [ko00061]","Fatty acid biosynthesis"
"kegg_pathway","ko00062","global_BL15_vs_Ctrl","global_diet_adjusted_time","diet_code","Ctrl","BL15",-0.308217273144587,-7.26494055287957,-0.74031497441183,0.46103293518125,0.965958536082947,-4.63557029426846,45,45,"timepoint",FALSE,"Fatty acid elongation in mitochondria","Normalized aggregation from KO to KEGG pathway using PICRUSt2 maps",,,,"Metabolism","Fatty acid elongation in mitochondria [ko00062]","Fatty acid elongation in mitochondria"
"kegg_pathway","ko00071","global_BL15_vs_Ctrl","global_diet_adjusted_time","diet_code","Ctrl","BL15",0.0172841640466439,3.13172214246163,0.0873617118936819,0.930577791575156,0.970240249744685,-4.67677104279633,45,45,"timepoint",FALSE,"Fatty acid metabolism","Normalized aggregation from KO to KEGG pathway using PICRUSt2 maps",,,,"Metabolism","Fatty acid metabolism [ko00071]","Fatty acid metabolism"
"kegg_pathway","ko00072","global_BL15_vs_Ctrl","global_diet_adjusted_time","diet_code","Ctrl","BL15",-0.20475982502055,0.960316832145095,-1.1227711507204,0.264516461363078,0.965958536082947,-4.58193708336803,45,45,"timepoint",FALSE,"Synthesis and degradation of ketone bodies","Normalized aggregation from KO to KEGG pathway using PICRUSt2 maps",,,,"Metabolism","Synthesis and degradation of ketone bodies [ko00072]","Synthesis and degradation of ketone bodies"
"kegg_pathway","ko00100","global_BL15_vs_Ctrl","global_diet_adjusted_time","diet_code","Ctrl","BL15",-0.684264240725348,-6.99468054279362,-1.79237490990043,0.0764279496193813,0.965958536082947,-4.43889701727028,45,45,"timepoint",FALSE,"Steroid biosynthesis","Normalized aggregation from KO to KEGG pathway using PICRUSt2 maps",,,,"Metabolism","Steroid biosynthesis [ko00100]","Steroid biosynthesis"
"kegg_pathway","ko00121","global_BL15_vs_Ctrl","global_diet_adjusted_time","diet_code","Ctrl","BL15",0.157157013338919,1.20711782264986,0.616997304738371,0.538791923698248,0.965958536082947,-4.64828216806888,45,45,"timepoint",FALSE,"Secondary bile acid biosynthesis","Normalized aggregation from KO to KEGG pathway using PICRUSt2 maps",,,,"Metabolism","Secondary bile acid biosynthesis [ko00121]","Secondary bile acid biosynthesis"
"kegg_pathway","ko00190","global_BL15_vs_Ctrl","global_diet_adjusted_time","diet_code","Ctrl","BL15",0.16414302353581,5.34115509626849,0.969307630756031,0.33498552424739,0.965958536082947,-4.60600688118366,45,45,"timepoint",FALSE,"Oxidative phosphorylation","Normalized aggregation from KO to KEGG pathway using PICRUSt2 maps",,,,"Metabolism","Oxidative phosphorylation [ko00190]","Oxidative phosphorylation"
"kegg_pathway","ko00195","global_BL15_vs_Ctrl","global_diet_adjusted_time","diet_code","Ctrl","BL15",0.218045883297902,3.93353332093763,1.00139076460078,0.319318663042524,0.965958536082947,-4.6012543932475,45,45,"timepoint",FALSE,"Photosynthesis","Normalized aggregation from KO to KEGG pathway using PICRUSt2 maps",,,,"Metabolism","Photosynthesis [ko00195]","Photosynthesis"
"kegg_pathway","ko00250","global_BL15_vs_Ctrl","global_diet_adjusted_time","diet_code","Ctrl","BL15",0.103153281277179,5.23992644284374,0.630967795580183,0.529658281462635,0.965958536082947,-4.64695604744883,45,45,"timepoint",FALSE,"Alanine, aspartate and glutamate metabolism","Normalized aggregation from KO to KEGG pathway using PICRUSt2 maps",,,,"Metabolism","Alanine, aspartate and glutamate metabolism [ko00250]","Alanine, aspartate and glutamate metabolism"
"kegg_pathway","ko00253","global_BL15_vs_Ctrl","global_diet_adjusted_time","diet_code","Ctrl","BL15",-0.0670093998747291,1.80619829655586,-0.318497006960899,0.750844776332404,0.965958536082947,-4.66958672475345,45,45,"timepoint",FALSE,"Tetracycline biosynthesis","Normalized aggregation from KO to KEGG pathway using PICRUSt2 maps",,,,"Metabolism","Tetracycline biosynthesis [ko00253]","Tetracycline biosynthesis"
"kegg_pathway","ko00260","global_BL15_vs_Ctrl","global_diet_adjusted_time","diet_code","Ctrl","BL15",0.124022410709056,4.76665729118489,0.786693595056577,0.433524754882073,0.965958536082947,-4.63020481442313,45,45,"timepoint",FALSE,"Glycine, serine and threonine metabolism","Normalized aggregation from KO to KEGG pathway using PICRUSt2 maps",,,,"Metabolism","Glycine, serine and threonine metabolism [ko00260]","Glycine, serine and threonine metabolism"
"kegg_pathway","ko00270","global_BL15_vs_Ctrl","global_diet_adjusted_time","diet_code","Ctrl","BL15",0.133148918111136,5.02652952451515,0.731908976521715,0.466122860882314,0.965958536082947,-4.63650867846037,45,45,"timepoint",FALSE,"Cysteine and methionine metabolism","Normalized aggregation from KO to KEGG pathway using PICRUSt2 maps",,,,"Metabolism","Cysteine and methionine metabolism [ko00270]","Cysteine and methionine metabolism"
"kegg_pathway","ko00300","global_BL15_vs_Ctrl","global_diet_adjusted_time","diet_code","Ctrl","BL15",-0.0754911723522412,4.10921258806195,-0.379436420122165,0.705256260456516,0.965958536082947,-4.66633397953403,45,45,"timepoint",FALSE,"Lysine biosynthesis","Normalized aggregation from KO to KEGG pathway using PICRUSt2 maps",,,,"Metabolism","Lysine biosynthesis [ko00300]","Lysine biosynthesis"
"kegg_pathway","ko00310","global_BL15_vs_Ctrl","global_diet_adjusted_time","diet_code","Ctrl","BL15",-0.00916546929226716,2.48666754085118,-0.0470949608315517,0.9625417322829,0.970240249744685,-4.67718610666866,45,45,"timepoint",FALSE,"Lysine degradation","Normalized aggregation from KO to KEGG pathway using PICRUSt2 maps",,,,"Metabolism","Lysine degradation [ko00310]","Lysine degradation"
"kegg_pathway","ko00311","global_BL15_vs_Ctrl","global_diet_adjusted_time","diet_code","Ctrl","BL15",0.143007215984301,-4.06763586259048,0.271903928800352,0.786317718690856,0.965958536082947,-4.67169204295949,45,45,"timepoint",FALSE,"Penicillin and cephalosporin biosynthesis","Normalized aggregation from KO to KEGG pathway using PICRUSt2 maps",,,,"Metabolism","Penicillin and cephalosporin biosynthesis [ko00311]","Penicillin and cephalosporin biosynthesis"
"kegg_pathway","ko00360","global_BL15_vs_Ctrl","global_diet_adjusted_time","diet_code","Ctrl","BL15",-0.0744786053016709,2.931827277557,-0.370595943488889,0.711807995036455,0.965958536082947,-4.66684089296823,45,45,"timepoint",FALSE,"Phenylalanine metabolism","Normalized aggregation from KO to KEGG pathway using PICRUSt2 maps",,,,"Metabolism","Phenylalanine metabolism [ko00360]","Phenylalanine metabolism"
"kegg_pathway","ko00363","global_BL15_vs_Ctrl","global_diet_adjusted_time","diet_code","Ctrl","BL15",0.477472421303618,-3.45049167212059,0.856761966714294,0.393848539899677,0.965958536082947,-4.62149705166229,45,45,"timepoint",FALSE,"Bisphenol degradation","Normalized aggregation from KO to KEGG pathway using PICRUSt2 maps",,,,"Metabolism","Bisphenol degradation [ko00363]","Bisphenol degradation"
"kegg_pathway","ko00364","global_BL15_vs_Ctrl","global_diet_adjusted_time","diet_code","Ctrl","BL15",-0.0415336408511516,-3.39257648818341,-0.0973194102822516,0.922688814496603,0.970240249744685,-4.67663007004972,45,45,"timepoint",FALSE,"Fluorobenzoate degradation","Normalized aggregation from KO to KEGG pathway using PICRUSt2 maps",,,,"Metabolism","Fluorobenzoate degradation [ko00364]","Fluorobenzoate degradation"
"kegg_pathway","ko00380","global_BL15_vs_Ctrl","global_diet_adjusted_time","diet_code","Ctrl","BL15",0.139241904449662,3.4936545446246,0.849329402951538,0.397948193175662,0.965958536082947,-4.62245493885654,45,45,"timepoint",FALSE,"Tryptophan metabolism","Normalized aggregation from KO to KEGG pathway using PICRUSt2 maps",,,,"Metabolism","Tryptophan metabolism [ko00380]","Tryptophan metabolism"
"kegg_pathway","ko00430","global_BL15_vs_Ctrl","global_diet_adjusted_time","diet_code","Ctrl","BL15",0.169236045813498,3.02519170088516,1.0058289097664,0.317190429883102,0.965958536082947,-4.60058527559611,45,45,"timepoint",FALSE,"Taurine and hypotaurine metabolism","Normalized aggregation from KO to KEGG pathway using PICRUSt2 maps",,,,"Metabolism","Taurine and hypotaurine metabolism [ko00430]","Taurine and hypotaurine metabolism"
"kegg_pathway","ko00440","global_BL15_vs_Ctrl","global_diet_adjusted_time","diet_code","Ctrl","BL15",-0.0611807439561823,2.58372065757832,-0.281097017060705,0.77928024096681,0.965958536082947,-4.67130287563349,45,45,"timepoint",FALSE,"Phosphonate and phosphinate metabolism","Normalized aggregation from KO to KEGG pathway using PICRUSt2 maps",,,,"Metabolism","Phosphonate and phosphinate metabolism [ko00440]","Phosphonate and phosphinate metabolism"
"kegg_pathway","ko00450","global_BL15_vs_Ctrl","global_diet_adjusted_time","diet_code","Ctrl","BL15",0.203116432366937,4.32110476256234,0.9558011183711,0.341729183641487,0.965958536082947,-4.60796309350114,45,45,"timepoint",FALSE,"Selenocompound metabolism","Normalized aggregation from KO to KEGG pathway using PICRUSt2 maps",,,,"Metabolism","Selenocompound metabolism [ko00450]","Selenocompound metabolism"
"kegg_pathway","ko00500","global_BL15_vs_Ctrl","global_diet_adjusted_time","diet_code","Ctrl","BL15",0.0102718274510925,5.19473745836721,0.051578984938329,0.958978298497976,0.970240249744685,-4.67715218489482,45,45,"timepoint",FALSE,"Starch and sucrose metabolism","Normalized aggregation from KO to KEGG pathway using PICRUSt2 maps",,,,"Metabolism","Starch and sucrose metabolism [ko00500]","Starch and sucrose metabolism"
"kegg_pathway","ko00510","global_BL15_vs_Ctrl","global_diet_adjusted_time","diet_code","Ctrl","BL15",-0.218216047431585,-5.49317407169709,-0.43701977942632,0.663142203787641,0.965958536082947,-4.66274170484203,45,45,"timepoint",FALSE,"N-Glycan biosynthesis","Normalized aggregation from KO to KEGG pathway using PICRUSt2 maps",,,,"Metabolism","N-Glycan biosynthesis [ko00510]","N-Glycan biosynthesis"
"kegg_pathway","ko00513","global_BL15_vs_Ctrl","global_diet_adjusted_time","diet_code","Ctrl","BL15",-0.66462446752892,-7.93472123330083,-2.44127118367799,0.0165894163893837,0.771407862106341,-4.2467239772395,45,45,"timepoint",FALSE,"Various types of N-glycan biosynthesis","Normalized aggregation from KO to KEGG pathway using PICRUSt2 maps",,,,"Metabolism","Various types of N-glycan biosynthesis [ko00513]","Various types of N-glycan biosynthesis"
"kegg_pathway","ko00514","global_BL15_vs_Ctrl","global_diet_adjusted_time","diet_code","Ctrl","BL15",-0.347025433413778,-5.82869889391607,-0.762445813272075,0.447784615480469,0.965958536082947,-4.63304969835397,45,45,"timepoint",FALSE,"Other types of O-glycan biosynthesis","Normalized aggregation from KO to KEGG pathway using PICRUSt2 maps",,,,"Metabolism","Other types of O-glycan biosynthesis [ko00514]","Other types of O-glycan biosynthesis"
"kegg_pathway","ko00524","global_BL15_vs_Ctrl","global_diet_adjusted_time","diet_code","Ctrl","BL15",0.760935999534414,-0.840868673129457,1.53926251030207,0.127243536603915,0.965958536082947,-4.50000594064219,45,45,"timepoint",FALSE,"Butirosin and neomycin biosynthesis","Normalized aggregation from KO to KEGG pathway using PICRUSt2 maps",,,,"Metabolism","Butirosin and neomycin biosynthesis [ko00524]","Butirosin and neomycin biosynthesis"
"kegg_pathway","ko00531","global_BL15_vs_Ctrl","global_diet_adjusted_time","diet_code","Ctrl","BL15",-0.00987221922682454,0.927031379025972,-0.0374107276465692,0.970240249744685,0.970240249744685,-4.6772488496162,45,45,"timepoint",FALSE,"Glycosaminoglycan degradation","Normalized aggregation from KO to KEGG pathway using PICRUSt2 maps",,,,"Metabolism","Glycosaminoglycan degradation [ko00531]","Glycosaminoglycan degradation"
"kegg_pathway","ko00561","global_BL15_vs_Ctrl","global_diet_adjusted_time","diet_code","Ctrl","BL15",0.0881157153365539,4.02679191265915,0.455069575892145,0.650153397269492,0.965958536082947,-4.66151217300077,45,45,"timepoint",FALSE,"Glycerolipid metabolism","Normalized aggregation from KO to KEGG pathway using PICRUSt2 maps",,,,"Metabolism","Glycerolipid metabolism [ko00561]","Glycerolipid metabolism"
"kegg_pathway","ko00562","global_BL15_vs_Ctrl","global_diet_adjusted_time","diet_code","Ctrl","BL15",0.189989710192918,3.28648682538426,0.823052288249828,0.412650481752204,0.965958536082947,-4.62577645861329,45,45,"timepoint",FALSE,"Inositol phosphate metabolism","Normalized aggregation from KO to KEGG pathway using PICRUSt2 maps",,,,"Metabolism","Inositol phosphate metabolism [ko00562]","Inositol phosphate metabolism"
"kegg_pathway","ko00564","global_BL15_vs_Ctrl","global_diet_adjusted_time","diet_code","Ctrl","BL15",0.164882505176376,4.99738746902275,0.854224212429457,0.395245382854051,0.965958536082947,-4.62182502055588,45,45,"timepoint",FALSE,"Glycerophospholipid metabolism","Normalized aggregation from KO to KEGG pathway using PICRUSt2 maps",,,,"Metabolism","Glycerophospholipid metabolism [ko00564]","Glycerophospholipid metabolism"
"kegg_pathway","ko00565","global_BL15_vs_Ctrl","global_diet_adjusted_time","diet_code","Ctrl","BL15",-0.137927571701028,-6.17686407941983,-0.292008726073386,0.770950985055524,0.965958536082947,-4.67082421670816,45,45,"timepoint",FALSE,"Ether lipid metabolism","Normalized aggregation from KO to KEGG pathway using PICRUSt2 maps",,,,"Metabolism","Ether lipid metabolism [ko00565]","Ether lipid metabolism"
"kegg_pathway","ko00590","global_BL15_vs_Ctrl","global_diet_adjusted_time","diet_code","Ctrl","BL15",-0.069969725434971,-0.160181977232816,-0.353849711100693,0.724277873008052,0.965958536082947,-4.66776854365783,45,45,"timepoint",FALSE,"Arachidonic acid metabolism","Normalized aggregation from KO to KEGG pathway using PICRUSt2 maps",,,,"Metabolism","Arachidonic acid metabolism [ko00590]","Arachidonic acid metabolism"
"kegg_pathway","ko00591","global_BL15_vs_Ctrl","global_diet_adjusted_time","diet_code","Ctrl","BL15",0.32151594917157,-4.4470424021934,0.545390839855143,0.586831841857007,0.965958536082947,-4.654619682849,45,45,"timepoint",FALSE,"Linoleic acid metabolism","Normalized aggregation from KO to KEGG pathway using PICRUSt2 maps",,,,"Metabolism","Linoleic acid metabolism [ko00591]","Linoleic acid metabolism"
"kegg_pathway","ko00592","global_BL15_vs_Ctrl","global_diet_adjusted_time","diet_code","Ctrl","BL15",0.342625789333866,1.43515235779225,1.13666700790026,0.258690399450455,0.965958536082947,-4.5795916477739,45,45,"timepoint",FALSE,"alpha-Linolenic acid metabolism","Normalized aggregation from KO to KEGG pathway using PICRUSt2 maps",,,,"Metabolism","alpha-Linolenic acid metabolism [ko00592]","alpha-Linolenic acid metabolism"
"kegg_pathway","ko00600","global_BL15_vs_Ctrl","global_diet_adjusted_time","diet_code","Ctrl","BL15",-0.0132218850858324,1.1505915661591,-0.0680477175433304,0.945898372059784,0.970240249744685,-4.67700114708203,45,45,"timepoint",FALSE,"Sphingolipid metabolism","Normalized aggregation from KO to KEGG pathway using PICRUSt2 maps",,,,"Metabolism","Sphingolipid metabolism [ko00600]","Sphingolipid metabolism"
"kegg_pathway","ko00604","global_BL15_vs_Ctrl","global_diet_adjusted_time","diet_code","Ctrl","BL15",0.16342506695873,0.450240426665632,0.490523603923003,0.624955439042067,0.965958536082947,-4.65895353680245,45,45,"timepoint",FALSE,"Glycosphingolipid biosynthesis - ganglio series","Normalized aggregation from KO to KEGG pathway using PICRUSt2 maps",,,,"Metabolism","Glycosphingolipid biosynthesis - ganglio series [ko00604]","Glycosphingolipid biosynthesis - ganglio series"
"kegg_pathway","ko00620","global_BL15_vs_Ctrl","global_diet_adjusted_time","diet_code","Ctrl","BL15",0.0965566065091933,5.22383006767715,0.574559482818978,0.567020495714837,0.965958536082947,-4.65213108394108,45,45,"timepoint",FALSE,"Pyruvate metabolism","Normalized aggregation from KO to KEGG pathway using PICRUSt2 maps",,,,"Metabolism","Pyruvate metabolism [ko00620]","Pyruvate metabolism"
"kegg_pathway","ko00621","global_BL15_vs_Ctrl","global_diet_adjusted_time","diet_code","Ctrl","BL15",-0.208894917816848,0.00515272315287436,-1.17594262767318,0.24271437204339,0.965958536082947,-4.57281482444591,45,45,"timepoint",FALSE,"Dioxin degradation","Normalized aggregation from KO to KEGG pathway using PICRUSt2 maps",,,,"Metabolism","Dioxin degradation [ko00621]","Dioxin degradation"
"kegg_pathway","ko00622","global_BL15_vs_Ctrl","global_diet_adjusted_time","diet_code","Ctrl","BL15",-0.141463366268253,-0.183161460413621,-0.786419500304409,0.433684440986045,0.965958536082947,-4.63023745804795,45,45,"timepoint",FALSE,"Xylene degradation","Normalized aggregation from KO to KEGG pathway using PICRUSt2 maps",,,,"Metabolism","Xylene degradation [ko00622]","Xylene degradation"
"kegg_pathway","ko00623","global_BL15_vs_Ctrl","global_diet_adjusted_time","diet_code","Ctrl","BL15",0.0362745598397412,2.81408303002236,0.16418265790225,0.869954957440975,0.965958536082947,-4.67528999150621,45,45,"timepoint",FALSE,"Toluene degradation","Normalized aggregation from KO to KEGG pathway using PICRUSt2 maps",,,,"Metabolism","Toluene degradation [ko00623]","Toluene degradation"
"kegg_pathway","ko00624","global_BL15_vs_Ctrl","global_diet_adjusted_time","diet_code","Ctrl","BL15",0.16040056833832,-3.55589250527967,0.357638687900628,0.721449797289436,0.965958536082947,-4.66756238894165,45,45,"timepoint",FALSE,"Polycyclic aromatic hydrocarbon degradation","Normalized aggregation from KO to KEGG pathway using PICRUSt2 maps",,,,"Metabolism","Polycyclic aromatic hydrocarbon degradation [ko00624]","Polycyclic aromatic hydrocarbon degradation"
"kegg_pathway","ko00625","global_BL15_vs_Ctrl","global_diet_adjusted_time","diet_code","Ctrl","BL15",-0.0441307296906676,1.00941737995009,-0.251407066730691,0.80207168362867,0.965958536082947,-4.67251327645102,45,45,"timepoint",FALSE,"Chloroalkane and chloroalkene degradation","Normalized aggregation from KO to KEGG pathway using PICRUSt2 maps",,,,"Metabolism","Chloroalkane and chloroalkene degradation [ko00625]","Chloroalkane and chloroalkene degradation"
"kegg_pathway","ko00626","global_BL15_vs_Ctrl","global_diet_adjusted_time","diet_code","Ctrl","BL15",0.0302401159942423,0.746445244456556,0.167263303184477,0.86753755992953,0.965958536082947,-4.67521174955053,45,45,"timepoint",FALSE,"Naphthalene degradation","Normalized aggregation from KO to KEGG pathway using PICRUSt2 maps",,,,"Metabolism","Naphthalene degradation [ko00626]","Naphthalene degradation"
"kegg_pathway","ko00627","global_BL15_vs_Ctrl","global_diet_adjusted_time","diet_code","Ctrl","BL15",-0.0774343701947163,2.03679015951053,-0.410155371340485,0.682665225143321,0.965958536082947,-4.66448023530157,45,45,"timepoint",FALSE,"Aminobenzoate degradation","Normalized aggregation from KO to KEGG pathway using PICRUSt2 maps",,,,"Metabolism","Aminobenzoate degradation [ko00627]","Aminobenzoate degradation"
"kegg_pathway","ko00630","global_BL15_vs_Ctrl","global_diet_adjusted_time","diet_code","Ctrl","BL15",0.0336275344809548,3.99419124207179,0.160877983389627,0.872549525502547,0.965958536082947,-4.67537230815421,45,45,"timepoint",FALSE,"Glyoxylate and dicarboxylate metabolism","Normalized aggregation from KO to KEGG pathway using PICRUSt2 maps",,,,"Metabolism","Glyoxylate and dicarboxylate metabolism [ko00630]","Glyoxylate and dicarboxylate metabolism"
"kegg_pathway","ko00633","global_BL15_vs_Ctrl","global_diet_adjusted_time","diet_code","Ctrl","BL15",0.161855095053734,2.22971047395499,0.738660935673365,0.462031971360051,0.965958536082947,-4.6357557671148,45,45,"timepoint",FALSE,"Nitrotoluene degradation","Normalized aggregation from KO to KEGG pathway using PICRUSt2 maps",,,,"Metabolism","Nitrotoluene degradation [ko00633]","Nitrotoluene degradation"
"kegg_pathway","ko00680","global_BL15_vs_Ctrl","global_diet_adjusted_time","diet_code","Ctrl","BL15",0.137741486645781,4.89266399090928,0.789719029444456,0.431764451289136,0.965958536082947,-4.62984376027023,45,45,"timepoint",FALSE,"Methane metabolism","Normalized aggregation from KO to KEGG pathway using PICRUSt2 maps",,,,"Metabolism","Methane metabolism [ko00680]","Methane metabolism"
"kegg_pathway","ko00740","global_BL15_vs_Ctrl","global_diet_adjusted_time","diet_code","Ctrl","BL15",0.0865684463658906,4.10300430338313,0.504356721963933,0.615241419551281,0.965958536082947,-4.65790370556952,45,45,"timepoint",FALSE,"Riboflavin metabolism","Normalized aggregation from KO to KEGG pathway using PICRUSt2 maps",,,,"Metabolism","Riboflavin metabolism [ko00740]","Riboflavin metabolism"
"kegg_pathway","ko00750","global_BL15_vs_Ctrl","global_diet_adjusted_time","diet_code","Ctrl","BL15",0.148604658787687,3.00157784001418,0.523457419731772,0.601940557647746,0.965958536082947,-4.65640662876754,45,45,"timepoint",FALSE,"Vitamin B6 metabolism","Normalized aggregation from KO to KEGG pathway using PICRUSt2 maps",,,,"Metabolism","Vitamin B6 metabolism [ko00750]","Vitamin B6 metabolism"
"kegg_pathway","ko00760","global_BL15_vs_Ctrl","global_diet_adjusted_time","diet_code","Ctrl","BL15",0.175256076288806,4.95286380148364,0.923417939482977,0.358254793834699,0.965958536082947,-4.61254554206093,45,45,"timepoint",FALSE,"Nicotinate and nicotinamide metabolism","Normalized aggregation from KO to KEGG pathway using PICRUSt2 maps",,,,"Metabolism","Nicotinate and nicotinamide metabolism [ko00760]","Nicotinate and nicotinamide metabolism"
"kegg_pathway","ko00920","global_BL15_vs_Ctrl","global_diet_adjusted_time","diet_code","Ctrl","BL15",0.0723840683849511,3.4633489426346,0.316326806587481,0.752485847006577,0.965958536082947,-4.66969213579342,45,45,"timepoint",FALSE,"Sulfur metabolism","Normalized aggregation from KO to KEGG pathway using PICRUSt2 maps",,,,"Metabolism","Sulfur metabolism [ko00920]","Sulfur metabolism"
"kegg_pathway","ko00940","global_BL15_vs_Ctrl","global_diet_adjusted_time","diet_code","Ctrl","BL15",-0.304392220395103,1.051329165881,-1.28738809048927,0.201254910721743,0.965958536082947,-4.55240762427348,45,45,"timepoint",FALSE,"Phenylpropanoid biosynthesis","Normalized aggregation from KO to KEGG pathway using PICRUSt2 maps",,,,"Metabolism","Phenylpropanoid biosynthesis [ko00940]","Phenylpropanoid biosynthesis"
"kegg_pathway","ko00941","global_BL15_vs_Ctrl","global_diet_adjusted_time","diet_code","Ctrl","BL15",-0.0539815373883198,-3.62328394393006,-0.0974694770140271,0.922569981393691,0.970240249744685,-4.67662782929679,45,45,"timepoint",FALSE,"Flavonoid biosynthesis","Normalized aggregation from KO to KEGG pathway using PICRUSt2 maps",,,,"Metabolism","Flavonoid biosynthesis [ko00941]","Flavonoid biosynthesis"
"kegg_pathway","ko00943","global_BL15_vs_Ctrl","global_diet_adjusted_time","diet_code","Ctrl","BL15",-0.573404995976184,-7.74598730640566,-1.82279384889599,0.0716499876680601,0.965958536082947,-4.4310032813194,45,45,"timepoint",FALSE,"Isoflavonoid biosynthesis","Normalized aggregation from KO to KEGG pathway using PICRUSt2 maps",,,,"Metabolism","Isoflavonoid biosynthesis [ko00943]","Isoflavonoid biosynthesis"
"kegg_pathway","ko00945","global_BL15_vs_Ctrl","global_diet_adjusted_time","diet_code","Ctrl","BL15",0.093554408891534,-4.16596768102204,0.171531345823661,0.86419049062563,0.965958536082947,-4.67510094959632,45,45,"timepoint",FALSE,"Stilbenoid, diarylheptanoid and gingerol biosynthesis","Normalized aggregation from KO to KEGG pathway using PICRUSt2 maps",,,,"Metabolism","Stilbenoid, diarylheptanoid and gingerol biosynthesis [ko00945]","Stilbenoid, diarylheptanoid and gingerol biosynthesis"
"kegg_pathway","ko00950","global_BL15_vs_Ctrl","global_diet_adjusted_time","diet_code","Ctrl","BL15",-0.0514840947044654,1.0384766456435,-0.254781569323469,0.799472206204437,0.965958536082947,-4.67238248429523,45,45,"timepoint",FALSE,"Isoquinoline alkaloid biosynthesis","Normalized aggregation from KO to KEGG pathway using PICRUSt2 maps",,,,"Metabolism","Isoquinoline alkaloid biosynthesis [ko00950]","Isoquinoline alkaloid biosynthesis"
"kegg_pathway","ko01051","global_BL15_vs_Ctrl","global_diet_adjusted_time","diet_code","Ctrl","BL15",0.175981345278584,3.31731117367234,0.765724934893188,0.445840493356929,0.965958536082947,-4.63267005526821,45,45,"timepoint",FALSE,"Biosynthesis of ansamycins","Normalized aggregation from KO to KEGG pathway using PICRUSt2 maps",,,,"Metabolism","Biosynthesis of ansamycins [ko01051]","Biosynthesis of ansamycins"
"kegg_pathway","ko01053","global_BL15_vs_Ctrl","global_diet_adjusted_time","diet_code","Ctrl","BL15",0.0791025600522556,1.3679398554549,0.302111319099755,0.763263195046078,0.965958536082947,-4.67036485883532,45,45,"timepoint",FALSE,"Biosynthesis of siderophore group nonribosomal peptides","Normalized aggregation from KO to KEGG pathway using PICRUSt2 maps",,,,"Metabolism","Biosynthesis of siderophore group nonribosomal peptides [ko01053]","Biosynthesis of siderophore group nonribosomal peptides"
"kegg_pathway","ko01055","global_BL15_vs_Ctrl","global_diet_adjusted_time","diet_code","Ctrl","BL15",-0.0368389827191256,1.51095886460355,-0.162782396794911,0.871054159227062,0.965958536082947,-4.6753250749502,45,45,"timepoint",FALSE,"Biosynthesis of vancomycin group antibiotics","Normalized aggregation from KO to KEGG pathway using PICRUSt2 maps",,,,"Metabolism","Biosynthesis of vancomycin group antibiotics [ko01055]","Biosynthesis of vancomycin group antibiotics"
"kegg_pathway","ko03030","global_BL15_vs_Ctrl","global_diet_adjusted_time","diet_code","Ctrl","BL15",0.190762395842425,5.09680185275652,0.824161524113905,0.41202331105021,0.965958536082947,-4.62563829813259,45,45,"timepoint",FALSE,"DNA replication","Normalized aggregation from KO to KEGG pathway using PICRUSt2 maps",,,,"Genetic information processing","DNA replication [ko03030]","DNA replication"
"kegg_pathway","ko03040","global_BL15_vs_Ctrl","global_diet_adjusted_time","diet_code","Ctrl","BL15",-0.391402248412246,-7.11611560639698,-0.858836650896852,0.392708842633649,0.965958536082947,-4.62122822685193,45,45,"timepoint",FALSE,"Spliceosome","Normalized aggregation from KO to KEGG pathway using PICRUSt2 maps",,,,"Genetic information processing","Spliceosome [ko03040]","Spliceosome"
"kegg_pathway","ko03060","global_BL15_vs_Ctrl","global_diet_adjusted_time","diet_code","Ctrl","BL15",0.167307796602195,4.64514840528699,0.783317714291863,0.435493932619502,0.965958536082947,-4.6306060959197,45,45,"timepoint",FALSE,"Protein export","Normalized aggregation from KO to KEGG pathway using PICRUSt2 maps",,,,"Genetic information processing","Protein export [ko03060]","Protein export"
"kegg_pathway","ko03070","global_BL15_vs_Ctrl","global_diet_adjusted_time","diet_code","Ctrl","BL15",0.163542554465914,5.39306394825526,0.927525046937377,0.356131011748794,0.965958536082947,-4.61197279246253,45,45,"timepoint",FALSE,"Bacterial secretion system","Normalized aggregation from KO to KEGG pathway using PICRUSt2 maps",,,,"Genetic information processing","Bacterial secretion system [ko03070]","Bacterial secretion system"
"kegg_pathway","ko03440","global_BL15_vs_Ctrl","global_diet_adjusted_time","diet_code","Ctrl","BL15",0.161076948753685,5.35754347967431,0.758212544512131,0.450301660210322,0.965958536082947,-4.63353745619139,45,45,"timepoint",FALSE,"Homologous recombination","Normalized aggregation from KO to KEGG pathway using PICRUSt2 maps",,,,"Genetic information processing","Homologous recombination [ko03440]","Homologous recombination"
"kegg_pathway","ko03450","global_BL15_vs_Ctrl","global_diet_adjusted_time","diet_code","Ctrl","BL15",-0.335550631059526,-5.70010314047836,-0.614661847847841,0.54032659773149,0.965958536082947,-4.64850100539387,45,45,"timepoint",FALSE,"Non-homologous end-joining","Normalized aggregation from KO to KEGG pathway using PICRUSt2 maps",,,,"Genetic information processing","Non-homologous end-joining [ko03450]","Non-homologous end-joining"
"kegg_pathway","ko04115","global_BL15_vs_Ctrl","global_diet_adjusted_time","diet_code","Ctrl","BL15",-0.216224036498209,-6.01137278487327,-0.447993747666388,0.655232644173037,0.965958536082947,-4.66200005123214,45,45,"timepoint",FALSE,"p53 signaling pathway","Normalized aggregation from KO to KEGG pathway using PICRUSt2 maps",,,,"Cellular processes","p53 signaling pathway [ko04115]","p53 signaling pathway"
"kegg_pathway","ko04141","global_BL15_vs_Ctrl","global_diet_adjusted_time","diet_code","Ctrl","BL15",-0.178589792938486,0.787703303669825,-0.921253071062133,0.359377499069522,0.965958536082947,-4.61284645252851,45,45,"timepoint",FALSE,"Protein processing in endoplasmic reticulum","Normalized aggregation from KO to KEGG pathway using PICRUSt2 maps",,,,"Cellular processes","Protein processing in endoplasmic reticulum [ko04141]","Protein processing in endoplasmic reticulum"
"kegg_pathway","ko04142","global_BL15_vs_Ctrl","global_diet_adjusted_time","diet_code","Ctrl","BL15",0.0728873721502738,1.6189449638478,0.269127826762397,0.788446399183986,0.965958536082947,-4.67180702673115,45,45,"timepoint",FALSE,"Lysosome","Normalized aggregation from KO to KEGG pathway using PICRUSt2 maps",,,,"Cellular processes","Lysosome [ko04142]","Lysosome"
"kegg_pathway","ko04146","global_BL15_vs_Ctrl","global_diet_adjusted_time","diet_code","Ctrl","BL15",0.0207953620064847,2.94469907707775,0.0987357953388687,0.921567294168835,0.970240249744685,-4.67660878356346,45,45,"timepoint",FALSE,"Peroxisome","Normalized aggregation from KO to KEGG pathway using PICRUSt2 maps",,,,"Cellular processes","Peroxisome [ko04146]","Peroxisome"
"kegg_pathway","ko04260","global_BL15_vs_Ctrl","global_diet_adjusted_time","diet_code","Ctrl","BL15",0.390011869901271,0.892471845598884,1.19428602075402,0.235499483463851,0.965958536082947,-4.56957530246624,45,45,"timepoint",FALSE,"Cardiac muscle contraction","Normalized aggregation from KO to KEGG pathway using PICRUSt2 maps",,,,"Cellular processes","Cardiac muscle contraction [ko04260]","Cardiac muscle contraction"
"kegg_pathway","ko04380","global_BL15_vs_Ctrl","global_diet_adjusted_time","diet_code","Ctrl","BL15",-0.674569404844891,-7.50894456995741,-1.89509077479384,0.0612854748654289,0.965958536082947,-4.41178137997747,45,45,"timepoint",FALSE,"Osteoclast differentiation","Normalized aggregation from KO to KEGG pathway using PICRUSt2 maps",,,,"Cellular processes","Osteoclast differentiation [ko04380]","Osteoclast differentiation"
"kegg_pathway","ko04712","global_BL15_vs_Ctrl","global_diet_adjusted_time","diet_code","Ctrl","BL15",0.681841912924886,0.699448369275766,1.56271866520787,0.121623067007759,0.965958536082947,-4.49469265449464,45,45,"timepoint",FALSE,"Circadian rhythm - plant","Normalized aggregation from KO to KEGG pathway using PICRUSt2 maps",,,,"Organismal systems","Circadian rhythm - plant [ko04712]","Circadian rhythm - plant"
"kegg_pathway","ko04910","global_BL15_vs_Ctrl","global_diet_adjusted_time","diet_code","Ctrl","BL15",-0.126456380295097,1.33420453893346,-0.61120471957376,0.542602417270518,0.965958536082947,-4.64882344564826,45,45,"timepoint",FALSE,"Insulin signaling pathway","Normalized aggregation from KO to KEGG pathway using PICRUSt2 maps",,,,"Organismal systems","Insulin signaling pathway [ko04910]","Insulin signaling pathway"
"kegg_pathway","ko04914","global_BL15_vs_Ctrl","global_diet_adjusted_time","diet_code","Ctrl","BL15",-0.0445147295596764,0.358278814601773,-0.206796389571848,0.83663531080406,0.965958536082947,-4.67407878443693,45,45,"timepoint",FALSE,"Progesterone-mediated oocyte maturation","Normalized aggregation from KO to KEGG pathway using PICRUSt2 maps",,,,"Organismal systems","Progesterone-mediated oocyte maturation [ko04914]","Progesterone-mediated oocyte maturation"
"kegg_pathway","ko04916","global_BL15_vs_Ctrl","global_diet_adjusted_time","diet_code","Ctrl","BL15",-0.449751156827213,-7.14998372366043,-1.07308148767259,0.286099045960683,0.965958536082947,-4.59009961388043,45,45,"timepoint",FALSE,"Melanogenesis","Normalized aggregation from KO to KEGG pathway using PICRUSt2 maps",,,,"Organismal systems","Melanogenesis [ko04916]","Melanogenesis"
"kegg_pathway","ko04940","global_BL15_vs_Ctrl","global_diet_adjusted_time","diet_code","Ctrl","BL15",-0.0326283824254467,1.90564518954054,-0.147756034510856,0.882865328677962,0.965958536082947,-4.67568266372379,45,45,"timepoint",FALSE,"Type I diabetes mellitus","Normalized aggregation from KO to KEGG pathway using PICRUSt2 maps",,,,"Organismal systems","Type I diabetes mellitus [ko04940]","Type I diabetes mellitus"
"kegg_pathway","ko04964","global_BL15_vs_Ctrl","global_diet_adjusted_time","diet_code","Ctrl","BL15",0.0511877529672627,1.38315706061792,0.222145575356527,0.824703118309058,0.965958536082947,-4.67357446738034,45,45,"timepoint",FALSE,"Proximal tubule bicarbonate reclamation","Normalized aggregation from KO to KEGG pathway using PICRUSt2 maps",,,,"Organismal systems","Proximal tubule bicarbonate reclamation [ko04964]","Proximal tubule bicarbonate reclamation"
"kegg_pathway","ko04973","global_BL15_vs_Ctrl","global_diet_adjusted_time","diet_code","Ctrl","BL15",-0.17509721053784,0.195978752048389,-0.516413287165785,0.606830435027144,0.965958536082947,-4.65696514071832,45,45,"timepoint",FALSE,"Carbohydrate digestion and absorption","Normalized aggregation from KO to KEGG pathway using PICRUSt2 maps",,,,"Organismal systems","Carbohydrate digestion and absorption [ko04973]","Carbohydrate digestion and absorption"
"kegg_pathway","ko04974","global_BL15_vs_Ctrl","global_diet_adjusted_time","diet_code","Ctrl","BL15",-0.299147308846018,-5.50761789049907,-0.62335580210894,0.534624921528797,0.965958536082947,-4.64768222353526,45,45,"timepoint",FALSE,"Protein digestion and absorption","Normalized aggregation from KO to KEGG pathway using PICRUSt2 maps",,,,"Organismal systems","Protein digestion and absorption [ko04974]","Protein digestion and absorption"
"kegg_pathway","ko04976","global_BL15_vs_Ctrl","global_diet_adjusted_time","diet_code","Ctrl","BL15",0.195400389353606,0.699489515888186,0.524217342642323,0.60141411736941,0.965958536082947,-4.65634592920449,45,45,"timepoint",FALSE,"Bile secretion","Normalized aggregation from KO to KEGG pathway using PICRUSt2 maps",,,,"Organismal systems","Bile secretion [ko04976]","Bile secretion"
"kegg_pathway","ko05016","global_BL15_vs_Ctrl","global_diet_adjusted_time","diet_code","Ctrl","BL15",0.232842816865332,1.76497643854943,0.809853177703898,0.42015741525468,0.965958536082947,-4.62740657668035,45,45,"timepoint",FALSE,"Huntington's disease","Normalized aggregation from KO to KEGG pathway using PICRUSt2 maps",,,,"Human diseases","Huntington's disease [ko05016]","Huntington's disease"
"kegg_pathway","ko05110","global_BL15_vs_Ctrl","global_diet_adjusted_time","diet_code","Ctrl","BL15",0.180859194584844,-4.15250976285804,0.381366508450638,0.703828789804936,0.965958536082947,-4.6662217282116,45,45,"timepoint",FALSE,"Vibrio cholerae infection","Normalized aggregation from KO to KEGG pathway using PICRUSt2 maps",,,,"Human diseases","Vibrio cholerae infection [ko05110]","Vibrio cholerae infection"
"kegg_pathway","ko05120","global_BL15_vs_Ctrl","global_diet_adjusted_time","diet_code","Ctrl","BL15",0.0692621005467053,2.54682700373138,0.321220913986073,0.748786623184396,0.965958536082947,-4.66945340332069,45,45,"timepoint",FALSE,"Epithelial cell signaling in Helicobacter pylori infection","Normalized aggregation from KO to KEGG pathway using PICRUSt2 maps",,,,"Human diseases","Epithelial cell signaling in Helicobacter pylori infection [ko05120]","Epithelial cell signaling in Helicobacter pylori infection"
"kegg_pathway","ko05142","global_BL15_vs_Ctrl","global_diet_adjusted_time","diet_code","Ctrl","BL15",1.04520969916487,-3.04098914846392,2.67250488566166,0.00893564223898822,0.771407862106341,-4.16711116063821,45,45,"timepoint",FALSE,"Chagas disease (American trypanosomiasis)","Normalized aggregation from KO to KEGG pathway using PICRUSt2 maps",,,,"Human diseases","Chagas disease (American trypanosomiasis) [ko05142]","Chagas disease (American trypanosomiasis)"
"kegg_pathway","ko05210","global_BL15_vs_Ctrl","global_diet_adjusted_time","diet_code","Ctrl","BL15",-0.127417915839099,-6.27751023070099,-0.305597004771945,0.760616140531438,0.965958536082947,-4.67020275571251,45,45,"timepoint",FALSE,"Colorectal cancer","Normalized aggregation from KO to KEGG pathway using PICRUSt2 maps",,,,"Human diseases","Colorectal cancer [ko05210]","Colorectal cancer"
"kegg_pathway","ko05211","global_BL15_vs_Ctrl","global_diet_adjusted_time","diet_code","Ctrl","BL15",0.871041158016842,-2.12327126723849,2.06602311827317,0.0416963888809882,0.965958536082947,-4.36381144982741,45,45,"timepoint",FALSE,"Renal cell carcinoma","Normalized aggregation from KO to KEGG pathway using PICRUSt2 maps",,,,"Human diseases","Renal cell carcinoma [ko05211]","Renal cell carcinoma"
"kegg_pathway","ko05215","global_BL15_vs_Ctrl","global_diet_adjusted_time","diet_code","Ctrl","BL15",-0.0445147295596764,0.358278814601773,-0.206796389571848,0.83663531080406,0.965958536082947,-4.67407878443693,45,45,"timepoint",FALSE,"Prostate cancer","Normalized aggregation from KO to KEGG pathway using PICRUSt2 maps",,,,"Human diseases","Prostate cancer [ko05215]","Prostate cancer"
"kegg_pathway","ko05219","global_BL15_vs_Ctrl","global_diet_adjusted_time","diet_code","Ctrl","BL15",0.394017822630913,1.78924309960886,1.06509846994322,0.289676201828153,0.965958536082947,-4.59137817625559,45,45,"timepoint",FALSE,"Bladder cancer","Normalized aggregation from KO to KEGG pathway using PICRUSt2 maps",,,,"Human diseases","Bladder cancer [ko05219]","Bladder cancer"
"kegg_pathway","ko05222","global_BL15_vs_Ctrl","global_diet_adjusted_time","diet_code","Ctrl","BL15",-0.127417915839099,-6.27751023070099,-0.305597004771945,0.760616140531438,0.965958536082947,-4.67020275571251,45,45,"timepoint",FALSE,"Small cell lung cancer","Normalized aggregation from KO to KEGG pathway using PICRUSt2 maps",,,,"Human diseases","Small cell lung cancer [ko05222]","Small cell lung cancer"
"kegg_pathway","ko05340","global_BL15_vs_Ctrl","global_diet_adjusted_time","diet_code","Ctrl","BL15",0.124952054824383,2.95964892693169,0.622475424153885,0.535200884347608,0.965958536082947,-4.64776565109141,45,45,"timepoint",FALSE,"Primary immunodeficiency","Normalized aggregation from KO to KEGG pathway using PICRUSt2 maps",,,,"Human diseases","Primary immunodeficiency [ko05340]","Primary immunodeficiency"
"kegg_pathway","ko05416","global_BL15_vs_Ctrl","global_diet_adjusted_time","diet_code","Ctrl","BL15",-0.127417915839099,-6.27751023070099,-0.305597004771945,0.760616140531438,0.965958536082947,-4.67020275571251,45,45,"timepoint",FALSE,"Viral myocarditis","Normalized aggregation from KO to KEGG pathway using PICRUSt2 maps",,,,"Human diseases","Viral myocarditis [ko05416]","Viral myocarditis"
